ISO-10303-21;
HEADER;
/*Generated by software containing ST-Developer
 * from STEP Tools, Inc. (www.steptools.com) 
 */
/*OPTION: using custom renumber hook */
/*description */
/*implementation_level */
FILE_DESCRIPTION(('STEP AP242 Edition 2','STEP AP242 Edition 2''CAx-IF Rec.Pracs.---Representation and Presentation of Product Manufa
cturing Information (PMI)---4.0---2014-10-13','STEP AP242 Edition 2''CAx-IF Rec.Pracs.---Representation and Presentation of Product Manufa
cturing Information (PMI)---4.0---2014-10-13''CAx-IF Rec.Pracs.---3D Tessellated Geometry---0.4---2014-09-14','STEP AP242 Edition 2''CAx-IF Rec.Pracs.---Representation and Presentation of Product Manufa
cturing Information (PMI)---4.0---2014-10-13''CAx-IF Rec.Pracs.---3D Tessellated Geometry---0.4---2014-09-14''2;1','STEP AP242 Edition 2''CAx-IF Rec.Pracs.---Representation and Presentation of Product Manufa
cturing Information (PMI)---4.0---2014-10-13''CAx-IF Rec.Pracs.---3D Tessellated Geometry---0.4---2014-09-14''2;1''CAx-IF Rec.Pracs.---User Defined Attributes---1.5---2016-08-15'),'2;1');
/*name */
/*time_stamp */
/*author */
/*organization */
/*preprocessor_version */
/*originating_system */
/*authorisation */
FILE_NAME('/vol/tmp/translate-5968264049412899509/parts - Bottom Case.step','2026-03-19T21:01:17',(''),(''),'ST-DEVELOPER v20','ONSHAPE BY PTC INC, 1.212','  ');
FILE_SCHEMA(('AP242_MANAGED_MODEL_BASED_3D_ENGINEERING_MIM_LF { 1 0 10303 442 3 1 4 }'));
ENDSEC;
DATA;
#10=SHAPE_REPRESENTATION_RELATIONSHIP('','',#2179,#11);
#11=ADVANCED_BREP_SHAPE_REPRESENTATION('',(#2177),#3561);
#12=SPHERICAL_SURFACE('',#2331,0.002);
#13=SPHERICAL_SURFACE('',#2342,0.002);
#14=SPHERICAL_SURFACE('',#2344,0.002);
#15=SPHERICAL_SURFACE('',#2350,0.002);
#16=CYLINDRICAL_SURFACE('',#2268,0.003125);
#17=CYLINDRICAL_SURFACE('',#2271,0.003125);
#18=CYLINDRICAL_SURFACE('',#2274,0.003125);
#19=CYLINDRICAL_SURFACE('',#2277,0.00325);
#20=CYLINDRICAL_SURFACE('',#2280,0.003125);
#21=CYLINDRICAL_SURFACE('',#2283,0.003125);
#22=CYLINDRICAL_SURFACE('',#2286,0.003125);
#23=CYLINDRICAL_SURFACE('',#2289,0.00325);
#24=CYLINDRICAL_SURFACE('',#2292,0.00325);
#25=CYLINDRICAL_SURFACE('',#2295,0.00325);
#26=CYLINDRICAL_SURFACE('',#2321,0.001);
#27=CYLINDRICAL_SURFACE('',#2322,0.001);
#28=CYLINDRICAL_SURFACE('',#2323,0.001);
#29=CYLINDRICAL_SURFACE('',#2324,0.001);
#30=CYLINDRICAL_SURFACE('',#2325,0.002);
#31=CYLINDRICAL_SURFACE('',#2326,0.002);
#32=CYLINDRICAL_SURFACE('',#2327,0.002);
#33=CYLINDRICAL_SURFACE('',#2328,0.002);
#34=CYLINDRICAL_SURFACE('',#2329,0.002);
#35=CYLINDRICAL_SURFACE('',#2334,0.002);
#36=CYLINDRICAL_SURFACE('',#2336,0.002);
#37=CYLINDRICAL_SURFACE('',#2338,0.002);
#38=CYLINDRICAL_SURFACE('',#2340,0.002);
#39=CYLINDRICAL_SURFACE('',#2346,0.002);
#40=CYLINDRICAL_SURFACE('',#2348,0.002);
#41=CYLINDRICAL_SURFACE('',#2352,0.002);
#42=CIRCLE('',#2188,0.001);
#43=CIRCLE('',#2189,0.001);
#44=CIRCLE('',#2190,0.001);
#45=CIRCLE('',#2191,0.001);
#46=CIRCLE('',#2193,0.002);
#47=CIRCLE('',#2194,0.002);
#48=CIRCLE('',#2195,0.002);
#49=CIRCLE('',#2196,0.002);
#50=CIRCLE('',#2197,0.001);
#51=CIRCLE('',#2198,0.001);
#52=CIRCLE('',#2199,0.001);
#53=CIRCLE('',#2200,0.001);
#54=CIRCLE('',#2202,0.002);
#55=CIRCLE('',#2203,0.002);
#56=CIRCLE('',#2204,0.002);
#57=CIRCLE('',#2205,0.002);
#58=CIRCLE('',#2219,0.00325);
#59=CIRCLE('',#2225,0.00325);
#60=CIRCLE('',#2231,0.00325);
#61=CIRCLE('',#2236,0.003125);
#62=CIRCLE('',#2241,0.003125);
#63=CIRCLE('',#2246,0.003125);
#64=CIRCLE('',#2252,0.00325);
#65=CIRCLE('',#2257,0.003125);
#66=CIRCLE('',#2262,0.003125);
#67=CIRCLE('',#2267,0.003125);
#68=CIRCLE('',#2269,0.003125);
#69=CIRCLE('',#2272,0.003125);
#70=CIRCLE('',#2275,0.003125);
#71=CIRCLE('',#2278,0.00325);
#72=CIRCLE('',#2281,0.003125);
#73=CIRCLE('',#2284,0.003125);
#74=CIRCLE('',#2287,0.003125);
#75=CIRCLE('',#2290,0.00325);
#76=CIRCLE('',#2293,0.00325);
#77=CIRCLE('',#2296,0.00325);
#78=CIRCLE('',#2330,0.002);
#79=CIRCLE('',#2332,0.002);
#80=CIRCLE('',#2333,0.002);
#81=CIRCLE('',#2335,0.002);
#82=CIRCLE('',#2337,0.002);
#83=CIRCLE('',#2339,0.002);
#84=CIRCLE('',#2341,0.002);
#85=CIRCLE('',#2343,0.002);
#86=CIRCLE('',#2345,0.002);
#87=CIRCLE('',#2347,0.002);
#88=CIRCLE('',#2349,0.002);
#89=CIRCLE('',#2351,0.002);
#90=ELLIPSE('',#2182,0.0020076396750867,0.002);
#91=ELLIPSE('',#2183,0.0020076396750867,0.002);
#92=ELLIPSE('',#2184,0.0020076396750867,0.002);
#93=ELLIPSE('',#2185,0.0020076396750867,0.002);
#94=ORIENTED_EDGE('',*,*,#686,.F.);
#95=ORIENTED_EDGE('',*,*,#687,.T.);
#96=ORIENTED_EDGE('',*,*,#688,.F.);
#97=ORIENTED_EDGE('',*,*,#689,.F.);
#98=ORIENTED_EDGE('',*,*,#690,.F.);
#99=ORIENTED_EDGE('',*,*,#691,.T.);
#100=ORIENTED_EDGE('',*,*,#692,.F.);
#101=ORIENTED_EDGE('',*,*,#693,.T.);
#102=ORIENTED_EDGE('',*,*,#694,.T.);
#103=ORIENTED_EDGE('',*,*,#695,.T.);
#104=ORIENTED_EDGE('',*,*,#696,.T.);
#105=ORIENTED_EDGE('',*,*,#697,.F.);
#106=ORIENTED_EDGE('',*,*,#698,.F.);
#107=ORIENTED_EDGE('',*,*,#699,.F.);
#108=ORIENTED_EDGE('',*,*,#700,.F.);
#109=ORIENTED_EDGE('',*,*,#701,.F.);
#110=ORIENTED_EDGE('',*,*,#702,.F.);
#111=ORIENTED_EDGE('',*,*,#703,.F.);
#112=ORIENTED_EDGE('',*,*,#704,.T.);
#113=ORIENTED_EDGE('',*,*,#705,.T.);
#114=ORIENTED_EDGE('',*,*,#706,.F.);
#115=ORIENTED_EDGE('',*,*,#707,.F.);
#116=ORIENTED_EDGE('',*,*,#708,.T.);
#117=ORIENTED_EDGE('',*,*,#709,.T.);
#118=ORIENTED_EDGE('',*,*,#710,.F.);
#119=ORIENTED_EDGE('',*,*,#711,.F.);
#120=ORIENTED_EDGE('',*,*,#712,.F.);
#121=ORIENTED_EDGE('',*,*,#713,.T.);
#122=ORIENTED_EDGE('',*,*,#714,.F.);
#123=ORIENTED_EDGE('',*,*,#715,.T.);
#124=ORIENTED_EDGE('',*,*,#716,.T.);
#125=ORIENTED_EDGE('',*,*,#717,.T.);
#126=ORIENTED_EDGE('',*,*,#718,.T.);
#127=ORIENTED_EDGE('',*,*,#719,.F.);
#128=ORIENTED_EDGE('',*,*,#720,.F.);
#129=ORIENTED_EDGE('',*,*,#721,.F.);
#130=ORIENTED_EDGE('',*,*,#722,.F.);
#131=ORIENTED_EDGE('',*,*,#723,.F.);
#132=ORIENTED_EDGE('',*,*,#724,.F.);
#133=ORIENTED_EDGE('',*,*,#725,.F.);
#134=ORIENTED_EDGE('',*,*,#726,.T.);
#135=ORIENTED_EDGE('',*,*,#727,.T.);
#136=ORIENTED_EDGE('',*,*,#728,.F.);
#137=ORIENTED_EDGE('',*,*,#729,.F.);
#138=ORIENTED_EDGE('',*,*,#730,.T.);
#139=ORIENTED_EDGE('',*,*,#731,.T.);
#140=ORIENTED_EDGE('',*,*,#732,.T.);
#141=ORIENTED_EDGE('',*,*,#733,.F.);
#142=ORIENTED_EDGE('',*,*,#734,.T.);
#143=ORIENTED_EDGE('',*,*,#735,.T.);
#144=ORIENTED_EDGE('',*,*,#736,.T.);
#145=ORIENTED_EDGE('',*,*,#737,.T.);
#146=ORIENTED_EDGE('',*,*,#738,.T.);
#147=ORIENTED_EDGE('',*,*,#739,.F.);
#148=ORIENTED_EDGE('',*,*,#740,.T.);
#149=ORIENTED_EDGE('',*,*,#741,.T.);
#150=ORIENTED_EDGE('',*,*,#742,.T.);
#151=ORIENTED_EDGE('',*,*,#743,.T.);
#152=ORIENTED_EDGE('',*,*,#744,.T.);
#153=ORIENTED_EDGE('',*,*,#745,.F.);
#154=ORIENTED_EDGE('',*,*,#746,.T.);
#155=ORIENTED_EDGE('',*,*,#747,.T.);
#156=ORIENTED_EDGE('',*,*,#748,.T.);
#157=ORIENTED_EDGE('',*,*,#749,.T.);
#158=ORIENTED_EDGE('',*,*,#750,.T.);
#159=ORIENTED_EDGE('',*,*,#751,.F.);
#160=ORIENTED_EDGE('',*,*,#752,.T.);
#161=ORIENTED_EDGE('',*,*,#753,.F.);
#162=ORIENTED_EDGE('',*,*,#754,.T.);
#163=ORIENTED_EDGE('',*,*,#755,.T.);
#164=ORIENTED_EDGE('',*,*,#742,.F.);
#165=ORIENTED_EDGE('',*,*,#756,.T.);
#166=ORIENTED_EDGE('',*,*,#757,.T.);
#167=ORIENTED_EDGE('',*,*,#758,.F.);
#168=ORIENTED_EDGE('',*,*,#738,.F.);
#169=ORIENTED_EDGE('',*,*,#759,.T.);
#170=ORIENTED_EDGE('',*,*,#760,.T.);
#171=ORIENTED_EDGE('',*,*,#761,.T.);
#172=ORIENTED_EDGE('',*,*,#706,.T.);
#173=ORIENTED_EDGE('',*,*,#762,.F.);
#174=ORIENTED_EDGE('',*,*,#763,.T.);
#175=ORIENTED_EDGE('',*,*,#764,.T.);
#176=ORIENTED_EDGE('',*,*,#702,.T.);
#177=ORIENTED_EDGE('',*,*,#765,.F.);
#178=ORIENTED_EDGE('',*,*,#766,.T.);
#179=ORIENTED_EDGE('',*,*,#767,.F.);
#180=ORIENTED_EDGE('',*,*,#768,.F.);
#181=ORIENTED_EDGE('',*,*,#769,.T.);
#182=ORIENTED_EDGE('',*,*,#770,.T.);
#183=ORIENTED_EDGE('',*,*,#771,.T.);
#184=ORIENTED_EDGE('',*,*,#714,.T.);
#185=ORIENTED_EDGE('',*,*,#772,.F.);
#186=ORIENTED_EDGE('',*,*,#773,.T.);
#187=ORIENTED_EDGE('',*,*,#774,.T.);
#188=ORIENTED_EDGE('',*,*,#710,.T.);
#189=ORIENTED_EDGE('',*,*,#775,.F.);
#190=ORIENTED_EDGE('',*,*,#776,.F.);
#191=ORIENTED_EDGE('',*,*,#777,.T.);
#192=ORIENTED_EDGE('',*,*,#778,.T.);
#193=ORIENTED_EDGE('',*,*,#779,.T.);
#194=ORIENTED_EDGE('',*,*,#780,.T.);
#195=ORIENTED_EDGE('',*,*,#781,.T.);
#196=ORIENTED_EDGE('',*,*,#782,.F.);
#197=ORIENTED_EDGE('',*,*,#783,.T.);
#198=ORIENTED_EDGE('',*,*,#784,.T.);
#199=ORIENTED_EDGE('',*,*,#785,.T.);
#200=ORIENTED_EDGE('',*,*,#786,.F.);
#201=ORIENTED_EDGE('',*,*,#787,.T.);
#202=ORIENTED_EDGE('',*,*,#788,.F.);
#203=ORIENTED_EDGE('',*,*,#789,.T.);
#204=ORIENTED_EDGE('',*,*,#790,.T.);
#205=ORIENTED_EDGE('',*,*,#791,.T.);
#206=ORIENTED_EDGE('',*,*,#792,.F.);
#207=ORIENTED_EDGE('',*,*,#793,.T.);
#208=ORIENTED_EDGE('',*,*,#794,.T.);
#209=ORIENTED_EDGE('',*,*,#795,.T.);
#210=ORIENTED_EDGE('',*,*,#796,.T.);
#211=ORIENTED_EDGE('',*,*,#797,.T.);
#212=ORIENTED_EDGE('',*,*,#798,.F.);
#213=ORIENTED_EDGE('',*,*,#799,.T.);
#214=ORIENTED_EDGE('',*,*,#800,.T.);
#215=ORIENTED_EDGE('',*,*,#801,.T.);
#216=ORIENTED_EDGE('',*,*,#802,.T.);
#217=ORIENTED_EDGE('',*,*,#752,.F.);
#218=ORIENTED_EDGE('',*,*,#803,.F.);
#219=ORIENTED_EDGE('',*,*,#804,.T.);
#220=ORIENTED_EDGE('',*,*,#805,.T.);
#221=ORIENTED_EDGE('',*,*,#806,.T.);
#222=ORIENTED_EDGE('',*,*,#807,.T.);
#223=ORIENTED_EDGE('',*,*,#808,.T.);
#224=ORIENTED_EDGE('',*,*,#809,.F.);
#225=ORIENTED_EDGE('',*,*,#810,.T.);
#226=ORIENTED_EDGE('',*,*,#811,.T.);
#227=ORIENTED_EDGE('',*,*,#812,.T.);
#228=ORIENTED_EDGE('',*,*,#697,.T.);
#229=ORIENTED_EDGE('',*,*,#813,.F.);
#230=ORIENTED_EDGE('',*,*,#814,.T.);
#231=ORIENTED_EDGE('',*,*,#815,.F.);
#232=ORIENTED_EDGE('',*,*,#816,.F.);
#233=ORIENTED_EDGE('',*,*,#767,.T.);
#234=ORIENTED_EDGE('',*,*,#817,.T.);
#235=ORIENTED_EDGE('',*,*,#818,.T.);
#236=ORIENTED_EDGE('',*,*,#688,.T.);
#237=ORIENTED_EDGE('',*,*,#819,.F.);
#238=ORIENTED_EDGE('',*,*,#820,.T.);
#239=ORIENTED_EDGE('',*,*,#821,.T.);
#240=ORIENTED_EDGE('',*,*,#728,.T.);
#241=ORIENTED_EDGE('',*,*,#822,.F.);
#242=ORIENTED_EDGE('',*,*,#823,.T.);
#243=ORIENTED_EDGE('',*,*,#824,.T.);
#244=ORIENTED_EDGE('',*,*,#724,.T.);
#245=ORIENTED_EDGE('',*,*,#825,.F.);
#246=ORIENTED_EDGE('',*,*,#826,.T.);
#247=ORIENTED_EDGE('',*,*,#827,.F.);
#248=ORIENTED_EDGE('',*,*,#828,.F.);
#249=ORIENTED_EDGE('',*,*,#815,.T.);
#250=ORIENTED_EDGE('',*,*,#829,.T.);
#251=ORIENTED_EDGE('',*,*,#830,.T.);
#252=ORIENTED_EDGE('',*,*,#692,.T.);
#253=ORIENTED_EDGE('',*,*,#831,.F.);
#254=ORIENTED_EDGE('',*,*,#832,.F.);
#255=ORIENTED_EDGE('',*,*,#833,.T.);
#256=ORIENTED_EDGE('',*,*,#769,.F.);
#257=ORIENTED_EDGE('',*,*,#834,.F.);
#258=ORIENTED_EDGE('',*,*,#827,.T.);
#259=ORIENTED_EDGE('',*,*,#835,.T.);
#260=ORIENTED_EDGE('',*,*,#836,.T.);
#261=ORIENTED_EDGE('',*,*,#719,.T.);
#262=ORIENTED_EDGE('',*,*,#837,.T.);
#263=ORIENTED_EDGE('',*,*,#838,.T.);
#264=ORIENTED_EDGE('',*,*,#730,.F.);
#265=ORIENTED_EDGE('',*,*,#839,.F.);
#266=ORIENTED_EDGE('',*,*,#840,.F.);
#267=ORIENTED_EDGE('',*,*,#841,.F.);
#268=ORIENTED_EDGE('',*,*,#750,.F.);
#269=ORIENTED_EDGE('',*,*,#842,.T.);
#270=ORIENTED_EDGE('',*,*,#843,.T.);
#271=ORIENTED_EDGE('',*,*,#844,.T.);
#272=ORIENTED_EDGE('',*,*,#748,.F.);
#273=ORIENTED_EDGE('',*,*,#845,.F.);
#274=ORIENTED_EDGE('',*,*,#846,.F.);
#275=ORIENTED_EDGE('',*,*,#847,.T.);
#276=ORIENTED_EDGE('',*,*,#744,.F.);
#277=ORIENTED_EDGE('',*,*,#848,.T.);
#278=ORIENTED_EDGE('',*,*,#732,.F.);
#279=ORIENTED_EDGE('',*,*,#849,.T.);
#280=ORIENTED_EDGE('',*,*,#850,.T.);
#281=ORIENTED_EDGE('',*,*,#851,.T.);
#282=ORIENTED_EDGE('',*,*,#736,.F.);
#283=ORIENTED_EDGE('',*,*,#852,.F.);
#284=ORIENTED_EDGE('',*,*,#853,.F.);
#285=ORIENTED_EDGE('',*,*,#854,.T.);
#286=ORIENTED_EDGE('',*,*,#855,.T.);
#287=ORIENTED_EDGE('',*,*,#856,.T.);
#288=ORIENTED_EDGE('',*,*,#857,.T.);
#289=ORIENTED_EDGE('',*,*,#858,.T.);
#290=ORIENTED_EDGE('',*,*,#768,.T.);
#291=ORIENTED_EDGE('',*,*,#816,.T.);
#292=ORIENTED_EDGE('',*,*,#828,.T.);
#293=ORIENTED_EDGE('',*,*,#834,.T.);
#294=ORIENTED_EDGE('',*,*,#723,.T.);
#295=ORIENTED_EDGE('',*,*,#859,.F.);
#296=ORIENTED_EDGE('',*,*,#860,.F.);
#297=ORIENTED_EDGE('',*,*,#825,.T.);
#298=ORIENTED_EDGE('',*,*,#722,.T.);
#299=ORIENTED_EDGE('',*,*,#861,.F.);
#300=ORIENTED_EDGE('',*,*,#862,.F.);
#301=ORIENTED_EDGE('',*,*,#859,.T.);
#302=ORIENTED_EDGE('',*,*,#721,.T.);
#303=ORIENTED_EDGE('',*,*,#863,.F.);
#304=ORIENTED_EDGE('',*,*,#864,.F.);
#305=ORIENTED_EDGE('',*,*,#861,.T.);
#306=ORIENTED_EDGE('',*,*,#720,.T.);
#307=ORIENTED_EDGE('',*,*,#836,.F.);
#308=ORIENTED_EDGE('',*,*,#865,.F.);
#309=ORIENTED_EDGE('',*,*,#863,.T.);
#310=ORIENTED_EDGE('',*,*,#866,.T.);
#311=ORIENTED_EDGE('',*,*,#826,.F.);
#312=ORIENTED_EDGE('',*,*,#860,.T.);
#313=ORIENTED_EDGE('',*,*,#862,.T.);
#314=ORIENTED_EDGE('',*,*,#864,.T.);
#315=ORIENTED_EDGE('',*,*,#865,.T.);
#316=ORIENTED_EDGE('',*,*,#835,.F.);
#317=ORIENTED_EDGE('',*,*,#718,.F.);
#318=ORIENTED_EDGE('',*,*,#867,.F.);
#319=ORIENTED_EDGE('',*,*,#868,.T.);
#320=ORIENTED_EDGE('',*,*,#832,.T.);
#321=ORIENTED_EDGE('',*,*,#717,.F.);
#322=ORIENTED_EDGE('',*,*,#869,.F.);
#323=ORIENTED_EDGE('',*,*,#870,.T.);
#324=ORIENTED_EDGE('',*,*,#867,.T.);
#325=ORIENTED_EDGE('',*,*,#716,.F.);
#326=ORIENTED_EDGE('',*,*,#871,.F.);
#327=ORIENTED_EDGE('',*,*,#872,.T.);
#328=ORIENTED_EDGE('',*,*,#869,.T.);
#329=ORIENTED_EDGE('',*,*,#715,.F.);
#330=ORIENTED_EDGE('',*,*,#771,.F.);
#331=ORIENTED_EDGE('',*,*,#873,.T.);
#332=ORIENTED_EDGE('',*,*,#871,.T.);
#333=ORIENTED_EDGE('',*,*,#874,.F.);
#334=ORIENTED_EDGE('',*,*,#868,.F.);
#335=ORIENTED_EDGE('',*,*,#870,.F.);
#336=ORIENTED_EDGE('',*,*,#872,.F.);
#337=ORIENTED_EDGE('',*,*,#873,.F.);
#338=ORIENTED_EDGE('',*,*,#770,.F.);
#339=ORIENTED_EDGE('',*,*,#833,.F.);
#340=ORIENTED_EDGE('',*,*,#696,.F.);
#341=ORIENTED_EDGE('',*,*,#875,.F.);
#342=ORIENTED_EDGE('',*,*,#876,.T.);
#343=ORIENTED_EDGE('',*,*,#813,.T.);
#344=ORIENTED_EDGE('',*,*,#695,.F.);
#345=ORIENTED_EDGE('',*,*,#877,.F.);
#346=ORIENTED_EDGE('',*,*,#878,.T.);
#347=ORIENTED_EDGE('',*,*,#875,.T.);
#348=ORIENTED_EDGE('',*,*,#694,.F.);
#349=ORIENTED_EDGE('',*,*,#879,.F.);
#350=ORIENTED_EDGE('',*,*,#880,.T.);
#351=ORIENTED_EDGE('',*,*,#877,.T.);
#352=ORIENTED_EDGE('',*,*,#693,.F.);
#353=ORIENTED_EDGE('',*,*,#830,.F.);
#354=ORIENTED_EDGE('',*,*,#881,.T.);
#355=ORIENTED_EDGE('',*,*,#879,.T.);
#356=ORIENTED_EDGE('',*,*,#882,.F.);
#357=ORIENTED_EDGE('',*,*,#876,.F.);
#358=ORIENTED_EDGE('',*,*,#878,.F.);
#359=ORIENTED_EDGE('',*,*,#880,.F.);
#360=ORIENTED_EDGE('',*,*,#881,.F.);
#361=ORIENTED_EDGE('',*,*,#829,.F.);
#362=ORIENTED_EDGE('',*,*,#814,.F.);
#363=ORIENTED_EDGE('',*,*,#727,.F.);
#364=ORIENTED_EDGE('',*,*,#883,.F.);
#365=ORIENTED_EDGE('',*,*,#884,.T.);
#366=ORIENTED_EDGE('',*,*,#822,.T.);
#367=ORIENTED_EDGE('',*,*,#726,.F.);
#368=ORIENTED_EDGE('',*,*,#885,.F.);
#369=ORIENTED_EDGE('',*,*,#886,.T.);
#370=ORIENTED_EDGE('',*,*,#883,.T.);
#371=ORIENTED_EDGE('',*,*,#725,.T.);
#372=ORIENTED_EDGE('',*,*,#824,.F.);
#373=ORIENTED_EDGE('',*,*,#887,.F.);
#374=ORIENTED_EDGE('',*,*,#885,.T.);
#375=ORIENTED_EDGE('',*,*,#888,.T.);
#376=ORIENTED_EDGE('',*,*,#884,.F.);
#377=ORIENTED_EDGE('',*,*,#886,.F.);
#378=ORIENTED_EDGE('',*,*,#887,.T.);
#379=ORIENTED_EDGE('',*,*,#823,.F.);
#380=ORIENTED_EDGE('',*,*,#687,.F.);
#381=ORIENTED_EDGE('',*,*,#889,.F.);
#382=ORIENTED_EDGE('',*,*,#890,.T.);
#383=ORIENTED_EDGE('',*,*,#819,.T.);
#384=ORIENTED_EDGE('',*,*,#686,.T.);
#385=ORIENTED_EDGE('',*,*,#891,.F.);
#386=ORIENTED_EDGE('',*,*,#892,.F.);
#387=ORIENTED_EDGE('',*,*,#889,.T.);
#388=ORIENTED_EDGE('',*,*,#729,.T.);
#389=ORIENTED_EDGE('',*,*,#821,.F.);
#390=ORIENTED_EDGE('',*,*,#893,.F.);
#391=ORIENTED_EDGE('',*,*,#891,.T.);
#392=ORIENTED_EDGE('',*,*,#894,.F.);
#393=ORIENTED_EDGE('',*,*,#890,.F.);
#394=ORIENTED_EDGE('',*,*,#892,.T.);
#395=ORIENTED_EDGE('',*,*,#893,.T.);
#396=ORIENTED_EDGE('',*,*,#820,.F.);
#397=ORIENTED_EDGE('',*,*,#690,.T.);
#398=ORIENTED_EDGE('',*,*,#895,.F.);
#399=ORIENTED_EDGE('',*,*,#896,.F.);
#400=ORIENTED_EDGE('',*,*,#897,.T.);
#401=ORIENTED_EDGE('',*,*,#689,.T.);
#402=ORIENTED_EDGE('',*,*,#818,.F.);
#403=ORIENTED_EDGE('',*,*,#898,.F.);
#404=ORIENTED_EDGE('',*,*,#895,.T.);
#405=ORIENTED_EDGE('',*,*,#691,.F.);
#406=ORIENTED_EDGE('',*,*,#897,.F.);
#407=ORIENTED_EDGE('',*,*,#899,.T.);
#408=ORIENTED_EDGE('',*,*,#831,.T.);
#409=ORIENTED_EDGE('',*,*,#900,.F.);
#410=ORIENTED_EDGE('',*,*,#896,.T.);
#411=ORIENTED_EDGE('',*,*,#898,.T.);
#412=ORIENTED_EDGE('',*,*,#817,.F.);
#413=ORIENTED_EDGE('',*,*,#899,.F.);
#414=ORIENTED_EDGE('',*,*,#701,.T.);
#415=ORIENTED_EDGE('',*,*,#901,.F.);
#416=ORIENTED_EDGE('',*,*,#902,.F.);
#417=ORIENTED_EDGE('',*,*,#765,.T.);
#418=ORIENTED_EDGE('',*,*,#700,.T.);
#419=ORIENTED_EDGE('',*,*,#903,.F.);
#420=ORIENTED_EDGE('',*,*,#904,.F.);
#421=ORIENTED_EDGE('',*,*,#901,.T.);
#422=ORIENTED_EDGE('',*,*,#699,.T.);
#423=ORIENTED_EDGE('',*,*,#905,.F.);
#424=ORIENTED_EDGE('',*,*,#906,.F.);
#425=ORIENTED_EDGE('',*,*,#903,.T.);
#426=ORIENTED_EDGE('',*,*,#698,.T.);
#427=ORIENTED_EDGE('',*,*,#812,.F.);
#428=ORIENTED_EDGE('',*,*,#907,.F.);
#429=ORIENTED_EDGE('',*,*,#905,.T.);
#430=ORIENTED_EDGE('',*,*,#908,.T.);
#431=ORIENTED_EDGE('',*,*,#766,.F.);
#432=ORIENTED_EDGE('',*,*,#902,.T.);
#433=ORIENTED_EDGE('',*,*,#904,.T.);
#434=ORIENTED_EDGE('',*,*,#906,.T.);
#435=ORIENTED_EDGE('',*,*,#907,.T.);
#436=ORIENTED_EDGE('',*,*,#811,.F.);
#437=ORIENTED_EDGE('',*,*,#713,.F.);
#438=ORIENTED_EDGE('',*,*,#909,.F.);
#439=ORIENTED_EDGE('',*,*,#910,.T.);
#440=ORIENTED_EDGE('',*,*,#772,.T.);
#441=ORIENTED_EDGE('',*,*,#712,.T.);
#442=ORIENTED_EDGE('',*,*,#911,.F.);
#443=ORIENTED_EDGE('',*,*,#912,.F.);
#444=ORIENTED_EDGE('',*,*,#909,.T.);
#445=ORIENTED_EDGE('',*,*,#711,.T.);
#446=ORIENTED_EDGE('',*,*,#774,.F.);
#447=ORIENTED_EDGE('',*,*,#913,.F.);
#448=ORIENTED_EDGE('',*,*,#911,.T.);
#449=ORIENTED_EDGE('',*,*,#914,.F.);
#450=ORIENTED_EDGE('',*,*,#910,.F.);
#451=ORIENTED_EDGE('',*,*,#912,.T.);
#452=ORIENTED_EDGE('',*,*,#913,.T.);
#453=ORIENTED_EDGE('',*,*,#773,.F.);
#454=ORIENTED_EDGE('',*,*,#704,.F.);
#455=ORIENTED_EDGE('',*,*,#915,.F.);
#456=ORIENTED_EDGE('',*,*,#916,.T.);
#457=ORIENTED_EDGE('',*,*,#917,.T.);
#458=ORIENTED_EDGE('',*,*,#703,.T.);
#459=ORIENTED_EDGE('',*,*,#764,.F.);
#460=ORIENTED_EDGE('',*,*,#918,.F.);
#461=ORIENTED_EDGE('',*,*,#915,.T.);
#462=ORIENTED_EDGE('',*,*,#705,.F.);
#463=ORIENTED_EDGE('',*,*,#917,.F.);
#464=ORIENTED_EDGE('',*,*,#919,.T.);
#465=ORIENTED_EDGE('',*,*,#762,.T.);
#466=ORIENTED_EDGE('',*,*,#920,.T.);
#467=ORIENTED_EDGE('',*,*,#916,.F.);
#468=ORIENTED_EDGE('',*,*,#918,.T.);
#469=ORIENTED_EDGE('',*,*,#763,.F.);
#470=ORIENTED_EDGE('',*,*,#919,.F.);
#471=ORIENTED_EDGE('',*,*,#708,.F.);
#472=ORIENTED_EDGE('',*,*,#921,.F.);
#473=ORIENTED_EDGE('',*,*,#922,.T.);
#474=ORIENTED_EDGE('',*,*,#923,.T.);
#475=ORIENTED_EDGE('',*,*,#707,.T.);
#476=ORIENTED_EDGE('',*,*,#761,.F.);
#477=ORIENTED_EDGE('',*,*,#924,.F.);
#478=ORIENTED_EDGE('',*,*,#921,.T.);
#479=ORIENTED_EDGE('',*,*,#709,.F.);
#480=ORIENTED_EDGE('',*,*,#923,.F.);
#481=ORIENTED_EDGE('',*,*,#925,.T.);
#482=ORIENTED_EDGE('',*,*,#775,.T.);
#483=ORIENTED_EDGE('',*,*,#926,.T.);
#484=ORIENTED_EDGE('',*,*,#922,.F.);
#485=ORIENTED_EDGE('',*,*,#924,.T.);
#486=ORIENTED_EDGE('',*,*,#760,.F.);
#487=ORIENTED_EDGE('',*,*,#925,.F.);
#488=ORIENTED_EDGE('',*,*,#926,.F.);
#489=ORIENTED_EDGE('',*,*,#927,.F.);
#490=ORIENTED_EDGE('',*,*,#927,.T.);
#491=ORIENTED_EDGE('',*,*,#920,.F.);
#492=ORIENTED_EDGE('',*,*,#928,.F.);
#493=ORIENTED_EDGE('',*,*,#928,.T.);
#494=ORIENTED_EDGE('',*,*,#914,.T.);
#495=ORIENTED_EDGE('',*,*,#929,.T.);
#496=ORIENTED_EDGE('',*,*,#929,.F.);
#497=ORIENTED_EDGE('',*,*,#908,.F.);
#498=ORIENTED_EDGE('',*,*,#930,.F.);
#499=ORIENTED_EDGE('',*,*,#930,.T.);
#500=ORIENTED_EDGE('',*,*,#900,.T.);
#501=ORIENTED_EDGE('',*,*,#931,.T.);
#502=ORIENTED_EDGE('',*,*,#931,.F.);
#503=ORIENTED_EDGE('',*,*,#894,.T.);
#504=ORIENTED_EDGE('',*,*,#932,.T.);
#505=ORIENTED_EDGE('',*,*,#932,.F.);
#506=ORIENTED_EDGE('',*,*,#888,.F.);
#507=ORIENTED_EDGE('',*,*,#933,.F.);
#508=ORIENTED_EDGE('',*,*,#933,.T.);
#509=ORIENTED_EDGE('',*,*,#882,.T.);
#510=ORIENTED_EDGE('',*,*,#934,.T.);
#511=ORIENTED_EDGE('',*,*,#934,.F.);
#512=ORIENTED_EDGE('',*,*,#874,.T.);
#513=ORIENTED_EDGE('',*,*,#935,.T.);
#514=ORIENTED_EDGE('',*,*,#935,.F.);
#515=ORIENTED_EDGE('',*,*,#866,.F.);
#516=ORIENTED_EDGE('',*,*,#936,.F.);
#517=ORIENTED_EDGE('',*,*,#936,.T.);
#518=ORIENTED_EDGE('',*,*,#751,.T.);
#519=ORIENTED_EDGE('',*,*,#841,.T.);
#520=ORIENTED_EDGE('',*,*,#937,.F.);
#521=ORIENTED_EDGE('',*,*,#800,.F.);
#522=ORIENTED_EDGE('',*,*,#840,.T.);
#523=ORIENTED_EDGE('',*,*,#938,.F.);
#524=ORIENTED_EDGE('',*,*,#801,.F.);
#525=ORIENTED_EDGE('',*,*,#937,.T.);
#526=ORIENTED_EDGE('',*,*,#753,.T.);
#527=ORIENTED_EDGE('',*,*,#802,.F.);
#528=ORIENTED_EDGE('',*,*,#938,.T.);
#529=ORIENTED_EDGE('',*,*,#839,.T.);
#530=ORIENTED_EDGE('',*,*,#805,.F.);
#531=ORIENTED_EDGE('',*,*,#939,.T.);
#532=ORIENTED_EDGE('',*,*,#788,.T.);
#533=ORIENTED_EDGE('',*,*,#940,.T.);
#534=ORIENTED_EDGE('',*,*,#803,.T.);
#535=ORIENTED_EDGE('',*,*,#941,.T.);
#536=ORIENTED_EDGE('',*,*,#790,.F.);
#537=ORIENTED_EDGE('',*,*,#942,.T.);
#538=ORIENTED_EDGE('',*,*,#809,.T.);
#539=ORIENTED_EDGE('',*,*,#943,.T.);
#540=ORIENTED_EDGE('',*,*,#784,.F.);
#541=ORIENTED_EDGE('',*,*,#944,.T.);
#542=ORIENTED_EDGE('',*,*,#786,.T.);
#543=ORIENTED_EDGE('',*,*,#945,.T.);
#544=ORIENTED_EDGE('',*,*,#807,.F.);
#545=ORIENTED_EDGE('',*,*,#946,.T.);
#546=ORIENTED_EDGE('',*,*,#796,.F.);
#547=ORIENTED_EDGE('',*,*,#947,.T.);
#548=ORIENTED_EDGE('',*,*,#778,.F.);
#549=ORIENTED_EDGE('',*,*,#948,.T.);
#550=ORIENTED_EDGE('',*,*,#776,.T.);
#551=ORIENTED_EDGE('',*,*,#949,.T.);
#552=ORIENTED_EDGE('',*,*,#798,.T.);
#553=ORIENTED_EDGE('',*,*,#950,.T.);
#554=ORIENTED_EDGE('',*,*,#792,.T.);
#555=ORIENTED_EDGE('',*,*,#951,.T.);
#556=ORIENTED_EDGE('',*,*,#782,.T.);
#557=ORIENTED_EDGE('',*,*,#952,.T.);
#558=ORIENTED_EDGE('',*,*,#794,.F.);
#559=ORIENTED_EDGE('',*,*,#953,.T.);
#560=ORIENTED_EDGE('',*,*,#780,.F.);
#561=ORIENTED_EDGE('',*,*,#954,.T.);
#562=ORIENTED_EDGE('',*,*,#846,.T.);
#563=ORIENTED_EDGE('',*,*,#955,.F.);
#564=ORIENTED_EDGE('',*,*,#956,.F.);
#565=ORIENTED_EDGE('',*,*,#957,.T.);
#566=ORIENTED_EDGE('',*,*,#845,.T.);
#567=ORIENTED_EDGE('',*,*,#747,.F.);
#568=ORIENTED_EDGE('',*,*,#958,.F.);
#569=ORIENTED_EDGE('',*,*,#955,.T.);
#570=ORIENTED_EDGE('',*,*,#847,.F.);
#571=ORIENTED_EDGE('',*,*,#957,.F.);
#572=ORIENTED_EDGE('',*,*,#959,.T.);
#573=ORIENTED_EDGE('',*,*,#745,.T.);
#574=ORIENTED_EDGE('',*,*,#956,.T.);
#575=ORIENTED_EDGE('',*,*,#958,.T.);
#576=ORIENTED_EDGE('',*,*,#746,.F.);
#577=ORIENTED_EDGE('',*,*,#959,.F.);
#578=ORIENTED_EDGE('',*,*,#960,.T.);
#579=ORIENTED_EDGE('',*,*,#961,.T.);
#580=ORIENTED_EDGE('',*,*,#756,.F.);
#581=ORIENTED_EDGE('',*,*,#741,.F.);
#582=ORIENTED_EDGE('',*,*,#739,.T.);
#583=ORIENTED_EDGE('',*,*,#758,.T.);
#584=ORIENTED_EDGE('',*,*,#962,.F.);
#585=ORIENTED_EDGE('',*,*,#963,.F.);
#586=ORIENTED_EDGE('',*,*,#757,.F.);
#587=ORIENTED_EDGE('',*,*,#961,.F.);
#588=ORIENTED_EDGE('',*,*,#964,.T.);
#589=ORIENTED_EDGE('',*,*,#962,.T.);
#590=ORIENTED_EDGE('',*,*,#963,.T.);
#591=ORIENTED_EDGE('',*,*,#964,.F.);
#592=ORIENTED_EDGE('',*,*,#960,.F.);
#593=ORIENTED_EDGE('',*,*,#740,.F.);
#594=ORIENTED_EDGE('',*,*,#853,.T.);
#595=ORIENTED_EDGE('',*,*,#965,.F.);
#596=ORIENTED_EDGE('',*,*,#966,.F.);
#597=ORIENTED_EDGE('',*,*,#967,.T.);
#598=ORIENTED_EDGE('',*,*,#852,.T.);
#599=ORIENTED_EDGE('',*,*,#735,.F.);
#600=ORIENTED_EDGE('',*,*,#968,.F.);
#601=ORIENTED_EDGE('',*,*,#965,.T.);
#602=ORIENTED_EDGE('',*,*,#854,.F.);
#603=ORIENTED_EDGE('',*,*,#967,.F.);
#604=ORIENTED_EDGE('',*,*,#969,.T.);
#605=ORIENTED_EDGE('',*,*,#733,.T.);
#606=ORIENTED_EDGE('',*,*,#966,.T.);
#607=ORIENTED_EDGE('',*,*,#968,.T.);
#608=ORIENTED_EDGE('',*,*,#734,.F.);
#609=ORIENTED_EDGE('',*,*,#969,.F.);
#610=ORIENTED_EDGE('',*,*,#799,.F.);
#611=ORIENTED_EDGE('',*,*,#949,.F.);
#612=ORIENTED_EDGE('',*,*,#783,.F.);
#613=ORIENTED_EDGE('',*,*,#951,.F.);
#614=ORIENTED_EDGE('',*,*,#793,.F.);
#615=ORIENTED_EDGE('',*,*,#952,.F.);
#616=ORIENTED_EDGE('',*,*,#781,.F.);
#617=ORIENTED_EDGE('',*,*,#953,.F.);
#618=ORIENTED_EDGE('',*,*,#795,.F.);
#619=ORIENTED_EDGE('',*,*,#954,.F.);
#620=ORIENTED_EDGE('',*,*,#779,.F.);
#621=ORIENTED_EDGE('',*,*,#947,.F.);
#622=ORIENTED_EDGE('',*,*,#797,.F.);
#623=ORIENTED_EDGE('',*,*,#948,.F.);
#624=ORIENTED_EDGE('',*,*,#777,.F.);
#625=ORIENTED_EDGE('',*,*,#950,.F.);
#626=ORIENTED_EDGE('',*,*,#785,.F.);
#627=ORIENTED_EDGE('',*,*,#943,.F.);
#628=ORIENTED_EDGE('',*,*,#808,.F.);
#629=ORIENTED_EDGE('',*,*,#945,.F.);
#630=ORIENTED_EDGE('',*,*,#791,.F.);
#631=ORIENTED_EDGE('',*,*,#941,.F.);
#632=ORIENTED_EDGE('',*,*,#810,.F.);
#633=ORIENTED_EDGE('',*,*,#944,.F.);
#634=ORIENTED_EDGE('',*,*,#789,.F.);
#635=ORIENTED_EDGE('',*,*,#939,.F.);
#636=ORIENTED_EDGE('',*,*,#804,.F.);
#637=ORIENTED_EDGE('',*,*,#942,.F.);
#638=ORIENTED_EDGE('',*,*,#787,.F.);
#639=ORIENTED_EDGE('',*,*,#946,.F.);
#640=ORIENTED_EDGE('',*,*,#806,.F.);
#641=ORIENTED_EDGE('',*,*,#940,.F.);
#642=ORIENTED_EDGE('',*,*,#970,.F.);
#643=ORIENTED_EDGE('',*,*,#848,.F.);
#644=ORIENTED_EDGE('',*,*,#743,.F.);
#645=ORIENTED_EDGE('',*,*,#755,.F.);
#646=ORIENTED_EDGE('',*,*,#971,.F.);
#647=ORIENTED_EDGE('',*,*,#970,.T.);
#648=ORIENTED_EDGE('',*,*,#972,.F.);
#649=ORIENTED_EDGE('',*,*,#737,.F.);
#650=ORIENTED_EDGE('',*,*,#851,.F.);
#651=ORIENTED_EDGE('',*,*,#973,.F.);
#652=ORIENTED_EDGE('',*,*,#759,.F.);
#653=ORIENTED_EDGE('',*,*,#972,.T.);
#654=ORIENTED_EDGE('',*,*,#754,.F.);
#655=ORIENTED_EDGE('',*,*,#974,.F.);
#656=ORIENTED_EDGE('',*,*,#858,.F.);
#657=ORIENTED_EDGE('',*,*,#971,.T.);
#658=ORIENTED_EDGE('',*,*,#857,.F.);
#659=ORIENTED_EDGE('',*,*,#975,.F.);
#660=ORIENTED_EDGE('',*,*,#843,.F.);
#661=ORIENTED_EDGE('',*,*,#749,.F.);
#662=ORIENTED_EDGE('',*,*,#844,.F.);
#663=ORIENTED_EDGE('',*,*,#976,.F.);
#664=ORIENTED_EDGE('',*,*,#842,.F.);
#665=ORIENTED_EDGE('',*,*,#974,.T.);
#666=ORIENTED_EDGE('',*,*,#973,.T.);
#667=ORIENTED_EDGE('',*,*,#977,.F.);
#668=ORIENTED_EDGE('',*,*,#976,.T.);
#669=ORIENTED_EDGE('',*,*,#975,.T.);
#670=ORIENTED_EDGE('',*,*,#978,.F.);
#671=ORIENTED_EDGE('',*,*,#977,.T.);
#672=ORIENTED_EDGE('',*,*,#850,.F.);
#673=ORIENTED_EDGE('',*,*,#979,.F.);
#674=ORIENTED_EDGE('',*,*,#855,.F.);
#675=ORIENTED_EDGE('',*,*,#978,.T.);
#676=ORIENTED_EDGE('',*,*,#856,.F.);
#677=ORIENTED_EDGE('',*,*,#980,.F.);
#678=ORIENTED_EDGE('',*,*,#837,.F.);
#679=ORIENTED_EDGE('',*,*,#980,.T.);
#680=ORIENTED_EDGE('',*,*,#979,.T.);
#681=ORIENTED_EDGE('',*,*,#981,.F.);
#682=ORIENTED_EDGE('',*,*,#981,.T.);
#683=ORIENTED_EDGE('',*,*,#849,.F.);
#684=ORIENTED_EDGE('',*,*,#731,.F.);
#685=ORIENTED_EDGE('',*,*,#838,.F.);
#686=EDGE_CURVE('',#982,#983,#1182,.T.);
#687=EDGE_CURVE('',#982,#984,#1183,.T.);
#688=EDGE_CURVE('',#985,#984,#1184,.T.);
#689=EDGE_CURVE('',#986,#985,#1185,.T.);
#690=EDGE_CURVE('',#987,#986,#1186,.T.);
#691=EDGE_CURVE('',#987,#988,#1187,.T.);
#692=EDGE_CURVE('',#989,#988,#1188,.T.);
#693=EDGE_CURVE('',#989,#990,#1189,.T.);
#694=EDGE_CURVE('',#990,#991,#1190,.T.);
#695=EDGE_CURVE('',#991,#992,#1191,.T.);
#696=EDGE_CURVE('',#992,#993,#1192,.T.);
#697=EDGE_CURVE('',#994,#993,#1193,.T.);
#698=EDGE_CURVE('',#995,#994,#1194,.T.);
#699=EDGE_CURVE('',#996,#995,#1195,.T.);
#700=EDGE_CURVE('',#997,#996,#1196,.T.);
#701=EDGE_CURVE('',#998,#997,#1197,.T.);
#702=EDGE_CURVE('',#999,#998,#1198,.F.);
#703=EDGE_CURVE('',#1000,#999,#1199,.T.);
#704=EDGE_CURVE('',#1000,#1001,#1200,.T.);
#705=EDGE_CURVE('',#1001,#1002,#1201,.T.);
#706=EDGE_CURVE('',#1003,#1002,#1202,.F.);
#707=EDGE_CURVE('',#1004,#1003,#1203,.T.);
#708=EDGE_CURVE('',#1004,#1005,#1204,.T.);
#709=EDGE_CURVE('',#1005,#1006,#1205,.T.);
#710=EDGE_CURVE('',#1007,#1006,#1206,.F.);
#711=EDGE_CURVE('',#1008,#1007,#1207,.T.);
#712=EDGE_CURVE('',#1009,#1008,#1208,.T.);
#713=EDGE_CURVE('',#1009,#1010,#1209,.T.);
#714=EDGE_CURVE('',#1011,#1010,#1210,.F.);
#715=EDGE_CURVE('',#1011,#1012,#1211,.T.);
#716=EDGE_CURVE('',#1012,#1013,#1212,.T.);
#717=EDGE_CURVE('',#1013,#1014,#1213,.T.);
#718=EDGE_CURVE('',#1014,#1015,#1214,.T.);
#719=EDGE_CURVE('',#1016,#1015,#1215,.F.);
#720=EDGE_CURVE('',#1017,#1016,#1216,.T.);
#721=EDGE_CURVE('',#1018,#1017,#1217,.T.);
#722=EDGE_CURVE('',#1019,#1018,#1218,.T.);
#723=EDGE_CURVE('',#1020,#1019,#1219,.T.);
#724=EDGE_CURVE('',#1021,#1020,#1220,.T.);
#725=EDGE_CURVE('',#1022,#1021,#1221,.T.);
#726=EDGE_CURVE('',#1022,#1023,#1222,.T.);
#727=EDGE_CURVE('',#1023,#1024,#1223,.T.);
#728=EDGE_CURVE('',#1025,#1024,#1224,.T.);
#729=EDGE_CURVE('',#983,#1025,#1225,.T.);
#730=EDGE_CURVE('',#1026,#1027,#1226,.T.);
#731=EDGE_CURVE('',#1027,#1028,#90,.T.);
#732=EDGE_CURVE('',#1028,#1029,#1227,.T.);
#733=EDGE_CURVE('',#1030,#1029,#1228,.T.);
#734=EDGE_CURVE('',#1030,#1031,#1229,.T.);
#735=EDGE_CURVE('',#1031,#1032,#1230,.T.);
#736=EDGE_CURVE('',#1032,#1033,#1231,.T.);
#737=EDGE_CURVE('',#1033,#1034,#91,.T.);
#738=EDGE_CURVE('',#1034,#1035,#1232,.F.);
#739=EDGE_CURVE('',#1036,#1035,#1233,.T.);
#740=EDGE_CURVE('',#1036,#1037,#1234,.T.);
#741=EDGE_CURVE('',#1037,#1038,#1235,.T.);
#742=EDGE_CURVE('',#1038,#1039,#1236,.F.);
#743=EDGE_CURVE('',#1039,#1040,#92,.T.);
#744=EDGE_CURVE('',#1040,#1041,#1237,.F.);
#745=EDGE_CURVE('',#1042,#1041,#1238,.T.);
#746=EDGE_CURVE('',#1042,#1043,#1239,.F.);
#747=EDGE_CURVE('',#1043,#1044,#1240,.T.);
#748=EDGE_CURVE('',#1044,#1045,#1241,.F.);
#749=EDGE_CURVE('',#1045,#1046,#93,.T.);
#750=EDGE_CURVE('',#1046,#1047,#1242,.T.);
#751=EDGE_CURVE('',#1048,#1047,#1243,.T.);
#752=EDGE_CURVE('',#1048,#1049,#1244,.T.);
#753=EDGE_CURVE('',#1026,#1049,#1245,.T.);
#754=EDGE_CURVE('',#1050,#1051,#1246,.T.);
#755=EDGE_CURVE('',#1051,#1039,#1247,.F.);
#756=EDGE_CURVE('',#1038,#1052,#1248,.T.);
#757=EDGE_CURVE('',#1052,#1053,#1249,.T.);
#758=EDGE_CURVE('',#1035,#1053,#1250,.T.);
#759=EDGE_CURVE('',#1034,#1050,#1251,.F.);
#760=EDGE_CURVE('',#1054,#1055,#1252,.F.);
#761=EDGE_CURVE('',#1055,#1003,#1253,.T.);
#762=EDGE_CURVE('',#1056,#1002,#1254,.T.);
#763=EDGE_CURVE('',#1056,#1057,#1255,.F.);
#764=EDGE_CURVE('',#1057,#999,#1256,.T.);
#765=EDGE_CURVE('',#1058,#998,#1257,.T.);
#766=EDGE_CURVE('',#1058,#1059,#1258,.F.);
#767=EDGE_CURVE('',#1060,#1059,#1259,.T.);
#768=EDGE_CURVE('',#1061,#1060,#1260,.F.);
#769=EDGE_CURVE('',#1061,#1062,#1261,.T.);
#770=EDGE_CURVE('',#1062,#1063,#1262,.F.);
#771=EDGE_CURVE('',#1063,#1011,#1263,.T.);
#772=EDGE_CURVE('',#1064,#1010,#1264,.T.);
#773=EDGE_CURVE('',#1064,#1065,#1265,.F.);
#774=EDGE_CURVE('',#1065,#1007,#1266,.T.);
#775=EDGE_CURVE('',#1054,#1006,#1267,.T.);
#776=EDGE_CURVE('',#1066,#1067,#1268,.T.);
#777=EDGE_CURVE('',#1066,#1068,#42,.F.);
#778=EDGE_CURVE('',#1068,#1069,#1269,.T.);
#779=EDGE_CURVE('',#1069,#1070,#43,.F.);
#780=EDGE_CURVE('',#1070,#1071,#1270,.T.);
#781=EDGE_CURVE('',#1071,#1072,#44,.F.);
#782=EDGE_CURVE('',#1073,#1072,#1271,.T.);
#783=EDGE_CURVE('',#1073,#1067,#45,.F.);
#784=EDGE_CURVE('',#1074,#1075,#1272,.T.);
#785=EDGE_CURVE('',#1075,#1076,#46,.T.);
#786=EDGE_CURVE('',#1077,#1076,#1273,.T.);
#787=EDGE_CURVE('',#1077,#1078,#47,.T.);
#788=EDGE_CURVE('',#1079,#1078,#1274,.T.);
#789=EDGE_CURVE('',#1079,#1080,#48,.T.);
#790=EDGE_CURVE('',#1080,#1081,#1275,.T.);
#791=EDGE_CURVE('',#1081,#1074,#49,.T.);
#792=EDGE_CURVE('',#1082,#1083,#1276,.T.);
#793=EDGE_CURVE('',#1082,#1084,#50,.F.);
#794=EDGE_CURVE('',#1084,#1085,#1277,.T.);
#795=EDGE_CURVE('',#1085,#1086,#51,.F.);
#796=EDGE_CURVE('',#1086,#1087,#1278,.T.);
#797=EDGE_CURVE('',#1087,#1088,#52,.F.);
#798=EDGE_CURVE('',#1089,#1088,#1279,.T.);
#799=EDGE_CURVE('',#1089,#1083,#53,.F.);
#800=EDGE_CURVE('',#1048,#1090,#1280,.T.);
#801=EDGE_CURVE('',#1090,#1091,#1281,.T.);
#802=EDGE_CURVE('',#1091,#1049,#1282,.T.);
#803=EDGE_CURVE('',#1092,#1093,#1283,.T.);
#804=EDGE_CURVE('',#1092,#1094,#54,.F.);
#805=EDGE_CURVE('',#1094,#1095,#1284,.T.);
#806=EDGE_CURVE('',#1095,#1096,#55,.F.);
#807=EDGE_CURVE('',#1096,#1097,#1285,.T.);
#808=EDGE_CURVE('',#1097,#1098,#56,.F.);
#809=EDGE_CURVE('',#1099,#1098,#1286,.T.);
#810=EDGE_CURVE('',#1099,#1093,#57,.F.);
#811=EDGE_CURVE('',#1059,#1100,#1287,.T.);
#812=EDGE_CURVE('',#1100,#994,#1288,.T.);
#813=EDGE_CURVE('',#1101,#993,#1289,.T.);
#814=EDGE_CURVE('',#1101,#1102,#1290,.T.);
#815=EDGE_CURVE('',#1103,#1102,#1291,.T.);
#816=EDGE_CURVE('',#1060,#1103,#1292,.F.);
#817=EDGE_CURVE('',#1104,#1105,#1293,.T.);
#818=EDGE_CURVE('',#1105,#985,#1294,.T.);
#819=EDGE_CURVE('',#1106,#984,#1295,.T.);
#820=EDGE_CURVE('',#1106,#1107,#1296,.T.);
#821=EDGE_CURVE('',#1107,#1025,#1297,.T.);
#822=EDGE_CURVE('',#1108,#1024,#1298,.T.);
#823=EDGE_CURVE('',#1108,#1109,#1299,.T.);
#824=EDGE_CURVE('',#1109,#1021,#1300,.T.);
#825=EDGE_CURVE('',#1110,#1020,#1301,.T.);
#826=EDGE_CURVE('',#1110,#1111,#1302,.T.);
#827=EDGE_CURVE('',#1112,#1111,#1303,.T.);
#828=EDGE_CURVE('',#1103,#1112,#1304,.F.);
#829=EDGE_CURVE('',#1102,#1113,#1305,.T.);
#830=EDGE_CURVE('',#1113,#989,#1306,.T.);
#831=EDGE_CURVE('',#1104,#988,#1307,.T.);
#832=EDGE_CURVE('',#1114,#1015,#1308,.T.);
#833=EDGE_CURVE('',#1114,#1062,#1309,.F.);
#834=EDGE_CURVE('',#1112,#1061,#1310,.F.);
#835=EDGE_CURVE('',#1111,#1115,#1311,.F.);
#836=EDGE_CURVE('',#1115,#1016,#1312,.T.);
#837=EDGE_CURVE('',#1116,#1117,#1313,.T.);
#838=EDGE_CURVE('',#1117,#1027,#1314,.T.);
#839=EDGE_CURVE('',#1118,#1026,#1315,.T.);
#840=EDGE_CURVE('',#1119,#1118,#1316,.T.);
#841=EDGE_CURVE('',#1047,#1119,#1317,.T.);
#842=EDGE_CURVE('',#1046,#1116,#1318,.T.);
#843=EDGE_CURVE('',#1120,#1121,#1319,.T.);
#844=EDGE_CURVE('',#1121,#1045,#1320,.F.);
#845=EDGE_CURVE('',#1122,#1044,#1321,.T.);
#846=EDGE_CURVE('',#1123,#1122,#1322,.T.);
#847=EDGE_CURVE('',#1123,#1041,#1323,.T.);
#848=EDGE_CURVE('',#1040,#1120,#1324,.F.);
#849=EDGE_CURVE('',#1028,#1124,#1325,.T.);
#850=EDGE_CURVE('',#1124,#1125,#1326,.T.);
#851=EDGE_CURVE('',#1125,#1033,#1327,.T.);
#852=EDGE_CURVE('',#1126,#1032,#1328,.T.);
#853=EDGE_CURVE('',#1127,#1126,#1329,.T.);
#854=EDGE_CURVE('',#1127,#1029,#1330,.T.);
#855=EDGE_CURVE('',#1128,#1129,#1331,.F.);
#856=EDGE_CURVE('',#1129,#1130,#1332,.T.);
#857=EDGE_CURVE('',#1130,#1131,#1333,.T.);
#858=EDGE_CURVE('',#1131,#1128,#1334,.F.);
#859=EDGE_CURVE('',#1132,#1019,#1335,.T.);
#860=EDGE_CURVE('',#1110,#1132,#1336,.T.);
#861=EDGE_CURVE('',#1133,#1018,#1337,.T.);
#862=EDGE_CURVE('',#1132,#1133,#1338,.T.);
#863=EDGE_CURVE('',#1134,#1017,#1339,.T.);
#864=EDGE_CURVE('',#1133,#1134,#1340,.T.);
#865=EDGE_CURVE('',#1134,#1115,#1341,.T.);
#866=EDGE_CURVE('',#1135,#1135,#58,.F.);
#867=EDGE_CURVE('',#1136,#1014,#1342,.T.);
#868=EDGE_CURVE('',#1136,#1114,#1343,.T.);
#869=EDGE_CURVE('',#1137,#1013,#1344,.T.);
#870=EDGE_CURVE('',#1137,#1136,#1345,.T.);
#871=EDGE_CURVE('',#1138,#1012,#1346,.T.);
#872=EDGE_CURVE('',#1138,#1137,#1347,.T.);
#873=EDGE_CURVE('',#1063,#1138,#1348,.T.);
#874=EDGE_CURVE('',#1139,#1139,#59,.T.);
#875=EDGE_CURVE('',#1140,#992,#1349,.T.);
#876=EDGE_CURVE('',#1140,#1101,#1350,.T.);
#877=EDGE_CURVE('',#1141,#991,#1351,.T.);
#878=EDGE_CURVE('',#1141,#1140,#1352,.T.);
#879=EDGE_CURVE('',#1142,#990,#1353,.T.);
#880=EDGE_CURVE('',#1142,#1141,#1354,.T.);
#881=EDGE_CURVE('',#1113,#1142,#1355,.T.);
#882=EDGE_CURVE('',#1143,#1143,#60,.T.);
#883=EDGE_CURVE('',#1144,#1023,#1356,.T.);
#884=EDGE_CURVE('',#1144,#1108,#1357,.T.);
#885=EDGE_CURVE('',#1145,#1022,#1358,.T.);
#886=EDGE_CURVE('',#1145,#1144,#1359,.T.);
#887=EDGE_CURVE('',#1145,#1109,#1360,.T.);
#888=EDGE_CURVE('',#1146,#1146,#61,.F.);
#889=EDGE_CURVE('',#1147,#982,#1361,.T.);
#890=EDGE_CURVE('',#1147,#1106,#1362,.T.);
#891=EDGE_CURVE('',#1148,#983,#1363,.T.);
#892=EDGE_CURVE('',#1147,#1148,#1364,.T.);
#893=EDGE_CURVE('',#1148,#1107,#1365,.T.);
#894=EDGE_CURVE('',#1149,#1149,#62,.T.);
#895=EDGE_CURVE('',#1150,#986,#1366,.T.);
#896=EDGE_CURVE('',#1151,#1150,#1367,.T.);
#897=EDGE_CURVE('',#1151,#987,#1368,.T.);
#898=EDGE_CURVE('',#1150,#1105,#1369,.T.);
#899=EDGE_CURVE('',#1151,#1104,#1370,.T.);
#900=EDGE_CURVE('',#1152,#1152,#63,.T.);
#901=EDGE_CURVE('',#1153,#997,#1371,.T.);
#902=EDGE_CURVE('',#1058,#1153,#1372,.T.);
#903=EDGE_CURVE('',#1154,#996,#1373,.T.);
#904=EDGE_CURVE('',#1153,#1154,#1374,.T.);
#905=EDGE_CURVE('',#1155,#995,#1375,.T.);
#906=EDGE_CURVE('',#1154,#1155,#1376,.T.);
#907=EDGE_CURVE('',#1155,#1100,#1377,.T.);
#908=EDGE_CURVE('',#1156,#1156,#64,.F.);
#909=EDGE_CURVE('',#1157,#1009,#1378,.T.);
#910=EDGE_CURVE('',#1157,#1064,#1379,.T.);
#911=EDGE_CURVE('',#1158,#1008,#1380,.T.);
#912=EDGE_CURVE('',#1157,#1158,#1381,.T.);
#913=EDGE_CURVE('',#1158,#1065,#1382,.T.);
#914=EDGE_CURVE('',#1159,#1159,#65,.T.);
#915=EDGE_CURVE('',#1160,#1000,#1383,.T.);
#916=EDGE_CURVE('',#1160,#1161,#1384,.T.);
#917=EDGE_CURVE('',#1161,#1001,#1385,.T.);
#918=EDGE_CURVE('',#1160,#1057,#1386,.T.);
#919=EDGE_CURVE('',#1161,#1056,#1387,.T.);
#920=EDGE_CURVE('',#1162,#1162,#66,.F.);
#921=EDGE_CURVE('',#1163,#1004,#1388,.T.);
#922=EDGE_CURVE('',#1163,#1164,#1389,.T.);
#923=EDGE_CURVE('',#1164,#1005,#1390,.T.);
#924=EDGE_CURVE('',#1163,#1055,#1391,.T.);
#925=EDGE_CURVE('',#1164,#1054,#1392,.T.);
#926=EDGE_CURVE('',#1165,#1165,#67,.F.);
#927=EDGE_CURVE('',#1166,#1166,#68,.T.);
#928=EDGE_CURVE('',#1167,#1167,#69,.T.);
#929=EDGE_CURVE('',#1168,#1168,#70,.T.);
#930=EDGE_CURVE('',#1169,#1169,#71,.T.);
#931=EDGE_CURVE('',#1170,#1170,#72,.T.);
#932=EDGE_CURVE('',#1171,#1171,#73,.T.);
#933=EDGE_CURVE('',#1172,#1172,#74,.T.);
#934=EDGE_CURVE('',#1173,#1173,#75,.T.);
#935=EDGE_CURVE('',#1174,#1174,#76,.T.);
#936=EDGE_CURVE('',#1175,#1175,#77,.T.);
#937=EDGE_CURVE('',#1090,#1119,#1393,.T.);
#938=EDGE_CURVE('',#1091,#1118,#1394,.T.);
#939=EDGE_CURVE('',#1094,#1079,#1395,.F.);
#940=EDGE_CURVE('',#1078,#1095,#1396,.T.);
#941=EDGE_CURVE('',#1093,#1081,#1397,.F.);
#942=EDGE_CURVE('',#1080,#1092,#1398,.T.);
#943=EDGE_CURVE('',#1098,#1075,#1399,.F.);
#944=EDGE_CURVE('',#1074,#1099,#1400,.T.);
#945=EDGE_CURVE('',#1076,#1097,#1401,.T.);
#946=EDGE_CURVE('',#1096,#1077,#1402,.F.);
#947=EDGE_CURVE('',#1086,#1069,#1403,.T.);
#948=EDGE_CURVE('',#1068,#1087,#1404,.F.);
#949=EDGE_CURVE('',#1067,#1089,#1405,.F.);
#950=EDGE_CURVE('',#1088,#1066,#1406,.T.);
#951=EDGE_CURVE('',#1083,#1073,#1407,.T.);
#952=EDGE_CURVE('',#1072,#1082,#1408,.F.);
#953=EDGE_CURVE('',#1084,#1071,#1409,.T.);
#954=EDGE_CURVE('',#1070,#1085,#1410,.F.);
#955=EDGE_CURVE('',#1176,#1122,#1411,.T.);
#956=EDGE_CURVE('',#1177,#1176,#1412,.T.);
#957=EDGE_CURVE('',#1177,#1123,#1413,.T.);
#958=EDGE_CURVE('',#1176,#1043,#1414,.T.);
#959=EDGE_CURVE('',#1177,#1042,#1415,.T.);
#960=EDGE_CURVE('',#1037,#1178,#1416,.T.);
#961=EDGE_CURVE('',#1178,#1052,#1417,.T.);
#962=EDGE_CURVE('',#1179,#1053,#1418,.T.);
#963=EDGE_CURVE('',#1036,#1179,#1419,.T.);
#964=EDGE_CURVE('',#1178,#1179,#1420,.T.);
#965=EDGE_CURVE('',#1180,#1126,#1421,.T.);
#966=EDGE_CURVE('',#1181,#1180,#1422,.T.);
#967=EDGE_CURVE('',#1181,#1127,#1423,.T.);
#968=EDGE_CURVE('',#1180,#1031,#1424,.T.);
#969=EDGE_CURVE('',#1181,#1030,#1425,.T.);
#970=EDGE_CURVE('',#1120,#1051,#78,.T.);
#971=EDGE_CURVE('',#1120,#1131,#79,.F.);
#972=EDGE_CURVE('',#1131,#1051,#80,.F.);
#973=EDGE_CURVE('',#1050,#1125,#81,.T.);
#974=EDGE_CURVE('',#1128,#1050,#82,.T.);
#975=EDGE_CURVE('',#1121,#1130,#83,.T.);
#976=EDGE_CURVE('',#1116,#1121,#84,.T.);
#977=EDGE_CURVE('',#1128,#1125,#85,.F.);
#978=EDGE_CURVE('',#1116,#1130,#86,.F.);
#979=EDGE_CURVE('',#1129,#1124,#87,.T.);
#980=EDGE_CURVE('',#1117,#1129,#88,.T.);
#981=EDGE_CURVE('',#1117,#1124,#89,.F.);
#982=VERTEX_POINT('',#2946);
#983=VERTEX_POINT('',#2947);
#984=VERTEX_POINT('',#2949);
#985=VERTEX_POINT('',#2951);
#986=VERTEX_POINT('',#2953);
#987=VERTEX_POINT('',#2955);
#988=VERTEX_POINT('',#2957);
#989=VERTEX_POINT('',#2959);
#990=VERTEX_POINT('',#2961);
#991=VERTEX_POINT('',#2963);
#992=VERTEX_POINT('',#2965);
#993=VERTEX_POINT('',#2967);
#994=VERTEX_POINT('',#2969);
#995=VERTEX_POINT('',#2971);
#996=VERTEX_POINT('',#2973);
#997=VERTEX_POINT('',#2975);
#998=VERTEX_POINT('',#2977);
#999=VERTEX_POINT('',#2979);
#1000=VERTEX_POINT('',#2981);
#1001=VERTEX_POINT('',#2983);
#1002=VERTEX_POINT('',#2985);
#1003=VERTEX_POINT('',#2987);
#1004=VERTEX_POINT('',#2989);
#1005=VERTEX_POINT('',#2991);
#1006=VERTEX_POINT('',#2993);
#1007=VERTEX_POINT('',#2995);
#1008=VERTEX_POINT('',#2997);
#1009=VERTEX_POINT('',#2999);
#1010=VERTEX_POINT('',#3001);
#1011=VERTEX_POINT('',#3003);
#1012=VERTEX_POINT('',#3005);
#1013=VERTEX_POINT('',#3007);
#1014=VERTEX_POINT('',#3009);
#1015=VERTEX_POINT('',#3011);
#1016=VERTEX_POINT('',#3013);
#1017=VERTEX_POINT('',#3015);
#1018=VERTEX_POINT('',#3017);
#1019=VERTEX_POINT('',#3019);
#1020=VERTEX_POINT('',#3021);
#1021=VERTEX_POINT('',#3023);
#1022=VERTEX_POINT('',#3025);
#1023=VERTEX_POINT('',#3027);
#1024=VERTEX_POINT('',#3029);
#1025=VERTEX_POINT('',#3031);
#1026=VERTEX_POINT('',#3034);
#1027=VERTEX_POINT('',#3035);
#1028=VERTEX_POINT('',#3037);
#1029=VERTEX_POINT('',#3039);
#1030=VERTEX_POINT('',#3041);
#1031=VERTEX_POINT('',#3043);
#1032=VERTEX_POINT('',#3045);
#1033=VERTEX_POINT('',#3047);
#1034=VERTEX_POINT('',#3049);
#1035=VERTEX_POINT('',#3051);
#1036=VERTEX_POINT('',#3053);
#1037=VERTEX_POINT('',#3055);
#1038=VERTEX_POINT('',#3057);
#1039=VERTEX_POINT('',#3059);
#1040=VERTEX_POINT('',#3061);
#1041=VERTEX_POINT('',#3063);
#1042=VERTEX_POINT('',#3065);
#1043=VERTEX_POINT('',#3067);
#1044=VERTEX_POINT('',#3069);
#1045=VERTEX_POINT('',#3071);
#1046=VERTEX_POINT('',#3073);
#1047=VERTEX_POINT('',#3075);
#1048=VERTEX_POINT('',#3077);
#1049=VERTEX_POINT('',#3079);
#1050=VERTEX_POINT('',#3083);
#1051=VERTEX_POINT('',#3084);
#1052=VERTEX_POINT('',#3087);
#1053=VERTEX_POINT('',#3089);
#1054=VERTEX_POINT('',#3094);
#1055=VERTEX_POINT('',#3095);
#1056=VERTEX_POINT('',#3098);
#1057=VERTEX_POINT('',#3100);
#1058=VERTEX_POINT('',#3103);
#1059=VERTEX_POINT('',#3105);
#1060=VERTEX_POINT('',#3107);
#1061=VERTEX_POINT('',#3109);
#1062=VERTEX_POINT('',#3111);
#1063=VERTEX_POINT('',#3113);
#1064=VERTEX_POINT('',#3116);
#1065=VERTEX_POINT('',#3118);
#1066=VERTEX_POINT('',#3122);
#1067=VERTEX_POINT('',#3123);
#1068=VERTEX_POINT('',#3125);
#1069=VERTEX_POINT('',#3127);
#1070=VERTEX_POINT('',#3129);
#1071=VERTEX_POINT('',#3131);
#1072=VERTEX_POINT('',#3133);
#1073=VERTEX_POINT('',#3135);
#1074=VERTEX_POINT('',#3139);
#1075=VERTEX_POINT('',#3140);
#1076=VERTEX_POINT('',#3142);
#1077=VERTEX_POINT('',#3144);
#1078=VERTEX_POINT('',#3146);
#1079=VERTEX_POINT('',#3148);
#1080=VERTEX_POINT('',#3150);
#1081=VERTEX_POINT('',#3152);
#1082=VERTEX_POINT('',#3155);
#1083=VERTEX_POINT('',#3156);
#1084=VERTEX_POINT('',#3158);
#1085=VERTEX_POINT('',#3160);
#1086=VERTEX_POINT('',#3162);
#1087=VERTEX_POINT('',#3164);
#1088=VERTEX_POINT('',#3166);
#1089=VERTEX_POINT('',#3168);
#1090=VERTEX_POINT('',#3172);
#1091=VERTEX_POINT('',#3174);
#1092=VERTEX_POINT('',#3177);
#1093=VERTEX_POINT('',#3178);
#1094=VERTEX_POINT('',#3180);
#1095=VERTEX_POINT('',#3182);
#1096=VERTEX_POINT('',#3184);
#1097=VERTEX_POINT('',#3186);
#1098=VERTEX_POINT('',#3188);
#1099=VERTEX_POINT('',#3190);
#1100=VERTEX_POINT('',#3194);
#1101=VERTEX_POINT('',#3197);
#1102=VERTEX_POINT('',#3199);
#1103=VERTEX_POINT('',#3201);
#1104=VERTEX_POINT('',#3205);
#1105=VERTEX_POINT('',#3206);
#1106=VERTEX_POINT('',#3209);
#1107=VERTEX_POINT('',#3211);
#1108=VERTEX_POINT('',#3214);
#1109=VERTEX_POINT('',#3216);
#1110=VERTEX_POINT('',#3219);
#1111=VERTEX_POINT('',#3221);
#1112=VERTEX_POINT('',#3223);
#1113=VERTEX_POINT('',#3226);
#1114=VERTEX_POINT('',#3231);
#1115=VERTEX_POINT('',#3235);
#1116=VERTEX_POINT('',#3239);
#1117=VERTEX_POINT('',#3240);
#1118=VERTEX_POINT('',#3243);
#1119=VERTEX_POINT('',#3245);
#1120=VERTEX_POINT('',#3250);
#1121=VERTEX_POINT('',#3251);
#1122=VERTEX_POINT('',#3254);
#1123=VERTEX_POINT('',#3256);
#1124=VERTEX_POINT('',#3261);
#1125=VERTEX_POINT('',#3263);
#1126=VERTEX_POINT('',#3266);
#1127=VERTEX_POINT('',#3268);
#1128=VERTEX_POINT('',#3272);
#1129=VERTEX_POINT('',#3273);
#1130=VERTEX_POINT('',#3275);
#1131=VERTEX_POINT('',#3277);
#1132=VERTEX_POINT('',#3282);
#1133=VERTEX_POINT('',#3286);
#1134=VERTEX_POINT('',#3290);
#1135=VERTEX_POINT('',#3296);
#1136=VERTEX_POINT('',#3299);
#1137=VERTEX_POINT('',#3303);
#1138=VERTEX_POINT('',#3307);
#1139=VERTEX_POINT('',#3313);
#1140=VERTEX_POINT('',#3316);
#1141=VERTEX_POINT('',#3320);
#1142=VERTEX_POINT('',#3324);
#1143=VERTEX_POINT('',#3330);
#1144=VERTEX_POINT('',#3333);
#1145=VERTEX_POINT('',#3337);
#1146=VERTEX_POINT('',#3343);
#1147=VERTEX_POINT('',#3346);
#1148=VERTEX_POINT('',#3350);
#1149=VERTEX_POINT('',#3356);
#1150=VERTEX_POINT('',#3359);
#1151=VERTEX_POINT('',#3361);
#1152=VERTEX_POINT('',#3369);
#1153=VERTEX_POINT('',#3372);
#1154=VERTEX_POINT('',#3376);
#1155=VERTEX_POINT('',#3380);
#1156=VERTEX_POINT('',#3386);
#1157=VERTEX_POINT('',#3389);
#1158=VERTEX_POINT('',#3393);
#1159=VERTEX_POINT('',#3399);
#1160=VERTEX_POINT('',#3402);
#1161=VERTEX_POINT('',#3404);
#1162=VERTEX_POINT('',#3412);
#1163=VERTEX_POINT('',#3415);
#1164=VERTEX_POINT('',#3417);
#1165=VERTEX_POINT('',#3425);
#1166=VERTEX_POINT('',#3428);
#1167=VERTEX_POINT('',#3432);
#1168=VERTEX_POINT('',#3436);
#1169=VERTEX_POINT('',#3440);
#1170=VERTEX_POINT('',#3444);
#1171=VERTEX_POINT('',#3448);
#1172=VERTEX_POINT('',#3452);
#1173=VERTEX_POINT('',#3456);
#1174=VERTEX_POINT('',#3460);
#1175=VERTEX_POINT('',#3464);
#1176=VERTEX_POINT('',#3497);
#1177=VERTEX_POINT('',#3499);
#1178=VERTEX_POINT('',#3508);
#1179=VERTEX_POINT('',#3512);
#1180=VERTEX_POINT('',#3519);
#1181=VERTEX_POINT('',#3521);
#1182=LINE('',#2945,#1426);
#1183=LINE('',#2948,#1427);
#1184=LINE('',#2950,#1428);
#1185=LINE('',#2952,#1429);
#1186=LINE('',#2954,#1430);
#1187=LINE('',#2956,#1431);
#1188=LINE('',#2958,#1432);
#1189=LINE('',#2960,#1433);
#1190=LINE('',#2962,#1434);
#1191=LINE('',#2964,#1435);
#1192=LINE('',#2966,#1436);
#1193=LINE('',#2968,#1437);
#1194=LINE('',#2970,#1438);
#1195=LINE('',#2972,#1439);
#1196=LINE('',#2974,#1440);
#1197=LINE('',#2976,#1441);
#1198=LINE('',#2978,#1442);
#1199=LINE('',#2980,#1443);
#1200=LINE('',#2982,#1444);
#1201=LINE('',#2984,#1445);
#1202=LINE('',#2986,#1446);
#1203=LINE('',#2988,#1447);
#1204=LINE('',#2990,#1448);
#1205=LINE('',#2992,#1449);
#1206=LINE('',#2994,#1450);
#1207=LINE('',#2996,#1451);
#1208=LINE('',#2998,#1452);
#1209=LINE('',#3000,#1453);
#1210=LINE('',#3002,#1454);
#1211=LINE('',#3004,#1455);
#1212=LINE('',#3006,#1456);
#1213=LINE('',#3008,#1457);
#1214=LINE('',#3010,#1458);
#1215=LINE('',#3012,#1459);
#1216=LINE('',#3014,#1460);
#1217=LINE('',#3016,#1461);
#1218=LINE('',#3018,#1462);
#1219=LINE('',#3020,#1463);
#1220=LINE('',#3022,#1464);
#1221=LINE('',#3024,#1465);
#1222=LINE('',#3026,#1466);
#1223=LINE('',#3028,#1467);
#1224=LINE('',#3030,#1468);
#1225=LINE('',#3032,#1469);
#1226=LINE('',#3033,#1470);
#1227=LINE('',#3038,#1471);
#1228=LINE('',#3040,#1472);
#1229=LINE('',#3042,#1473);
#1230=LINE('',#3044,#1474);
#1231=LINE('',#3046,#1475);
#1232=LINE('',#3050,#1476);
#1233=LINE('',#3052,#1477);
#1234=LINE('',#3054,#1478);
#1235=LINE('',#3056,#1479);
#1236=LINE('',#3058,#1480);
#1237=LINE('',#3062,#1481);
#1238=LINE('',#3064,#1482);
#1239=LINE('',#3066,#1483);
#1240=LINE('',#3068,#1484);
#1241=LINE('',#3070,#1485);
#1242=LINE('',#3074,#1486);
#1243=LINE('',#3076,#1487);
#1244=LINE('',#3078,#1488);
#1245=LINE('',#3080,#1489);
#1246=LINE('',#3082,#1490);
#1247=LINE('',#3085,#1491);
#1248=LINE('',#3086,#1492);
#1249=LINE('',#3088,#1493);
#1250=LINE('',#3090,#1494);
#1251=LINE('',#3091,#1495);
#1252=LINE('',#3093,#1496);
#1253=LINE('',#3096,#1497);
#1254=LINE('',#3097,#1498);
#1255=LINE('',#3099,#1499);
#1256=LINE('',#3101,#1500);
#1257=LINE('',#3102,#1501);
#1258=LINE('',#3104,#1502);
#1259=LINE('',#3106,#1503);
#1260=LINE('',#3108,#1504);
#1261=LINE('',#3110,#1505);
#1262=LINE('',#3112,#1506);
#1263=LINE('',#3114,#1507);
#1264=LINE('',#3115,#1508);
#1265=LINE('',#3117,#1509);
#1266=LINE('',#3119,#1510);
#1267=LINE('',#3120,#1511);
#1268=LINE('',#3121,#1512);
#1269=LINE('',#3126,#1513);
#1270=LINE('',#3130,#1514);
#1271=LINE('',#3134,#1515);
#1272=LINE('',#3138,#1516);
#1273=LINE('',#3143,#1517);
#1274=LINE('',#3147,#1518);
#1275=LINE('',#3151,#1519);
#1276=LINE('',#3154,#1520);
#1277=LINE('',#3159,#1521);
#1278=LINE('',#3163,#1522);
#1279=LINE('',#3167,#1523);
#1280=LINE('',#3171,#1524);
#1281=LINE('',#3173,#1525);
#1282=LINE('',#3175,#1526);
#1283=LINE('',#3176,#1527);
#1284=LINE('',#3181,#1528);
#1285=LINE('',#3185,#1529);
#1286=LINE('',#3189,#1530);
#1287=LINE('',#3193,#1531);
#1288=LINE('',#3195,#1532);
#1289=LINE('',#3196,#1533);
#1290=LINE('',#3198,#1534);
#1291=LINE('',#3200,#1535);
#1292=LINE('',#3202,#1536);
#1293=LINE('',#3204,#1537);
#1294=LINE('',#3207,#1538);
#1295=LINE('',#3208,#1539);
#1296=LINE('',#3210,#1540);
#1297=LINE('',#3212,#1541);
#1298=LINE('',#3213,#1542);
#1299=LINE('',#3215,#1543);
#1300=LINE('',#3217,#1544);
#1301=LINE('',#3218,#1545);
#1302=LINE('',#3220,#1546);
#1303=LINE('',#3222,#1547);
#1304=LINE('',#3224,#1548);
#1305=LINE('',#3225,#1549);
#1306=LINE('',#3227,#1550);
#1307=LINE('',#3228,#1551);
#1308=LINE('',#3230,#1552);
#1309=LINE('',#3232,#1553);
#1310=LINE('',#3233,#1554);
#1311=LINE('',#3234,#1555);
#1312=LINE('',#3236,#1556);
#1313=LINE('',#3238,#1557);
#1314=LINE('',#3241,#1558);
#1315=LINE('',#3242,#1559);
#1316=LINE('',#3244,#1560);
#1317=LINE('',#3246,#1561);
#1318=LINE('',#3247,#1562);
#1319=LINE('',#3249,#1563);
#1320=LINE('',#3252,#1564);
#1321=LINE('',#3253,#1565);
#1322=LINE('',#3255,#1566);
#1323=LINE('',#3257,#1567);
#1324=LINE('',#3258,#1568);
#1325=LINE('',#3260,#1569);
#1326=LINE('',#3262,#1570);
#1327=LINE('',#3264,#1571);
#1328=LINE('',#3265,#1572);
#1329=LINE('',#3267,#1573);
#1330=LINE('',#3269,#1574);
#1331=LINE('',#3271,#1575);
#1332=LINE('',#3274,#1576);
#1333=LINE('',#3276,#1577);
#1334=LINE('',#3278,#1578);
#1335=LINE('',#3281,#1579);
#1336=LINE('',#3283,#1580);
#1337=LINE('',#3285,#1581);
#1338=LINE('',#3287,#1582);
#1339=LINE('',#3289,#1583);
#1340=LINE('',#3291,#1584);
#1341=LINE('',#3293,#1585);
#1342=LINE('',#3298,#1586);
#1343=LINE('',#3300,#1587);
#1344=LINE('',#3302,#1588);
#1345=LINE('',#3304,#1589);
#1346=LINE('',#3306,#1590);
#1347=LINE('',#3308,#1591);
#1348=LINE('',#3310,#1592);
#1349=LINE('',#3315,#1593);
#1350=LINE('',#3317,#1594);
#1351=LINE('',#3319,#1595);
#1352=LINE('',#3321,#1596);
#1353=LINE('',#3323,#1597);
#1354=LINE('',#3325,#1598);
#1355=LINE('',#3327,#1599);
#1356=LINE('',#3332,#1600);
#1357=LINE('',#3334,#1601);
#1358=LINE('',#3336,#1602);
#1359=LINE('',#3338,#1603);
#1360=LINE('',#3340,#1604);
#1361=LINE('',#3345,#1605);
#1362=LINE('',#3347,#1606);
#1363=LINE('',#3349,#1607);
#1364=LINE('',#3351,#1608);
#1365=LINE('',#3353,#1609);
#1366=LINE('',#3358,#1610);
#1367=LINE('',#3360,#1611);
#1368=LINE('',#3362,#1612);
#1369=LINE('',#3364,#1613);
#1370=LINE('',#3366,#1614);
#1371=LINE('',#3371,#1615);
#1372=LINE('',#3373,#1616);
#1373=LINE('',#3375,#1617);
#1374=LINE('',#3377,#1618);
#1375=LINE('',#3379,#1619);
#1376=LINE('',#3381,#1620);
#1377=LINE('',#3383,#1621);
#1378=LINE('',#3388,#1622);
#1379=LINE('',#3390,#1623);
#1380=LINE('',#3392,#1624);
#1381=LINE('',#3394,#1625);
#1382=LINE('',#3396,#1626);
#1383=LINE('',#3401,#1627);
#1384=LINE('',#3403,#1628);
#1385=LINE('',#3405,#1629);
#1386=LINE('',#3407,#1630);
#1387=LINE('',#3409,#1631);
#1388=LINE('',#3414,#1632);
#1389=LINE('',#3416,#1633);
#1390=LINE('',#3418,#1634);
#1391=LINE('',#3420,#1635);
#1392=LINE('',#3422,#1636);
#1393=LINE('',#3467,#1637);
#1394=LINE('',#3469,#1638);
#1395=LINE('',#3472,#1639);
#1396=LINE('',#3473,#1640);
#1397=LINE('',#3475,#1641);
#1398=LINE('',#3476,#1642);
#1399=LINE('',#3478,#1643);
#1400=LINE('',#3479,#1644);
#1401=LINE('',#3481,#1645);
#1402=LINE('',#3482,#1646);
#1403=LINE('',#3484,#1647);
#1404=LINE('',#3485,#1648);
#1405=LINE('',#3487,#1649);
#1406=LINE('',#3488,#1650);
#1407=LINE('',#3490,#1651);
#1408=LINE('',#3491,#1652);
#1409=LINE('',#3493,#1653);
#1410=LINE('',#3494,#1654);
#1411=LINE('',#3496,#1655);
#1412=LINE('',#3498,#1656);
#1413=LINE('',#3500,#1657);
#1414=LINE('',#3502,#1658);
#1415=LINE('',#3504,#1659);
#1416=LINE('',#3507,#1660);
#1417=LINE('',#3509,#1661);
#1418=LINE('',#3511,#1662);
#1419=LINE('',#3513,#1663);
#1420=LINE('',#3515,#1664);
#1421=LINE('',#3518,#1665);
#1422=LINE('',#3520,#1666);
#1423=LINE('',#3522,#1667);
#1424=LINE('',#3524,#1668);
#1425=LINE('',#3526,#1669);
#1426=VECTOR('',#2357,1.);
#1427=VECTOR('',#2358,1.);
#1428=VECTOR('',#2359,1.);
#1429=VECTOR('',#2360,1.);
#1430=VECTOR('',#2361,1.);
#1431=VECTOR('',#2362,1.);
#1432=VECTOR('',#2363,1.);
#1433=VECTOR('',#2364,1.);
#1434=VECTOR('',#2365,1.);
#1435=VECTOR('',#2366,1.);
#1436=VECTOR('',#2367,1.);
#1437=VECTOR('',#2368,1.);
#1438=VECTOR('',#2369,1.);
#1439=VECTOR('',#2370,1.);
#1440=VECTOR('',#2371,1.);
#1441=VECTOR('',#2372,1.);
#1442=VECTOR('',#2373,1.);
#1443=VECTOR('',#2374,1.);
#1444=VECTOR('',#2375,1.);
#1445=VECTOR('',#2376,1.);
#1446=VECTOR('',#2377,1.);
#1447=VECTOR('',#2378,1.);
#1448=VECTOR('',#2379,1.);
#1449=VECTOR('',#2380,1.);
#1450=VECTOR('',#2381,1.);
#1451=VECTOR('',#2382,1.);
#1452=VECTOR('',#2383,1.);
#1453=VECTOR('',#2384,1.);
#1454=VECTOR('',#2385,1.);
#1455=VECTOR('',#2386,1.);
#1456=VECTOR('',#2387,1.);
#1457=VECTOR('',#2388,1.);
#1458=VECTOR('',#2389,1.);
#1459=VECTOR('',#2390,1.);
#1460=VECTOR('',#2391,1.);
#1461=VECTOR('',#2392,1.);
#1462=VECTOR('',#2393,1.);
#1463=VECTOR('',#2394,1.);
#1464=VECTOR('',#2395,1.);
#1465=VECTOR('',#2396,1.);
#1466=VECTOR('',#2397,1.);
#1467=VECTOR('',#2398,1.);
#1468=VECTOR('',#2399,1.);
#1469=VECTOR('',#2400,1.);
#1470=VECTOR('',#2401,1.);
#1471=VECTOR('',#2404,1.);
#1472=VECTOR('',#2405,1.);
#1473=VECTOR('',#2406,1.);
#1474=VECTOR('',#2407,1.);
#1475=VECTOR('',#2408,1.);
#1476=VECTOR('',#2411,1.);
#1477=VECTOR('',#2412,1.);
#1478=VECTOR('',#2413,1.);
#1479=VECTOR('',#2414,1.);
#1480=VECTOR('',#2415,1.);
#1481=VECTOR('',#2418,1.);
#1482=VECTOR('',#2419,1.);
#1483=VECTOR('',#2420,1.);
#1484=VECTOR('',#2421,1.);
#1485=VECTOR('',#2422,1.);
#1486=VECTOR('',#2425,1.);
#1487=VECTOR('',#2426,1.);
#1488=VECTOR('',#2427,1.);
#1489=VECTOR('',#2428,1.);
#1490=VECTOR('',#2431,1.);
#1491=VECTOR('',#2432,1.);
#1492=VECTOR('',#2433,1.);
#1493=VECTOR('',#2434,1.);
#1494=VECTOR('',#2435,1.);
#1495=VECTOR('',#2436,1.);
#1496=VECTOR('',#2439,1.);
#1497=VECTOR('',#2440,1.);
#1498=VECTOR('',#2441,1.);
#1499=VECTOR('',#2442,1.);
#1500=VECTOR('',#2443,1.);
#1501=VECTOR('',#2444,1.);
#1502=VECTOR('',#2445,1.);
#1503=VECTOR('',#2446,1.);
#1504=VECTOR('',#2447,1.);
#1505=VECTOR('',#2448,1.);
#1506=VECTOR('',#2449,1.);
#1507=VECTOR('',#2450,1.);
#1508=VECTOR('',#2451,1.);
#1509=VECTOR('',#2452,1.);
#1510=VECTOR('',#2453,1.);
#1511=VECTOR('',#2454,1.);
#1512=VECTOR('',#2455,1.);
#1513=VECTOR('',#2458,1.);
#1514=VECTOR('',#2461,1.);
#1515=VECTOR('',#2464,1.);
#1516=VECTOR('',#2469,1.);
#1517=VECTOR('',#2472,1.);
#1518=VECTOR('',#2475,1.);
#1519=VECTOR('',#2478,1.);
#1520=VECTOR('',#2481,1.);
#1521=VECTOR('',#2484,1.);
#1522=VECTOR('',#2487,1.);
#1523=VECTOR('',#2490,1.);
#1524=VECTOR('',#2495,1.);
#1525=VECTOR('',#2496,1.);
#1526=VECTOR('',#2497,1.);
#1527=VECTOR('',#2498,1.);
#1528=VECTOR('',#2501,1.);
#1529=VECTOR('',#2504,1.);
#1530=VECTOR('',#2507,1.);
#1531=VECTOR('',#2512,1.);
#1532=VECTOR('',#2513,1.);
#1533=VECTOR('',#2514,1.);
#1534=VECTOR('',#2515,1.);
#1535=VECTOR('',#2516,1.);
#1536=VECTOR('',#2517,1.);
#1537=VECTOR('',#2520,1.);
#1538=VECTOR('',#2521,1.);
#1539=VECTOR('',#2522,1.);
#1540=VECTOR('',#2523,1.);
#1541=VECTOR('',#2524,1.);
#1542=VECTOR('',#2525,1.);
#1543=VECTOR('',#2526,1.);
#1544=VECTOR('',#2527,1.);
#1545=VECTOR('',#2528,1.);
#1546=VECTOR('',#2529,1.);
#1547=VECTOR('',#2530,1.);
#1548=VECTOR('',#2531,1.);
#1549=VECTOR('',#2532,1.);
#1550=VECTOR('',#2533,1.);
#1551=VECTOR('',#2534,1.);
#1552=VECTOR('',#2537,1.);
#1553=VECTOR('',#2538,1.);
#1554=VECTOR('',#2539,1.);
#1555=VECTOR('',#2540,1.);
#1556=VECTOR('',#2541,1.);
#1557=VECTOR('',#2544,1.);
#1558=VECTOR('',#2545,1.);
#1559=VECTOR('',#2546,1.);
#1560=VECTOR('',#2547,1.);
#1561=VECTOR('',#2548,1.);
#1562=VECTOR('',#2549,1.);
#1563=VECTOR('',#2552,1.);
#1564=VECTOR('',#2553,1.);
#1565=VECTOR('',#2554,1.);
#1566=VECTOR('',#2555,1.);
#1567=VECTOR('',#2556,1.);
#1568=VECTOR('',#2557,1.);
#1569=VECTOR('',#2560,1.);
#1570=VECTOR('',#2561,1.);
#1571=VECTOR('',#2562,1.);
#1572=VECTOR('',#2563,1.);
#1573=VECTOR('',#2564,1.);
#1574=VECTOR('',#2565,1.);
#1575=VECTOR('',#2568,1.);
#1576=VECTOR('',#2569,1.);
#1577=VECTOR('',#2570,1.);
#1578=VECTOR('',#2571,1.);
#1579=VECTOR('',#2576,1.);
#1580=VECTOR('',#2577,1.);
#1581=VECTOR('',#2580,1.);
#1582=VECTOR('',#2581,1.);
#1583=VECTOR('',#2584,1.);
#1584=VECTOR('',#2585,1.);
#1585=VECTOR('',#2588,1.);
#1586=VECTOR('',#2595,1.);
#1587=VECTOR('',#2596,1.);
#1588=VECTOR('',#2599,1.);
#1589=VECTOR('',#2600,1.);
#1590=VECTOR('',#2603,1.);
#1591=VECTOR('',#2604,1.);
#1592=VECTOR('',#2607,1.);
#1593=VECTOR('',#2614,1.);
#1594=VECTOR('',#2615,1.);
#1595=VECTOR('',#2618,1.);
#1596=VECTOR('',#2619,1.);
#1597=VECTOR('',#2622,1.);
#1598=VECTOR('',#2623,1.);
#1599=VECTOR('',#2626,1.);
#1600=VECTOR('',#2633,1.);
#1601=VECTOR('',#2634,1.);
#1602=VECTOR('',#2637,1.);
#1603=VECTOR('',#2638,1.);
#1604=VECTOR('',#2641,1.);
#1605=VECTOR('',#2648,1.);
#1606=VECTOR('',#2649,1.);
#1607=VECTOR('',#2652,1.);
#1608=VECTOR('',#2653,1.);
#1609=VECTOR('',#2656,1.);
#1610=VECTOR('',#2663,1.);
#1611=VECTOR('',#2664,1.);
#1612=VECTOR('',#2665,1.);
#1613=VECTOR('',#2668,1.);
#1614=VECTOR('',#2671,1.);
#1615=VECTOR('',#2678,1.);
#1616=VECTOR('',#2679,1.);
#1617=VECTOR('',#2682,1.);
#1618=VECTOR('',#2683,1.);
#1619=VECTOR('',#2686,1.);
#1620=VECTOR('',#2687,1.);
#1621=VECTOR('',#2690,1.);
#1622=VECTOR('',#2697,1.);
#1623=VECTOR('',#2698,1.);
#1624=VECTOR('',#2701,1.);
#1625=VECTOR('',#2702,1.);
#1626=VECTOR('',#2705,1.);
#1627=VECTOR('',#2712,1.);
#1628=VECTOR('',#2713,1.);
#1629=VECTOR('',#2714,1.);
#1630=VECTOR('',#2717,1.);
#1631=VECTOR('',#2720,1.);
#1632=VECTOR('',#2727,1.);
#1633=VECTOR('',#2728,1.);
#1634=VECTOR('',#2729,1.);
#1635=VECTOR('',#2732,1.);
#1636=VECTOR('',#2735,1.);
#1637=VECTOR('',#2802,1.);
#1638=VECTOR('',#2805,1.);
#1639=VECTOR('',#2810,1.);
#1640=VECTOR('',#2811,1.);
#1641=VECTOR('',#2814,1.);
#1642=VECTOR('',#2815,1.);
#1643=VECTOR('',#2818,1.);
#1644=VECTOR('',#2819,1.);
#1645=VECTOR('',#2822,1.);
#1646=VECTOR('',#2823,1.);
#1647=VECTOR('',#2826,1.);
#1648=VECTOR('',#2827,1.);
#1649=VECTOR('',#2830,1.);
#1650=VECTOR('',#2831,1.);
#1651=VECTOR('',#2834,1.);
#1652=VECTOR('',#2835,1.);
#1653=VECTOR('',#2838,1.);
#1654=VECTOR('',#2839,1.);
#1655=VECTOR('',#2842,1.);
#1656=VECTOR('',#2843,1.);
#1657=VECTOR('',#2844,1.);
#1658=VECTOR('',#2847,1.);
#1659=VECTOR('',#2850,1.);
#1660=VECTOR('',#2855,1.);
#1661=VECTOR('',#2856,1.);
#1662=VECTOR('',#2859,1.);
#1663=VECTOR('',#2860,1.);
#1664=VECTOR('',#2863,1.);
#1665=VECTOR('',#2868,1.);
#1666=VECTOR('',#2869,1.);
#1667=VECTOR('',#2870,1.);
#1668=VECTOR('',#2873,1.);
#1669=VECTOR('',#2876,1.);
#1670=EDGE_LOOP('',(#94,#95,#96,#97,#98,#99,#100,#101,#102,#103,#104,#105,#106,#107,#108,#109,#110,#111,#112,#113,#114,#115,#116,#117,#118,#119,#120,#121,#122,#123,#124,#125,#126,#127,#128,#129,#130,#131,#132,#133,#134,#135,#136,#137));
#1671=EDGE_LOOP('',(#138,#139,#140,#141,#142,#143,#144,#145,#146,#147,#148,#149,#150,#151,#152,#153,#154,#155,#156,#157,#158,#159,#160,#161));
#1672=EDGE_LOOP('',(#162,#163,#164,#165,#166,#167,#168,#169));
#1673=EDGE_LOOP('',(#170,#171,#172,#173,#174,#175,#176,#177,#178,#179,#180,#181,#182,#183,#184,#185,#186,#187,#188,#189));
#1674=EDGE_LOOP('',(#190,#191,#192,#193,#194,#195,#196,#197));
#1675=EDGE_LOOP('',(#198,#199,#200,#201,#202,#203,#204,#205));
#1676=EDGE_LOOP('',(#206,#207,#208,#209,#210,#211,#212,#213));
#1677=EDGE_LOOP('',(#214,#215,#216,#217));
#1678=EDGE_LOOP('',(#218,#219,#220,#221,#222,#223,#224,#225));
#1679=EDGE_LOOP('',(#226,#227,#228,#229,#230,#231,#232,#233));
#1680=EDGE_LOOP('',(#234,#235,#236,#237,#238,#239,#240,#241,#242,#243,#244,#245,#246,#247,#248,#249,#250,#251,#252,#253));
#1681=EDGE_LOOP('',(#254,#255,#256,#257,#258,#259,#260,#261));
#1682=EDGE_LOOP('',(#262,#263,#264,#265,#266,#267,#268,#269));
#1683=EDGE_LOOP('',(#270,#271,#272,#273,#274,#275,#276,#277));
#1684=EDGE_LOOP('',(#278,#279,#280,#281,#282,#283,#284,#285));
#1685=EDGE_LOOP('',(#286,#287,#288,#289));
#1686=EDGE_LOOP('',(#290,#291,#292,#293));
#1687=EDGE_LOOP('',(#294,#295,#296,#297));
#1688=EDGE_LOOP('',(#298,#299,#300,#301));
#1689=EDGE_LOOP('',(#302,#303,#304,#305));
#1690=EDGE_LOOP('',(#306,#307,#308,#309));
#1691=EDGE_LOOP('',(#310));
#1692=EDGE_LOOP('',(#311,#312,#313,#314,#315,#316));
#1693=EDGE_LOOP('',(#317,#318,#319,#320));
#1694=EDGE_LOOP('',(#321,#322,#323,#324));
#1695=EDGE_LOOP('',(#325,#326,#327,#328));
#1696=EDGE_LOOP('',(#329,#330,#331,#332));
#1697=EDGE_LOOP('',(#333));
#1698=EDGE_LOOP('',(#334,#335,#336,#337,#338,#339));
#1699=EDGE_LOOP('',(#340,#341,#342,#343));
#1700=EDGE_LOOP('',(#344,#345,#346,#347));
#1701=EDGE_LOOP('',(#348,#349,#350,#351));
#1702=EDGE_LOOP('',(#352,#353,#354,#355));
#1703=EDGE_LOOP('',(#356));
#1704=EDGE_LOOP('',(#357,#358,#359,#360,#361,#362));
#1705=EDGE_LOOP('',(#363,#364,#365,#366));
#1706=EDGE_LOOP('',(#367,#368,#369,#370));
#1707=EDGE_LOOP('',(#371,#372,#373,#374));
#1708=EDGE_LOOP('',(#375));
#1709=EDGE_LOOP('',(#376,#377,#378,#379));
#1710=EDGE_LOOP('',(#380,#381,#382,#383));
#1711=EDGE_LOOP('',(#384,#385,#386,#387));
#1712=EDGE_LOOP('',(#388,#389,#390,#391));
#1713=EDGE_LOOP('',(#392));
#1714=EDGE_LOOP('',(#393,#394,#395,#396));
#1715=EDGE_LOOP('',(#397,#398,#399,#400));
#1716=EDGE_LOOP('',(#401,#402,#403,#404));
#1717=EDGE_LOOP('',(#405,#406,#407,#408));
#1718=EDGE_LOOP('',(#409));
#1719=EDGE_LOOP('',(#410,#411,#412,#413));
#1720=EDGE_LOOP('',(#414,#415,#416,#417));
#1721=EDGE_LOOP('',(#418,#419,#420,#421));
#1722=EDGE_LOOP('',(#422,#423,#424,#425));
#1723=EDGE_LOOP('',(#426,#427,#428,#429));
#1724=EDGE_LOOP('',(#430));
#1725=EDGE_LOOP('',(#431,#432,#433,#434,#435,#436));
#1726=EDGE_LOOP('',(#437,#438,#439,#440));
#1727=EDGE_LOOP('',(#441,#442,#443,#444));
#1728=EDGE_LOOP('',(#445,#446,#447,#448));
#1729=EDGE_LOOP('',(#449));
#1730=EDGE_LOOP('',(#450,#451,#452,#453));
#1731=EDGE_LOOP('',(#454,#455,#456,#457));
#1732=EDGE_LOOP('',(#458,#459,#460,#461));
#1733=EDGE_LOOP('',(#462,#463,#464,#465));
#1734=EDGE_LOOP('',(#466));
#1735=EDGE_LOOP('',(#467,#468,#469,#470));
#1736=EDGE_LOOP('',(#471,#472,#473,#474));
#1737=EDGE_LOOP('',(#475,#476,#477,#478));
#1738=EDGE_LOOP('',(#479,#480,#481,#482));
#1739=EDGE_LOOP('',(#483));
#1740=EDGE_LOOP('',(#484,#485,#486,#487));
#1741=EDGE_LOOP('',(#488));
#1742=EDGE_LOOP('',(#489));
#1743=EDGE_LOOP('',(#490));
#1744=EDGE_LOOP('',(#491));
#1745=EDGE_LOOP('',(#492));
#1746=EDGE_LOOP('',(#493));
#1747=EDGE_LOOP('',(#494));
#1748=EDGE_LOOP('',(#495));
#1749=EDGE_LOOP('',(#496));
#1750=EDGE_LOOP('',(#497));
#1751=EDGE_LOOP('',(#498));
#1752=EDGE_LOOP('',(#499));
#1753=EDGE_LOOP('',(#500));
#1754=EDGE_LOOP('',(#501));
#1755=EDGE_LOOP('',(#502));
#1756=EDGE_LOOP('',(#503));
#1757=EDGE_LOOP('',(#504));
#1758=EDGE_LOOP('',(#505));
#1759=EDGE_LOOP('',(#506));
#1760=EDGE_LOOP('',(#507));
#1761=EDGE_LOOP('',(#508));
#1762=EDGE_LOOP('',(#509));
#1763=EDGE_LOOP('',(#510));
#1764=EDGE_LOOP('',(#511));
#1765=EDGE_LOOP('',(#512));
#1766=EDGE_LOOP('',(#513));
#1767=EDGE_LOOP('',(#514));
#1768=EDGE_LOOP('',(#515));
#1769=EDGE_LOOP('',(#516));
#1770=EDGE_LOOP('',(#517));
#1771=EDGE_LOOP('',(#518,#519,#520,#521));
#1772=EDGE_LOOP('',(#522,#523,#524,#525));
#1773=EDGE_LOOP('',(#526,#527,#528,#529));
#1774=EDGE_LOOP('',(#530,#531,#532,#533));
#1775=EDGE_LOOP('',(#534,#535,#536,#537));
#1776=EDGE_LOOP('',(#538,#539,#540,#541));
#1777=EDGE_LOOP('',(#542,#543,#544,#545));
#1778=EDGE_LOOP('',(#546,#547,#548,#549));
#1779=EDGE_LOOP('',(#550,#551,#552,#553));
#1780=EDGE_LOOP('',(#554,#555,#556,#557));
#1781=EDGE_LOOP('',(#558,#559,#560,#561));
#1782=EDGE_LOOP('',(#562,#563,#564,#565));
#1783=EDGE_LOOP('',(#566,#567,#568,#569));
#1784=EDGE_LOOP('',(#570,#571,#572,#573));
#1785=EDGE_LOOP('',(#574,#575,#576,#577));
#1786=EDGE_LOOP('',(#578,#579,#580,#581));
#1787=EDGE_LOOP('',(#582,#583,#584,#585));
#1788=EDGE_LOOP('',(#586,#587,#588,#589));
#1789=EDGE_LOOP('',(#590,#591,#592,#593));
#1790=EDGE_LOOP('',(#594,#595,#596,#597));
#1791=EDGE_LOOP('',(#598,#599,#600,#601));
#1792=EDGE_LOOP('',(#602,#603,#604,#605));
#1793=EDGE_LOOP('',(#606,#607,#608,#609));
#1794=EDGE_LOOP('',(#610,#611,#612,#613));
#1795=EDGE_LOOP('',(#614,#615,#616,#617));
#1796=EDGE_LOOP('',(#618,#619,#620,#621));
#1797=EDGE_LOOP('',(#622,#623,#624,#625));
#1798=EDGE_LOOP('',(#626,#627,#628,#629));
#1799=EDGE_LOOP('',(#630,#631,#632,#633));
#1800=EDGE_LOOP('',(#634,#635,#636,#637));
#1801=EDGE_LOOP('',(#638,#639,#640,#641));
#1802=EDGE_LOOP('',(#642,#643,#644,#645));
#1803=EDGE_LOOP('',(#646,#647,#648));
#1804=EDGE_LOOP('',(#649,#650,#651,#652));
#1805=EDGE_LOOP('',(#653,#654,#655,#656));
#1806=EDGE_LOOP('',(#657,#658,#659,#660));
#1807=EDGE_LOOP('',(#661,#662,#663,#664));
#1808=EDGE_LOOP('',(#665,#666,#667));
#1809=EDGE_LOOP('',(#668,#669,#670));
#1810=EDGE_LOOP('',(#671,#672,#673,#674));
#1811=EDGE_LOOP('',(#675,#676,#677,#678));
#1812=EDGE_LOOP('',(#679,#680,#681));
#1813=EDGE_LOOP('',(#682,#683,#684,#685));
#1814=FACE_BOUND('',#1670,.T.);
#1815=FACE_BOUND('',#1671,.T.);
#1816=FACE_BOUND('',#1672,.T.);
#1817=FACE_BOUND('',#1673,.T.);
#1818=FACE_BOUND('',#1674,.T.);
#1819=FACE_BOUND('',#1675,.T.);
#1820=FACE_BOUND('',#1676,.T.);
#1821=FACE_BOUND('',#1677,.T.);
#1822=FACE_BOUND('',#1678,.T.);
#1823=FACE_BOUND('',#1679,.T.);
#1824=FACE_BOUND('',#1680,.T.);
#1825=FACE_BOUND('',#1681,.T.);
#1826=FACE_BOUND('',#1682,.T.);
#1827=FACE_BOUND('',#1683,.T.);
#1828=FACE_BOUND('',#1684,.T.);
#1829=FACE_BOUND('',#1685,.T.);
#1830=FACE_BOUND('',#1686,.T.);
#1831=FACE_BOUND('',#1687,.T.);
#1832=FACE_BOUND('',#1688,.T.);
#1833=FACE_BOUND('',#1689,.T.);
#1834=FACE_BOUND('',#1690,.T.);
#1835=FACE_BOUND('',#1691,.T.);
#1836=FACE_BOUND('',#1692,.T.);
#1837=FACE_BOUND('',#1693,.T.);
#1838=FACE_BOUND('',#1694,.T.);
#1839=FACE_BOUND('',#1695,.T.);
#1840=FACE_BOUND('',#1696,.T.);
#1841=FACE_BOUND('',#1697,.T.);
#1842=FACE_BOUND('',#1698,.T.);
#1843=FACE_BOUND('',#1699,.T.);
#1844=FACE_BOUND('',#1700,.T.);
#1845=FACE_BOUND('',#1701,.T.);
#1846=FACE_BOUND('',#1702,.T.);
#1847=FACE_BOUND('',#1703,.T.);
#1848=FACE_BOUND('',#1704,.T.);
#1849=FACE_BOUND('',#1705,.T.);
#1850=FACE_BOUND('',#1706,.T.);
#1851=FACE_BOUND('',#1707,.T.);
#1852=FACE_BOUND('',#1708,.T.);
#1853=FACE_BOUND('',#1709,.T.);
#1854=FACE_BOUND('',#1710,.T.);
#1855=FACE_BOUND('',#1711,.T.);
#1856=FACE_BOUND('',#1712,.T.);
#1857=FACE_BOUND('',#1713,.T.);
#1858=FACE_BOUND('',#1714,.T.);
#1859=FACE_BOUND('',#1715,.T.);
#1860=FACE_BOUND('',#1716,.T.);
#1861=FACE_BOUND('',#1717,.T.);
#1862=FACE_BOUND('',#1718,.T.);
#1863=FACE_BOUND('',#1719,.T.);
#1864=FACE_BOUND('',#1720,.T.);
#1865=FACE_BOUND('',#1721,.T.);
#1866=FACE_BOUND('',#1722,.T.);
#1867=FACE_BOUND('',#1723,.T.);
#1868=FACE_BOUND('',#1724,.T.);
#1869=FACE_BOUND('',#1725,.T.);
#1870=FACE_BOUND('',#1726,.T.);
#1871=FACE_BOUND('',#1727,.T.);
#1872=FACE_BOUND('',#1728,.T.);
#1873=FACE_BOUND('',#1729,.T.);
#1874=FACE_BOUND('',#1730,.T.);
#1875=FACE_BOUND('',#1731,.T.);
#1876=FACE_BOUND('',#1732,.T.);
#1877=FACE_BOUND('',#1733,.T.);
#1878=FACE_BOUND('',#1734,.T.);
#1879=FACE_BOUND('',#1735,.T.);
#1880=FACE_BOUND('',#1736,.T.);
#1881=FACE_BOUND('',#1737,.T.);
#1882=FACE_BOUND('',#1738,.T.);
#1883=FACE_BOUND('',#1739,.T.);
#1884=FACE_BOUND('',#1740,.T.);
#1885=FACE_BOUND('',#1741,.T.);
#1886=FACE_BOUND('',#1742,.T.);
#1887=FACE_BOUND('',#1743,.T.);
#1888=FACE_BOUND('',#1744,.T.);
#1889=FACE_BOUND('',#1745,.T.);
#1890=FACE_BOUND('',#1746,.T.);
#1891=FACE_BOUND('',#1747,.T.);
#1892=FACE_BOUND('',#1748,.T.);
#1893=FACE_BOUND('',#1749,.T.);
#1894=FACE_BOUND('',#1750,.T.);
#1895=FACE_BOUND('',#1751,.T.);
#1896=FACE_BOUND('',#1752,.T.);
#1897=FACE_BOUND('',#1753,.T.);
#1898=FACE_BOUND('',#1754,.T.);
#1899=FACE_BOUND('',#1755,.T.);
#1900=FACE_BOUND('',#1756,.T.);
#1901=FACE_BOUND('',#1757,.T.);
#1902=FACE_BOUND('',#1758,.T.);
#1903=FACE_BOUND('',#1759,.T.);
#1904=FACE_BOUND('',#1760,.T.);
#1905=FACE_BOUND('',#1761,.T.);
#1906=FACE_BOUND('',#1762,.T.);
#1907=FACE_BOUND('',#1763,.T.);
#1908=FACE_BOUND('',#1764,.T.);
#1909=FACE_BOUND('',#1765,.T.);
#1910=FACE_BOUND('',#1766,.T.);
#1911=FACE_BOUND('',#1767,.T.);
#1912=FACE_BOUND('',#1768,.T.);
#1913=FACE_BOUND('',#1769,.T.);
#1914=FACE_BOUND('',#1770,.T.);
#1915=FACE_BOUND('',#1771,.T.);
#1916=FACE_BOUND('',#1772,.T.);
#1917=FACE_BOUND('',#1773,.T.);
#1918=FACE_BOUND('',#1774,.T.);
#1919=FACE_BOUND('',#1775,.T.);
#1920=FACE_BOUND('',#1776,.T.);
#1921=FACE_BOUND('',#1777,.T.);
#1922=FACE_BOUND('',#1778,.T.);
#1923=FACE_BOUND('',#1779,.T.);
#1924=FACE_BOUND('',#1780,.T.);
#1925=FACE_BOUND('',#1781,.T.);
#1926=FACE_BOUND('',#1782,.T.);
#1927=FACE_BOUND('',#1783,.T.);
#1928=FACE_BOUND('',#1784,.T.);
#1929=FACE_BOUND('',#1785,.T.);
#1930=FACE_BOUND('',#1786,.T.);
#1931=FACE_BOUND('',#1787,.T.);
#1932=FACE_BOUND('',#1788,.T.);
#1933=FACE_BOUND('',#1789,.T.);
#1934=FACE_BOUND('',#1790,.T.);
#1935=FACE_BOUND('',#1791,.T.);
#1936=FACE_BOUND('',#1792,.T.);
#1937=FACE_BOUND('',#1793,.T.);
#1938=FACE_BOUND('',#1794,.T.);
#1939=FACE_BOUND('',#1795,.T.);
#1940=FACE_BOUND('',#1796,.T.);
#1941=FACE_BOUND('',#1797,.T.);
#1942=FACE_BOUND('',#1798,.T.);
#1943=FACE_BOUND('',#1799,.T.);
#1944=FACE_BOUND('',#1800,.T.);
#1945=FACE_BOUND('',#1801,.T.);
#1946=FACE_BOUND('',#1802,.T.);
#1947=FACE_BOUND('',#1803,.T.);
#1948=FACE_BOUND('',#1804,.T.);
#1949=FACE_BOUND('',#1805,.T.);
#1950=FACE_BOUND('',#1806,.T.);
#1951=FACE_BOUND('',#1807,.T.);
#1952=FACE_BOUND('',#1808,.T.);
#1953=FACE_BOUND('',#1809,.T.);
#1954=FACE_BOUND('',#1810,.T.);
#1955=FACE_BOUND('',#1811,.T.);
#1956=FACE_BOUND('',#1812,.T.);
#1957=FACE_BOUND('',#1813,.T.);
#1958=PLANE('',#2181);
#1959=PLANE('',#2186);
#1960=PLANE('',#2187);
#1961=PLANE('',#2192);
#1962=PLANE('',#2201);
#1963=PLANE('',#2206);
#1964=PLANE('',#2207);
#1965=PLANE('',#2208);
#1966=PLANE('',#2209);
#1967=PLANE('',#2210);
#1968=PLANE('',#2211);
#1969=PLANE('',#2212);
#1970=PLANE('',#2213);
#1971=PLANE('',#2214);
#1972=PLANE('',#2215);
#1973=PLANE('',#2216);
#1974=PLANE('',#2217);
#1975=PLANE('',#2218);
#1976=PLANE('',#2220);
#1977=PLANE('',#2221);
#1978=PLANE('',#2222);
#1979=PLANE('',#2223);
#1980=PLANE('',#2224);
#1981=PLANE('',#2226);
#1982=PLANE('',#2227);
#1983=PLANE('',#2228);
#1984=PLANE('',#2229);
#1985=PLANE('',#2230);
#1986=PLANE('',#2232);
#1987=PLANE('',#2233);
#1988=PLANE('',#2234);
#1989=PLANE('',#2235);
#1990=PLANE('',#2237);
#1991=PLANE('',#2238);
#1992=PLANE('',#2239);
#1993=PLANE('',#2240);
#1994=PLANE('',#2242);
#1995=PLANE('',#2243);
#1996=PLANE('',#2244);
#1997=PLANE('',#2245);
#1998=PLANE('',#2247);
#1999=PLANE('',#2248);
#2000=PLANE('',#2249);
#2001=PLANE('',#2250);
#2002=PLANE('',#2251);
#2003=PLANE('',#2253);
#2004=PLANE('',#2254);
#2005=PLANE('',#2255);
#2006=PLANE('',#2256);
#2007=PLANE('',#2258);
#2008=PLANE('',#2259);
#2009=PLANE('',#2260);
#2010=PLANE('',#2261);
#2011=PLANE('',#2263);
#2012=PLANE('',#2264);
#2013=PLANE('',#2265);
#2014=PLANE('',#2266);
#2015=PLANE('',#2270);
#2016=PLANE('',#2273);
#2017=PLANE('',#2276);
#2018=PLANE('',#2279);
#2019=PLANE('',#2282);
#2020=PLANE('',#2285);
#2021=PLANE('',#2288);
#2022=PLANE('',#2291);
#2023=PLANE('',#2294);
#2024=PLANE('',#2297);
#2025=PLANE('',#2298);
#2026=PLANE('',#2299);
#2027=PLANE('',#2300);
#2028=PLANE('',#2301);
#2029=PLANE('',#2302);
#2030=PLANE('',#2303);
#2031=PLANE('',#2304);
#2032=PLANE('',#2305);
#2033=PLANE('',#2306);
#2034=PLANE('',#2307);
#2035=PLANE('',#2308);
#2036=PLANE('',#2309);
#2037=PLANE('',#2310);
#2038=PLANE('',#2311);
#2039=PLANE('',#2312);
#2040=PLANE('',#2313);
#2041=PLANE('',#2314);
#2042=PLANE('',#2315);
#2043=PLANE('',#2316);
#2044=PLANE('',#2317);
#2045=PLANE('',#2318);
#2046=PLANE('',#2319);
#2047=PLANE('',#2320);
#2048=ADVANCED_FACE('',(#1814,#1815),#1958,.T.);
#2049=ADVANCED_FACE('',(#1816),#1959,.T.);
#2050=ADVANCED_FACE('',(#1817,#1818),#1960,.T.);
#2051=ADVANCED_FACE('',(#1819,#1820),#1961,.T.);
#2052=ADVANCED_FACE('',(#1821,#1822),#1962,.T.);
#2053=ADVANCED_FACE('',(#1823),#1963,.T.);
#2054=ADVANCED_FACE('',(#1824),#1964,.T.);
#2055=ADVANCED_FACE('',(#1825),#1965,.T.);
#2056=ADVANCED_FACE('',(#1826),#1966,.F.);
#2057=ADVANCED_FACE('',(#1827),#1967,.F.);
#2058=ADVANCED_FACE('',(#1828),#1968,.T.);
#2059=ADVANCED_FACE('',(#1829),#1969,.T.);
#2060=ADVANCED_FACE('',(#1830),#1970,.F.);
#2061=ADVANCED_FACE('',(#1831),#1971,.F.);
#2062=ADVANCED_FACE('',(#1832),#1972,.F.);
#2063=ADVANCED_FACE('',(#1833),#1973,.F.);
#2064=ADVANCED_FACE('',(#1834),#1974,.F.);
#2065=ADVANCED_FACE('',(#1835,#1836),#1975,.T.);
#2066=ADVANCED_FACE('',(#1837),#1976,.T.);
#2067=ADVANCED_FACE('',(#1838),#1977,.T.);
#2068=ADVANCED_FACE('',(#1839),#1978,.T.);
#2069=ADVANCED_FACE('',(#1840),#1979,.T.);
#2070=ADVANCED_FACE('',(#1841,#1842),#1980,.T.);
#2071=ADVANCED_FACE('',(#1843),#1981,.T.);
#2072=ADVANCED_FACE('',(#1844),#1982,.T.);
#2073=ADVANCED_FACE('',(#1845),#1983,.T.);
#2074=ADVANCED_FACE('',(#1846),#1984,.T.);
#2075=ADVANCED_FACE('',(#1847,#1848),#1985,.T.);
#2076=ADVANCED_FACE('',(#1849),#1986,.T.);
#2077=ADVANCED_FACE('',(#1850),#1987,.T.);
#2078=ADVANCED_FACE('',(#1851),#1988,.F.);
#2079=ADVANCED_FACE('',(#1852,#1853),#1989,.T.);
#2080=ADVANCED_FACE('',(#1854),#1990,.T.);
#2081=ADVANCED_FACE('',(#1855),#1991,.F.);
#2082=ADVANCED_FACE('',(#1856),#1992,.F.);
#2083=ADVANCED_FACE('',(#1857,#1858),#1993,.T.);
#2084=ADVANCED_FACE('',(#1859),#1994,.F.);
#2085=ADVANCED_FACE('',(#1860),#1995,.F.);
#2086=ADVANCED_FACE('',(#1861),#1996,.T.);
#2087=ADVANCED_FACE('',(#1862,#1863),#1997,.T.);
#2088=ADVANCED_FACE('',(#1864),#1998,.F.);
#2089=ADVANCED_FACE('',(#1865),#1999,.F.);
#2090=ADVANCED_FACE('',(#1866),#2000,.F.);
#2091=ADVANCED_FACE('',(#1867),#2001,.F.);
#2092=ADVANCED_FACE('',(#1868,#1869),#2002,.T.);
#2093=ADVANCED_FACE('',(#1870),#2003,.T.);
#2094=ADVANCED_FACE('',(#1871),#2004,.F.);
#2095=ADVANCED_FACE('',(#1872),#2005,.F.);
#2096=ADVANCED_FACE('',(#1873,#1874),#2006,.T.);
#2097=ADVANCED_FACE('',(#1875),#2007,.T.);
#2098=ADVANCED_FACE('',(#1876),#2008,.F.);
#2099=ADVANCED_FACE('',(#1877),#2009,.T.);
#2100=ADVANCED_FACE('',(#1878,#1879),#2010,.T.);
#2101=ADVANCED_FACE('',(#1880),#2011,.T.);
#2102=ADVANCED_FACE('',(#1881),#2012,.F.);
#2103=ADVANCED_FACE('',(#1882),#2013,.T.);
#2104=ADVANCED_FACE('',(#1883,#1884),#2014,.T.);
#2105=ADVANCED_FACE('',(#1885,#1886),#16,.T.);
#2106=ADVANCED_FACE('',(#1887),#2015,.T.);
#2107=ADVANCED_FACE('',(#1888,#1889),#17,.T.);
#2108=ADVANCED_FACE('',(#1890),#2016,.T.);
#2109=ADVANCED_FACE('',(#1891,#1892),#18,.T.);
#2110=ADVANCED_FACE('',(#1893),#2017,.T.);
#2111=ADVANCED_FACE('',(#1894,#1895),#19,.T.);
#2112=ADVANCED_FACE('',(#1896),#2018,.T.);
#2113=ADVANCED_FACE('',(#1897,#1898),#20,.T.);
#2114=ADVANCED_FACE('',(#1899),#2019,.T.);
#2115=ADVANCED_FACE('',(#1900,#1901),#21,.T.);
#2116=ADVANCED_FACE('',(#1902),#2020,.T.);
#2117=ADVANCED_FACE('',(#1903,#1904),#22,.T.);
#2118=ADVANCED_FACE('',(#1905),#2021,.T.);
#2119=ADVANCED_FACE('',(#1906,#1907),#23,.T.);
#2120=ADVANCED_FACE('',(#1908),#2022,.T.);
#2121=ADVANCED_FACE('',(#1909,#1910),#24,.T.);
#2122=ADVANCED_FACE('',(#1911),#2023,.T.);
#2123=ADVANCED_FACE('',(#1912,#1913),#25,.T.);
#2124=ADVANCED_FACE('',(#1914),#2024,.T.);
#2125=ADVANCED_FACE('',(#1915),#2025,.F.);
#2126=ADVANCED_FACE('',(#1916),#2026,.F.);
#2127=ADVANCED_FACE('',(#1917),#2027,.F.);
#2128=ADVANCED_FACE('',(#1918),#2028,.T.);
#2129=ADVANCED_FACE('',(#1919),#2029,.F.);
#2130=ADVANCED_FACE('',(#1920),#2030,.F.);
#2131=ADVANCED_FACE('',(#1921),#2031,.T.);
#2132=ADVANCED_FACE('',(#1922),#2032,.T.);
#2133=ADVANCED_FACE('',(#1923),#2033,.F.);
#2134=ADVANCED_FACE('',(#1924),#2034,.F.);
#2135=ADVANCED_FACE('',(#1925),#2035,.T.);
#2136=ADVANCED_FACE('',(#1926),#2036,.F.);
#2137=ADVANCED_FACE('',(#1927),#2037,.F.);
#2138=ADVANCED_FACE('',(#1928),#2038,.T.);
#2139=ADVANCED_FACE('',(#1929),#2039,.T.);
#2140=ADVANCED_FACE('',(#1930),#2040,.T.);
#2141=ADVANCED_FACE('',(#1931),#2041,.F.);
#2142=ADVANCED_FACE('',(#1932),#2042,.T.);
#2143=ADVANCED_FACE('',(#1933),#2043,.T.);
#2144=ADVANCED_FACE('',(#1934),#2044,.F.);
#2145=ADVANCED_FACE('',(#1935),#2045,.F.);
#2146=ADVANCED_FACE('',(#1936),#2046,.T.);
#2147=ADVANCED_FACE('',(#1937),#2047,.T.);
#2148=ADVANCED_FACE('',(#1938),#26,.F.);
#2149=ADVANCED_FACE('',(#1939),#27,.F.);
#2150=ADVANCED_FACE('',(#1940),#28,.F.);
#2151=ADVANCED_FACE('',(#1941),#29,.F.);
#2152=ADVANCED_FACE('',(#1942),#30,.F.);
#2153=ADVANCED_FACE('',(#1943),#31,.F.);
#2154=ADVANCED_FACE('',(#1944),#32,.F.);
#2155=ADVANCED_FACE('',(#1945),#33,.F.);
#2156=ADVANCED_FACE('',(#1946),#34,.T.);
#2157=ADVANCED_FACE('',(#1947),#12,.T.);
#2158=ADVANCED_FACE('',(#1948),#35,.T.);
#2159=ADVANCED_FACE('',(#1949),#36,.T.);
#2160=ADVANCED_FACE('',(#1950),#37,.T.);
#2161=ADVANCED_FACE('',(#1951),#38,.T.);
#2162=ADVANCED_FACE('',(#1952),#13,.T.);
#2163=ADVANCED_FACE('',(#1953),#14,.T.);
#2164=ADVANCED_FACE('',(#1954),#39,.T.);
#2165=ADVANCED_FACE('',(#1955),#40,.T.);
#2166=ADVANCED_FACE('',(#1956),#15,.T.);
#2167=ADVANCED_FACE('',(#1957),#41,.T.);
#2168=CLOSED_SHELL('',(#2048,#2049,#2050,#2051,#2052,#2053,#2054,#2055,#2056,#2057,#2058,#2059,#2060,#2061,#2062,#2063,#2064,#2065,#2066,#2067,#2068,#2069,#2070,#2071,#2072,#2073,#2074,#2075,#2076,#2077,#2078,#2079,#2080,#2081,#2082,#2083,#2084,#2085,#2086,#2087,#2088,#2089,#2090,#2091,#2092,#2093,#2094,#2095,#2096,#2097,#2098,#2099,#2100,#2101,#2102,#2103,#2104,#2105,#2106,#2107,#2108,#2109,#2110,#2111,#2112,#2113,#2114,#2115,#2116,#2117,#2118,#2119,#2120,#2121,#2122,#2123,#2124,#2125,#2126,#2127,#2128,#2129,#2130,#2131,#2132,#2133,#2134,#2135,#2136,#2137,#2138,#2139,#2140,#2141,#2142,#2143,#2144,#2145,#2146,#2147,#2148,#2149,#2150,#2151,#2152,#2153,#2154,#2155,#2156,#2157,#2158,#2159,#2160,#2161,#2162,#2163,#2164,#2165,#2166,#2167));
#2169=STYLED_ITEM('',(#2170),#2177);
#2170=PRESENTATION_STYLE_ASSIGNMENT((#2171));
#2171=SURFACE_STYLE_USAGE(.BOTH.,#2172);
#2172=SURFACE_SIDE_STYLE('',(#2173));
#2173=SURFACE_STYLE_FILL_AREA(#2174);
#2174=FILL_AREA_STYLE('',(#2175));
#2175=FILL_AREA_STYLE_COLOUR('',#2176);
#2176=COLOUR_RGB('',0.811764705882353,0.858823529411765,0.898039215686275);
#2177=MANIFOLD_SOLID_BREP('Bottom Case',#2168);
#2178=SHAPE_DEFINITION_REPRESENTATION(#3566,#2179);
#2179=SHAPE_REPRESENTATION('Bottom Case',(#2180),#3561);
#2180=AXIS2_PLACEMENT_3D('',#2943,#2353,#2354);
#2181=AXIS2_PLACEMENT_3D('',#2944,#2355,#2356);
#2182=AXIS2_PLACEMENT_3D('',#3036,#2402,#2403);
#2183=AXIS2_PLACEMENT_3D('',#3048,#2409,#2410);
#2184=AXIS2_PLACEMENT_3D('',#3060,#2416,#2417);
#2185=AXIS2_PLACEMENT_3D('',#3072,#2423,#2424);
#2186=AXIS2_PLACEMENT_3D('',#3081,#2429,#2430);
#2187=AXIS2_PLACEMENT_3D('',#3092,#2437,#2438);
#2188=AXIS2_PLACEMENT_3D('',#3124,#2456,#2457);
#2189=AXIS2_PLACEMENT_3D('',#3128,#2459,#2460);
#2190=AXIS2_PLACEMENT_3D('',#3132,#2462,#2463);
#2191=AXIS2_PLACEMENT_3D('',#3136,#2465,#2466);
#2192=AXIS2_PLACEMENT_3D('',#3137,#2467,#2468);
#2193=AXIS2_PLACEMENT_3D('',#3141,#2470,#2471);
#2194=AXIS2_PLACEMENT_3D('',#3145,#2473,#2474);
#2195=AXIS2_PLACEMENT_3D('',#3149,#2476,#2477);
#2196=AXIS2_PLACEMENT_3D('',#3153,#2479,#2480);
#2197=AXIS2_PLACEMENT_3D('',#3157,#2482,#2483);
#2198=AXIS2_PLACEMENT_3D('',#3161,#2485,#2486);
#2199=AXIS2_PLACEMENT_3D('',#3165,#2488,#2489);
#2200=AXIS2_PLACEMENT_3D('',#3169,#2491,#2492);
#2201=AXIS2_PLACEMENT_3D('',#3170,#2493,#2494);
#2202=AXIS2_PLACEMENT_3D('',#3179,#2499,#2500);
#2203=AXIS2_PLACEMENT_3D('',#3183,#2502,#2503);
#2204=AXIS2_PLACEMENT_3D('',#3187,#2505,#2506);
#2205=AXIS2_PLACEMENT_3D('',#3191,#2508,#2509);
#2206=AXIS2_PLACEMENT_3D('',#3192,#2510,#2511);
#2207=AXIS2_PLACEMENT_3D('',#3203,#2518,#2519);
#2208=AXIS2_PLACEMENT_3D('',#3229,#2535,#2536);
#2209=AXIS2_PLACEMENT_3D('',#3237,#2542,#2543);
#2210=AXIS2_PLACEMENT_3D('',#3248,#2550,#2551);
#2211=AXIS2_PLACEMENT_3D('',#3259,#2558,#2559);
#2212=AXIS2_PLACEMENT_3D('',#3270,#2566,#2567);
#2213=AXIS2_PLACEMENT_3D('',#3279,#2572,#2573);
#2214=AXIS2_PLACEMENT_3D('',#3280,#2574,#2575);
#2215=AXIS2_PLACEMENT_3D('',#3284,#2578,#2579);
#2216=AXIS2_PLACEMENT_3D('',#3288,#2582,#2583);
#2217=AXIS2_PLACEMENT_3D('',#3292,#2586,#2587);
#2218=AXIS2_PLACEMENT_3D('',#3294,#2589,#2590);
#2219=AXIS2_PLACEMENT_3D('',#3295,#2591,#2592);
#2220=AXIS2_PLACEMENT_3D('',#3297,#2593,#2594);
#2221=AXIS2_PLACEMENT_3D('',#3301,#2597,#2598);
#2222=AXIS2_PLACEMENT_3D('',#3305,#2601,#2602);
#2223=AXIS2_PLACEMENT_3D('',#3309,#2605,#2606);
#2224=AXIS2_PLACEMENT_3D('',#3311,#2608,#2609);
#2225=AXIS2_PLACEMENT_3D('',#3312,#2610,#2611);
#2226=AXIS2_PLACEMENT_3D('',#3314,#2612,#2613);
#2227=AXIS2_PLACEMENT_3D('',#3318,#2616,#2617);
#2228=AXIS2_PLACEMENT_3D('',#3322,#2620,#2621);
#2229=AXIS2_PLACEMENT_3D('',#3326,#2624,#2625);
#2230=AXIS2_PLACEMENT_3D('',#3328,#2627,#2628);
#2231=AXIS2_PLACEMENT_3D('',#3329,#2629,#2630);
#2232=AXIS2_PLACEMENT_3D('',#3331,#2631,#2632);
#2233=AXIS2_PLACEMENT_3D('',#3335,#2635,#2636);
#2234=AXIS2_PLACEMENT_3D('',#3339,#2639,#2640);
#2235=AXIS2_PLACEMENT_3D('',#3341,#2642,#2643);
#2236=AXIS2_PLACEMENT_3D('',#3342,#2644,#2645);
#2237=AXIS2_PLACEMENT_3D('',#3344,#2646,#2647);
#2238=AXIS2_PLACEMENT_3D('',#3348,#2650,#2651);
#2239=AXIS2_PLACEMENT_3D('',#3352,#2654,#2655);
#2240=AXIS2_PLACEMENT_3D('',#3354,#2657,#2658);
#2241=AXIS2_PLACEMENT_3D('',#3355,#2659,#2660);
#2242=AXIS2_PLACEMENT_3D('',#3357,#2661,#2662);
#2243=AXIS2_PLACEMENT_3D('',#3363,#2666,#2667);
#2244=AXIS2_PLACEMENT_3D('',#3365,#2669,#2670);
#2245=AXIS2_PLACEMENT_3D('',#3367,#2672,#2673);
#2246=AXIS2_PLACEMENT_3D('',#3368,#2674,#2675);
#2247=AXIS2_PLACEMENT_3D('',#3370,#2676,#2677);
#2248=AXIS2_PLACEMENT_3D('',#3374,#2680,#2681);
#2249=AXIS2_PLACEMENT_3D('',#3378,#2684,#2685);
#2250=AXIS2_PLACEMENT_3D('',#3382,#2688,#2689);
#2251=AXIS2_PLACEMENT_3D('',#3384,#2691,#2692);
#2252=AXIS2_PLACEMENT_3D('',#3385,#2693,#2694);
#2253=AXIS2_PLACEMENT_3D('',#3387,#2695,#2696);
#2254=AXIS2_PLACEMENT_3D('',#3391,#2699,#2700);
#2255=AXIS2_PLACEMENT_3D('',#3395,#2703,#2704);
#2256=AXIS2_PLACEMENT_3D('',#3397,#2706,#2707);
#2257=AXIS2_PLACEMENT_3D('',#3398,#2708,#2709);
#2258=AXIS2_PLACEMENT_3D('',#3400,#2710,#2711);
#2259=AXIS2_PLACEMENT_3D('',#3406,#2715,#2716);
#2260=AXIS2_PLACEMENT_3D('',#3408,#2718,#2719);
#2261=AXIS2_PLACEMENT_3D('',#3410,#2721,#2722);
#2262=AXIS2_PLACEMENT_3D('',#3411,#2723,#2724);
#2263=AXIS2_PLACEMENT_3D('',#3413,#2725,#2726);
#2264=AXIS2_PLACEMENT_3D('',#3419,#2730,#2731);
#2265=AXIS2_PLACEMENT_3D('',#3421,#2733,#2734);
#2266=AXIS2_PLACEMENT_3D('',#3423,#2736,#2737);
#2267=AXIS2_PLACEMENT_3D('',#3424,#2738,#2739);
#2268=AXIS2_PLACEMENT_3D('',#3426,#2740,#2741);
#2269=AXIS2_PLACEMENT_3D('',#3427,#2742,#2743);
#2270=AXIS2_PLACEMENT_3D('',#3429,#2744,#2745);
#2271=AXIS2_PLACEMENT_3D('',#3430,#2746,#2747);
#2272=AXIS2_PLACEMENT_3D('',#3431,#2748,#2749);
#2273=AXIS2_PLACEMENT_3D('',#3433,#2750,#2751);
#2274=AXIS2_PLACEMENT_3D('',#3434,#2752,#2753);
#2275=AXIS2_PLACEMENT_3D('',#3435,#2754,#2755);
#2276=AXIS2_PLACEMENT_3D('',#3437,#2756,#2757);
#2277=AXIS2_PLACEMENT_3D('',#3438,#2758,#2759);
#2278=AXIS2_PLACEMENT_3D('',#3439,#2760,#2761);
#2279=AXIS2_PLACEMENT_3D('',#3441,#2762,#2763);
#2280=AXIS2_PLACEMENT_3D('',#3442,#2764,#2765);
#2281=AXIS2_PLACEMENT_3D('',#3443,#2766,#2767);
#2282=AXIS2_PLACEMENT_3D('',#3445,#2768,#2769);
#2283=AXIS2_PLACEMENT_3D('',#3446,#2770,#2771);
#2284=AXIS2_PLACEMENT_3D('',#3447,#2772,#2773);
#2285=AXIS2_PLACEMENT_3D('',#3449,#2774,#2775);
#2286=AXIS2_PLACEMENT_3D('',#3450,#2776,#2777);
#2287=AXIS2_PLACEMENT_3D('',#3451,#2778,#2779);
#2288=AXIS2_PLACEMENT_3D('',#3453,#2780,#2781);
#2289=AXIS2_PLACEMENT_3D('',#3454,#2782,#2783);
#2290=AXIS2_PLACEMENT_3D('',#3455,#2784,#2785);
#2291=AXIS2_PLACEMENT_3D('',#3457,#2786,#2787);
#2292=AXIS2_PLACEMENT_3D('',#3458,#2788,#2789);
#2293=AXIS2_PLACEMENT_3D('',#3459,#2790,#2791);
#2294=AXIS2_PLACEMENT_3D('',#3461,#2792,#2793);
#2295=AXIS2_PLACEMENT_3D('',#3462,#2794,#2795);
#2296=AXIS2_PLACEMENT_3D('',#3463,#2796,#2797);
#2297=AXIS2_PLACEMENT_3D('',#3465,#2798,#2799);
#2298=AXIS2_PLACEMENT_3D('',#3466,#2800,#2801);
#2299=AXIS2_PLACEMENT_3D('',#3468,#2803,#2804);
#2300=AXIS2_PLACEMENT_3D('',#3470,#2806,#2807);
#2301=AXIS2_PLACEMENT_3D('',#3471,#2808,#2809);
#2302=AXIS2_PLACEMENT_3D('',#3474,#2812,#2813);
#2303=AXIS2_PLACEMENT_3D('',#3477,#2816,#2817);
#2304=AXIS2_PLACEMENT_3D('',#3480,#2820,#2821);
#2305=AXIS2_PLACEMENT_3D('',#3483,#2824,#2825);
#2306=AXIS2_PLACEMENT_3D('',#3486,#2828,#2829);
#2307=AXIS2_PLACEMENT_3D('',#3489,#2832,#2833);
#2308=AXIS2_PLACEMENT_3D('',#3492,#2836,#2837);
#2309=AXIS2_PLACEMENT_3D('',#3495,#2840,#2841);
#2310=AXIS2_PLACEMENT_3D('',#3501,#2845,#2846);
#2311=AXIS2_PLACEMENT_3D('',#3503,#2848,#2849);
#2312=AXIS2_PLACEMENT_3D('',#3505,#2851,#2852);
#2313=AXIS2_PLACEMENT_3D('',#3506,#2853,#2854);
#2314=AXIS2_PLACEMENT_3D('',#3510,#2857,#2858);
#2315=AXIS2_PLACEMENT_3D('',#3514,#2861,#2862);
#2316=AXIS2_PLACEMENT_3D('',#3516,#2864,#2865);
#2317=AXIS2_PLACEMENT_3D('',#3517,#2866,#2867);
#2318=AXIS2_PLACEMENT_3D('',#3523,#2871,#2872);
#2319=AXIS2_PLACEMENT_3D('',#3525,#2874,#2875);
#2320=AXIS2_PLACEMENT_3D('',#3527,#2877,#2878);
#2321=AXIS2_PLACEMENT_3D('',#3528,#2879,#2880);
#2322=AXIS2_PLACEMENT_3D('',#3529,#2881,#2882);
#2323=AXIS2_PLACEMENT_3D('',#3530,#2883,#2884);
#2324=AXIS2_PLACEMENT_3D('',#3531,#2885,#2886);
#2325=AXIS2_PLACEMENT_3D('',#3532,#2887,#2888);
#2326=AXIS2_PLACEMENT_3D('',#3533,#2889,#2890);
#2327=AXIS2_PLACEMENT_3D('',#3534,#2891,#2892);
#2328=AXIS2_PLACEMENT_3D('',#3535,#2893,#2894);
#2329=AXIS2_PLACEMENT_3D('',#3536,#2895,#2896);
#2330=AXIS2_PLACEMENT_3D('',#3537,#2897,#2898);
#2331=AXIS2_PLACEMENT_3D('',#3538,#2899,#2900);
#2332=AXIS2_PLACEMENT_3D('',#3539,#2901,#2902);
#2333=AXIS2_PLACEMENT_3D('',#3540,#2903,#2904);
#2334=AXIS2_PLACEMENT_3D('',#3541,#2905,#2906);
#2335=AXIS2_PLACEMENT_3D('',#3542,#2907,#2908);
#2336=AXIS2_PLACEMENT_3D('',#3543,#2909,#2910);
#2337=AXIS2_PLACEMENT_3D('',#3544,#2911,#2912);
#2338=AXIS2_PLACEMENT_3D('',#3545,#2913,#2914);
#2339=AXIS2_PLACEMENT_3D('',#3546,#2915,#2916);
#2340=AXIS2_PLACEMENT_3D('',#3547,#2917,#2918);
#2341=AXIS2_PLACEMENT_3D('',#3548,#2919,#2920);
#2342=AXIS2_PLACEMENT_3D('',#3549,#2921,#2922);
#2343=AXIS2_PLACEMENT_3D('',#3550,#2923,#2924);
#2344=AXIS2_PLACEMENT_3D('',#3551,#2925,#2926);
#2345=AXIS2_PLACEMENT_3D('',#3552,#2927,#2928);
#2346=AXIS2_PLACEMENT_3D('',#3553,#2929,#2930);
#2347=AXIS2_PLACEMENT_3D('',#3554,#2931,#2932);
#2348=AXIS2_PLACEMENT_3D('',#3555,#2933,#2934);
#2349=AXIS2_PLACEMENT_3D('',#3556,#2935,#2936);
#2350=AXIS2_PLACEMENT_3D('',#3557,#2937,#2938);
#2351=AXIS2_PLACEMENT_3D('',#3558,#2939,#2940);
#2352=AXIS2_PLACEMENT_3D('',#3559,#2941,#2942);
#2353=DIRECTION('',(0.,0.,1.));
#2354=DIRECTION('',(1.,0.,0.));
#2355=DIRECTION('',(0.,0.,1.));
#2356=DIRECTION('',(1.,0.,0.));
#2357=DIRECTION('',(1.,0.,0.));
#2358=DIRECTION('',(0.,1.,0.));
#2359=DIRECTION('',(1.,0.,0.));
#2360=DIRECTION('',(0.,1.,0.));
#2361=DIRECTION('',(1.,-1.71330713676721E-16,0.));
#2362=DIRECTION('',(0.,1.,0.));
#2363=DIRECTION('',(1.,0.,0.));
#2364=DIRECTION('',(0.,-1.,0.));
#2365=DIRECTION('',(-1.,0.,0.));
#2366=DIRECTION('',(0.,1.,0.));
#2367=DIRECTION('',(1.,0.,0.));
#2368=DIRECTION('',(0.,-1.,0.));
#2369=DIRECTION('',(1.,0.,0.));
#2370=DIRECTION('',(0.,-1.,0.));
#2371=DIRECTION('',(-1.,0.,0.));
#2372=DIRECTION('',(0.,1.,0.));
#2373=DIRECTION('',(1.,0.,0.));
#2374=DIRECTION('',(0.,-1.,0.));
#2375=DIRECTION('',(1.,3.42661427353443E-16,0.));
#2376=DIRECTION('',(0.,-1.,0.));
#2377=DIRECTION('',(1.,0.,0.));
#2378=DIRECTION('',(0.027922069916093,-0.999610102995964,0.));
#2379=DIRECTION('',(1.,0.,0.));
#2380=DIRECTION('',(-0.0279220699160927,-0.999610102995964,0.));
#2381=DIRECTION('',(1.,0.,0.));
#2382=DIRECTION('',(0.,-1.,0.));
#2383=DIRECTION('',(-1.,0.,0.));
#2384=DIRECTION('',(0.,-1.,0.));
#2385=DIRECTION('',(1.,0.,0.));
#2386=DIRECTION('',(0.,1.,0.));
#2387=DIRECTION('',(1.,0.,0.));
#2388=DIRECTION('',(0.,-1.,0.));
#2389=DIRECTION('',(-1.,0.,0.));
#2390=DIRECTION('',(0.,-1.,0.));
#2391=DIRECTION('',(-1.,-3.87647704128891E-16,0.));
#2392=DIRECTION('',(0.,1.,0.));
#2393=DIRECTION('',(1.,3.42661427353443E-16,0.));
#2394=DIRECTION('',(0.,-1.,0.));
#2395=DIRECTION('',(1.,0.,0.));
#2396=DIRECTION('',(0.,1.,0.));
#2397=DIRECTION('',(-1.,-3.42661427353443E-16,0.));
#2398=DIRECTION('',(0.,1.,0.));
#2399=DIRECTION('',(1.,0.,0.));
#2400=DIRECTION('',(0.,1.,0.));
#2401=DIRECTION('',(-1.,0.,0.));
#2402=DIRECTION('',(0.,0.,1.));
#2403=DIRECTION('',(-2.18087850903941E-14,-1.,0.));
#2404=DIRECTION('',(4.46769828823001E-16,-1.,0.));
#2405=DIRECTION('',(-1.,3.8904713920995E-16,1.87398424642462E-15));
#2406=DIRECTION('',(4.46769828823001E-16,-1.,0.));
#2407=DIRECTION('',(-1.,3.8904713920995E-16,1.87398424642462E-15));
#2408=DIRECTION('',(4.46769828823001E-16,-1.,0.));
#2409=DIRECTION('',(0.,0.,1.));
#2410=DIRECTION('',(2.18087850903945E-14,1.,0.));
#2411=DIRECTION('',(-1.,-1.49666085821671E-16,0.));
#2412=DIRECTION('',(0.,-1.,0.));
#2413=DIRECTION('',(1.,0.,0.));
#2414=DIRECTION('',(0.,-1.,0.));
#2415=DIRECTION('',(-1.,-1.49666085821671E-16,0.));
#2416=DIRECTION('',(0.,0.,1.));
#2417=DIRECTION('',(1.73305649548045E-14,-1.,0.));
#2418=DIRECTION('',(0.,-1.,0.));
#2419=DIRECTION('',(1.,-9.1739802795822E-17,1.52425415878377E-15));
#2420=DIRECTION('',(0.,-1.,0.));
#2421=DIRECTION('',(1.,-9.1739802795822E-17,1.52425415878377E-15));
#2422=DIRECTION('',(0.,-1.,0.));
#2423=DIRECTION('',(0.,0.,1.));
#2424=DIRECTION('',(-1.73305649548042E-14,1.,0.));
#2425=DIRECTION('',(-1.,0.,0.));
#2426=DIRECTION('',(0.,1.,0.));
#2427=DIRECTION('',(-1.,0.,0.));
#2428=DIRECTION('',(0.,-1.,0.));
#2429=DIRECTION('',(0.,-0.996194698091746,0.0871557427476565));
#2430=DIRECTION('',(0.,-0.0871557427476565,-0.996194698091746));
#2431=DIRECTION('',(1.,0.,0.));
#2432=DIRECTION('',(1.51045826087249E-15,-0.0871557427476565,-0.996194698091746));
#2433=DIRECTION('',(0.,-0.0871557427476565,-0.996194698091746));
#2434=DIRECTION('',(-1.,-1.0462335730738E-17,-1.19585044611387E-16));
#2435=DIRECTION('',(0.,-0.0871557427476565,-0.996194698091746));
#2436=DIRECTION('',(1.90076086297735E-15,0.0871557427476565,0.996194698091746));
#2437=DIRECTION('',(0.,-0.996194698091746,0.0871557427476576));
#2438=DIRECTION('',(0.,-0.0871557427476576,-0.996194698091746));
#2439=DIRECTION('',(1.,0.,0.));
#2440=DIRECTION('',(2.41240952650806E-15,0.0871557427476576,0.996194698091746));
#2441=DIRECTION('',(2.41240952650806E-15,0.0871557427476576,0.996194698091746));
#2442=DIRECTION('',(1.,0.,0.));
#2443=DIRECTION('',(2.41240952650806E-15,0.0871557427476576,0.996194698091746));
#2444=DIRECTION('',(2.41240952650806E-15,0.0871557427476576,0.996194698091746));
#2445=DIRECTION('',(1.,0.,0.));
#2446=DIRECTION('',(2.41240952650806E-15,0.0871557427476576,0.996194698091746));
#2447=DIRECTION('',(1.,0.,0.));
#2448=DIRECTION('',(-2.41240952650806E-15,0.0871557427476576,0.996194698091746));
#2449=DIRECTION('',(1.,0.,0.));
#2450=DIRECTION('',(2.41240952650806E-15,0.0871557427476576,0.996194698091746));
#2451=DIRECTION('',(2.41240952650806E-15,0.0871557427476576,0.996194698091746));
#2452=DIRECTION('',(1.,0.,0.));
#2453=DIRECTION('',(2.41240952650806E-15,0.0871557427476576,0.996194698091746));
#2454=DIRECTION('',(2.41240952650806E-15,0.0871557427476576,0.996194698091746));
#2455=DIRECTION('',(3.96508223080414E-15,-0.0871557427476576,-0.996194698091746));
#2456=DIRECTION('',(0.,-0.996194698091746,0.0871557427476576));
#2457=DIRECTION('',(0.,-0.0871557427476576,-0.996194698091746));
#2458=DIRECTION('',(1.,2.29887251063763E-16,2.62762330339687E-15));
#2459=DIRECTION('',(0.,-0.996194698091746,0.0871557427476576));
#2460=DIRECTION('',(0.,-0.0871557427476576,-0.996194698091746));
#2461=DIRECTION('',(7.93016446160826E-15,-0.0871557427476576,-0.996194698091746));
#2462=DIRECTION('',(0.,-0.996194698091746,0.0871557427476576));
#2463=DIRECTION('',(0.,-0.0871557427476576,-0.996194698091746));
#2464=DIRECTION('',(1.,2.37814397652169E-16,2.71823100351399E-15));
#2465=DIRECTION('',(0.,-0.996194698091746,0.0871557427476576));
#2466=DIRECTION('',(0.,-0.0871557427476576,-0.996194698091746));
#2467=DIRECTION('',(0.,0.996194698091746,-0.087155742747658));
#2468=DIRECTION('',(-1.,0.,0.));
#2469=DIRECTION('',(0.,-0.087155742747658,-0.996194698091746));
#2470=DIRECTION('',(0.,0.996194698091746,-0.087155742747658));
#2471=DIRECTION('',(0.,0.087155742747658,0.996194698091746));
#2472=DIRECTION('',(1.,2.00821046906277E-17,2.29539506963403E-16));
#2473=DIRECTION('',(0.,0.996194698091746,-0.087155742747658));
#2474=DIRECTION('',(0.,0.087155742747658,0.996194698091746));
#2475=DIRECTION('',(0.,-0.087155742747658,-0.996194698091746));
#2476=DIRECTION('',(0.,0.996194698091746,-0.087155742747658));
#2477=DIRECTION('',(0.,0.087155742747658,0.996194698091746));
#2478=DIRECTION('',(1.,1.00410523453138E-17,1.14769753481702E-16));
#2479=DIRECTION('',(0.,0.996194698091746,-0.087155742747658));
#2480=DIRECTION('',(0.,0.087155742747658,0.996194698091746));
#2481=DIRECTION('',(-1.,-2.3781439765217E-16,-2.71823100351399E-15));
#2482=DIRECTION('',(0.,0.996194698091746,-0.087155742747658));
#2483=DIRECTION('',(0.,0.087155742747658,0.996194698091746));
#2484=DIRECTION('',(-7.93016446160826E-15,0.087155742747658,0.996194698091746));
#2485=DIRECTION('',(0.,0.996194698091746,-0.087155742747658));
#2486=DIRECTION('',(0.,0.087155742747658,0.996194698091746));
#2487=DIRECTION('',(-1.,-2.29887251063765E-16,-2.62762330339687E-15));
#2488=DIRECTION('',(0.,0.996194698091746,-0.087155742747658));
#2489=DIRECTION('',(0.,0.087155742747658,0.996194698091746));
#2490=DIRECTION('',(-3.96508223080414E-15,0.087155742747658,0.996194698091746));
#2491=DIRECTION('',(0.,0.996194698091746,-0.087155742747658));
#2492=DIRECTION('',(0.,0.087155742747658,0.996194698091746));
#2493=DIRECTION('',(0.,0.996194698091746,-0.087155742747658));
#2494=DIRECTION('',(-1.,0.,0.));
#2495=DIRECTION('',(0.,-0.087155742747658,-0.996194698091746));
#2496=DIRECTION('',(-1.,0.,0.));
#2497=DIRECTION('',(0.,0.087155742747658,0.996194698091746));
#2498=DIRECTION('',(1.,1.00410523453138E-17,1.14769753481702E-16));
#2499=DIRECTION('',(0.,0.996194698091746,-0.087155742747658));
#2500=DIRECTION('',(0.,0.087155742747658,0.996194698091746));
#2501=DIRECTION('',(0.,-0.087155742747658,-0.996194698091746));
#2502=DIRECTION('',(0.,0.996194698091746,-0.087155742747658));
#2503=DIRECTION('',(0.,0.087155742747658,0.996194698091746));
#2504=DIRECTION('',(1.,2.00821046906277E-17,2.29539506963403E-16));
#2505=DIRECTION('',(0.,0.996194698091746,-0.087155742747658));
#2506=DIRECTION('',(0.,0.087155742747658,0.996194698091746));
#2507=DIRECTION('',(0.,-0.087155742747658,-0.996194698091746));
#2508=DIRECTION('',(0.,0.996194698091746,-0.087155742747658));
#2509=DIRECTION('',(0.,0.087155742747658,0.996194698091746));
#2510=DIRECTION('',(1.,-2.10255344094336E-16,-2.40322957993335E-15));
#2511=DIRECTION('',(-2.40322957993335E-15,0.,-1.));
#2512=DIRECTION('',(0.,-1.,0.));
#2513=DIRECTION('',(2.41240952650806E-15,0.0871557427476576,0.996194698091746));
#2514=DIRECTION('',(2.41240952650806E-15,0.0871557427476576,0.996194698091746));
#2515=DIRECTION('',(0.,-1.,0.));
#2516=DIRECTION('',(3.81005833785755E-15,0.0871557427476632,0.996194698091745));
#2517=DIRECTION('',(0.,0.996194698091746,-0.0871557427476582));
#2518=DIRECTION('',(0.,0.996194698091745,-0.0871557427476632));
#2519=DIRECTION('',(0.,0.0871557427476632,0.996194698091745));
#2520=DIRECTION('',(1.,0.,0.));
#2521=DIRECTION('',(2.41240952650806E-15,0.0871557427476576,0.996194698091746));
#2522=DIRECTION('',(2.41240952650806E-15,0.0871557427476576,0.996194698091746));
#2523=DIRECTION('',(1.,0.,0.));
#2524=DIRECTION('',(2.41240952650806E-15,0.0871557427476576,0.996194698091746));
#2525=DIRECTION('',(2.41240952650806E-15,0.0871557427476576,0.996194698091746));
#2526=DIRECTION('',(1.,0.,0.));
#2527=DIRECTION('',(2.41240952650806E-15,0.0871557427476576,0.996194698091746));
#2528=DIRECTION('',(2.41240952650806E-15,0.0871557427476576,0.996194698091746));
#2529=DIRECTION('',(1.,0.,0.));
#2530=DIRECTION('',(-3.81005833785755E-15,0.0871557427476593,0.996194698091745));
#2531=DIRECTION('',(-1.,0.,0.));
#2532=DIRECTION('',(1.,0.,0.));
#2533=DIRECTION('',(2.41240952650806E-15,0.0871557427476576,0.996194698091746));
#2534=DIRECTION('',(2.41240952650806E-15,0.0871557427476576,0.996194698091746));
#2535=DIRECTION('',(-1.,-3.32068464347883E-16,-3.79555991559394E-15));
#2536=DIRECTION('',(-3.79555991559394E-15,0.,1.));
#2537=DIRECTION('',(2.41240952650806E-15,0.0871557427476576,0.996194698091746));
#2538=DIRECTION('',(0.,-1.,0.));
#2539=DIRECTION('',(0.,-0.996194698091746,0.0871557427476582));
#2540=DIRECTION('',(0.,-1.,0.));
#2541=DIRECTION('',(2.41240952650806E-15,0.0871557427476576,0.996194698091746));
#2542=DIRECTION('',(0.,-0.996194698091746,0.087155742747658));
#2543=DIRECTION('',(0.,-0.087155742747658,-0.996194698091746));
#2544=DIRECTION('',(-1.,0.,0.));
#2545=DIRECTION('',(1.90076086297735E-15,0.087155742747658,0.996194698091746));
#2546=DIRECTION('',(0.,0.087155742747658,0.996194698091746));
#2547=DIRECTION('',(-1.,0.,0.));
#2548=DIRECTION('',(0.,-0.087155742747658,-0.996194698091746));
#2549=DIRECTION('',(1.51045826087249E-15,-0.087155742747658,-0.996194698091746));
#2550=DIRECTION('',(-1.,9.1739802795822E-17,-1.52425415878377E-15));
#2551=DIRECTION('',(-1.52425415878377E-15,0.,1.));
#2552=DIRECTION('',(2.24238208494187E-16,0.996194698091746,-0.0871557427476582));
#2553=DIRECTION('',(1.51045826087249E-15,-0.087155742747658,-0.996194698091746));
#2554=DIRECTION('',(-1.51045826087249E-15,0.0871557427476584,0.996194698091746));
#2555=DIRECTION('',(2.24238208494187E-16,0.996194698091746,-0.0871557427476582));
#2556=DIRECTION('',(-1.51045826087249E-15,0.0871557427476583,0.996194698091746));
#2557=DIRECTION('',(-1.51045826087249E-15,0.0871557427476565,0.996194698091746));
#2558=DIRECTION('',(-1.,3.8904713920995E-16,1.87398424642462E-15));
#2559=DIRECTION('',(1.87398424642462E-15,0.,1.));
#2560=DIRECTION('',(-1.90076086297735E-15,-0.087155742747658,-0.996194698091746));
#2561=DIRECTION('',(-2.24238208494166E-16,-0.996194698091746,0.0871557427476582));
#2562=DIRECTION('',(1.90076086297735E-15,0.0871557427476565,0.996194698091746));
#2563=DIRECTION('',(1.90076086297735E-15,0.0871557427476583,0.996194698091746));
#2564=DIRECTION('',(-2.24238208494166E-16,-0.996194698091746,0.0871557427476582));
#2565=DIRECTION('',(1.90076086297735E-15,0.0871557427476584,0.996194698091746));
#2566=DIRECTION('',(0.,-0.0871557427476582,-0.996194698091746));
#2567=DIRECTION('',(1.,0.,0.));
#2568=DIRECTION('',(-2.24238208494166E-16,-0.996194698091746,0.0871557427476582));
#2569=DIRECTION('',(1.,0.,0.));
#2570=DIRECTION('',(-2.24238208494187E-16,-0.996194698091746,0.0871557427476582));
#2571=DIRECTION('',(1.,0.,0.));
#2572=DIRECTION('',(0.,-0.0871557427476582,-0.996194698091746));
#2573=DIRECTION('',(1.,0.,0.));
#2574=DIRECTION('',(-1.,0.,2.42162453898735E-15));
#2575=DIRECTION('',(2.42162453898735E-15,0.,1.));
#2576=DIRECTION('',(2.41240952650806E-15,0.0871557427476576,0.996194698091746));
#2577=DIRECTION('',(0.,-1.,0.));
#2578=DIRECTION('',(3.4135749717005E-16,-0.996194698091746,0.0871557427476576));
#2579=DIRECTION('',(0.,-0.0871557427476576,-0.996194698091746));
#2580=DIRECTION('',(2.41240952650806E-15,0.0871557427476576,0.996194698091746));
#2581=DIRECTION('',(1.,3.42661427353443E-16,0.));
#2582=DIRECTION('',(1.,0.,-2.42162453898735E-15));
#2583=DIRECTION('',(-2.42162453898735E-15,0.,-1.));
#2584=DIRECTION('',(2.41240952650806E-15,0.0871557427476576,0.996194698091746));
#2585=DIRECTION('',(0.,1.,0.));
#2586=DIRECTION('',(-3.86172587580639E-16,0.996194698091746,-0.0871557427476576));
#2587=DIRECTION('',(0.,0.0871557427476576,0.996194698091746));
#2588=DIRECTION('',(-1.,-3.87647704128891E-16,0.));
#2589=DIRECTION('',(0.,0.,1.));
#2590=DIRECTION('',(1.,0.,0.));
#2591=DIRECTION('',(0.,0.,1.));
#2592=DIRECTION('',(1.,0.,0.));
#2593=DIRECTION('',(0.,0.996194698091746,-0.0871557427476576));
#2594=DIRECTION('',(0.,0.0871557427476576,0.996194698091746));
#2595=DIRECTION('',(2.41240952650806E-15,0.0871557427476576,0.996194698091746));
#2596=DIRECTION('',(-1.,0.,0.));
#2597=DIRECTION('',(-1.,0.,2.42162453898735E-15));
#2598=DIRECTION('',(2.42162453898735E-15,0.,1.));
#2599=DIRECTION('',(2.41240952650806E-15,0.0871557427476576,0.996194698091746));
#2600=DIRECTION('',(0.,-1.,0.));
#2601=DIRECTION('',(0.,-0.996194698091746,0.0871557427476576));
#2602=DIRECTION('',(0.,-0.0871557427476576,-0.996194698091746));
#2603=DIRECTION('',(2.41240952650806E-15,0.0871557427476576,0.996194698091746));
#2604=DIRECTION('',(1.,0.,0.));
#2605=DIRECTION('',(1.,0.,-2.42162453898735E-15));
#2606=DIRECTION('',(-2.42162453898735E-15,0.,-1.));
#2607=DIRECTION('',(0.,1.,0.));
#2608=DIRECTION('',(0.,0.,1.));
#2609=DIRECTION('',(1.,0.,0.));
#2610=DIRECTION('',(0.,0.,1.));
#2611=DIRECTION('',(1.,0.,0.));
#2612=DIRECTION('',(0.,-0.996194698091746,0.0871557427476576));
#2613=DIRECTION('',(0.,-0.0871557427476576,-0.996194698091746));
#2614=DIRECTION('',(2.41240952650806E-15,0.0871557427476576,0.996194698091746));
#2615=DIRECTION('',(1.,0.,0.));
#2616=DIRECTION('',(1.,0.,-2.42162453898735E-15));
#2617=DIRECTION('',(-2.42162453898735E-15,0.,-1.));
#2618=DIRECTION('',(2.41240952650806E-15,0.0871557427476576,0.996194698091746));
#2619=DIRECTION('',(0.,1.,0.));
#2620=DIRECTION('',(0.,0.996194698091746,-0.0871557427476576));
#2621=DIRECTION('',(0.,0.0871557427476576,0.996194698091746));
#2622=DIRECTION('',(2.41240952650806E-15,0.0871557427476576,0.996194698091746));
#2623=DIRECTION('',(-1.,0.,0.));
#2624=DIRECTION('',(-1.,0.,2.42162453898735E-15));
#2625=DIRECTION('',(2.42162453898735E-15,0.,1.));
#2626=DIRECTION('',(0.,-1.,0.));
#2627=DIRECTION('',(0.,0.,1.));
#2628=DIRECTION('',(1.,0.,0.));
#2629=DIRECTION('',(0.,0.,1.));
#2630=DIRECTION('',(1.,0.,0.));
#2631=DIRECTION('',(1.,0.,-2.42162453898735E-15));
#2632=DIRECTION('',(-2.42162453898735E-15,0.,-1.));
#2633=DIRECTION('',(2.41240952650806E-15,0.0871557427476576,0.996194698091746));
#2634=DIRECTION('',(0.,1.,0.));
#2635=DIRECTION('',(-3.4135749717005E-16,0.996194698091746,-0.0871557427476576));
#2636=DIRECTION('',(0.,0.0871557427476576,0.996194698091746));
#2637=DIRECTION('',(2.41240952650806E-15,0.0871557427476576,0.996194698091746));
#2638=DIRECTION('',(-1.,-3.42661427353443E-16,0.));
#2639=DIRECTION('',(1.,0.,-2.42162453898735E-15));
#2640=DIRECTION('',(-2.42162453898735E-15,0.,-1.));
#2641=DIRECTION('',(0.,1.,0.));
#2642=DIRECTION('',(0.,0.,1.));
#2643=DIRECTION('',(1.,0.,0.));
#2644=DIRECTION('',(0.,0.,1.));
#2645=DIRECTION('',(1.,0.,0.));
#2646=DIRECTION('',(1.,0.,-2.42162453898735E-15));
#2647=DIRECTION('',(-2.42162453898735E-15,0.,-1.));
#2648=DIRECTION('',(2.41240952650806E-15,0.0871557427476576,0.996194698091746));
#2649=DIRECTION('',(0.,1.,0.));
#2650=DIRECTION('',(0.,-0.996194698091746,0.0871557427476576));
#2651=DIRECTION('',(0.,-0.0871557427476576,-0.996194698091746));
#2652=DIRECTION('',(2.41240952650806E-15,0.0871557427476576,0.996194698091746));
#2653=DIRECTION('',(1.,0.,0.));
#2654=DIRECTION('',(1.,0.,-2.42162453898735E-15));
#2655=DIRECTION('',(-2.42162453898735E-15,0.,-1.));
#2656=DIRECTION('',(0.,1.,0.));
#2657=DIRECTION('',(0.,0.,1.));
#2658=DIRECTION('',(1.,0.,0.));
#2659=DIRECTION('',(0.,0.,1.));
#2660=DIRECTION('',(1.,0.,0.));
#2661=DIRECTION('',(-1.70678748585024E-16,-0.996194698091746,0.0871557427476576));
#2662=DIRECTION('',(0.,-0.0871557427476576,-0.996194698091746));
#2663=DIRECTION('',(2.41240952650806E-15,0.0871557427476576,0.996194698091746));
#2664=DIRECTION('',(1.,-1.71330713676721E-16,0.));
#2665=DIRECTION('',(2.41240952650806E-15,0.0871557427476576,0.996194698091746));
#2666=DIRECTION('',(1.,0.,-2.42162453898735E-15));
#2667=DIRECTION('',(-2.42162453898735E-15,0.,-1.));
#2668=DIRECTION('',(0.,1.,0.));
#2669=DIRECTION('',(1.,0.,-2.42162453898735E-15));
#2670=DIRECTION('',(-2.42162453898735E-15,0.,-1.));
#2671=DIRECTION('',(0.,1.,0.));
#2672=DIRECTION('',(0.,0.,1.));
#2673=DIRECTION('',(1.,0.,0.));
#2674=DIRECTION('',(0.,0.,1.));
#2675=DIRECTION('',(1.,0.,0.));
#2676=DIRECTION('',(1.,0.,-2.42162453898735E-15));
#2677=DIRECTION('',(-2.42162453898735E-15,0.,-1.));
#2678=DIRECTION('',(2.41240952650806E-15,0.0871557427476576,0.996194698091746));
#2679=DIRECTION('',(0.,1.,0.));
#2680=DIRECTION('',(0.,0.996194698091746,-0.0871557427476576));
#2681=DIRECTION('',(0.,0.0871557427476576,0.996194698091746));
#2682=DIRECTION('',(2.41240952650806E-15,0.0871557427476576,0.996194698091746));
#2683=DIRECTION('',(-1.,0.,0.));
#2684=DIRECTION('',(-1.,0.,2.42162453898735E-15));
#2685=DIRECTION('',(2.42162453898735E-15,0.,1.));
#2686=DIRECTION('',(2.41240952650806E-15,0.0871557427476576,0.996194698091746));
#2687=DIRECTION('',(0.,-1.,0.));
#2688=DIRECTION('',(0.,-0.996194698091746,0.0871557427476576));
#2689=DIRECTION('',(0.,-0.0871557427476576,-0.996194698091746));
#2690=DIRECTION('',(1.,0.,0.));
#2691=DIRECTION('',(0.,0.,1.));
#2692=DIRECTION('',(1.,0.,0.));
#2693=DIRECTION('',(0.,0.,1.));
#2694=DIRECTION('',(1.,0.,0.));
#2695=DIRECTION('',(-1.,0.,2.42162453898735E-15));
#2696=DIRECTION('',(2.42162453898735E-15,0.,1.));
#2697=DIRECTION('',(2.41240952650806E-15,0.0871557427476576,0.996194698091746));
#2698=DIRECTION('',(0.,-1.,0.));
#2699=DIRECTION('',(0.,0.996194698091746,-0.0871557427476576));
#2700=DIRECTION('',(0.,0.0871557427476576,0.996194698091746));
#2701=DIRECTION('',(2.41240952650806E-15,0.0871557427476576,0.996194698091746));
#2702=DIRECTION('',(-1.,0.,0.));
#2703=DIRECTION('',(-1.,0.,2.42162453898735E-15));
#2704=DIRECTION('',(2.42162453898735E-15,0.,1.));
#2705=DIRECTION('',(0.,-1.,0.));
#2706=DIRECTION('',(0.,0.,1.));
#2707=DIRECTION('',(1.,0.,0.));
#2708=DIRECTION('',(0.,0.,1.));
#2709=DIRECTION('',(1.,0.,0.));
#2710=DIRECTION('',(3.4135749717005E-16,-0.996194698091746,0.0871557427476576));
#2711=DIRECTION('',(0.,-0.0871557427476576,-0.996194698091746));
#2712=DIRECTION('',(2.41240952650806E-15,0.0871557427476576,0.996194698091746));
#2713=DIRECTION('',(1.,3.42661427353443E-16,0.));
#2714=DIRECTION('',(2.41240952650806E-15,0.0871557427476576,0.996194698091746));
#2715=DIRECTION('',(-1.,0.,2.42162453898735E-15));
#2716=DIRECTION('',(2.42162453898735E-15,0.,1.));
#2717=DIRECTION('',(0.,-1.,0.));
#2718=DIRECTION('',(-1.,0.,2.42162453898735E-15));
#2719=DIRECTION('',(2.42162453898735E-15,0.,1.));
#2720=DIRECTION('',(0.,-1.,0.));
#2721=DIRECTION('',(0.,0.,1.));
#2722=DIRECTION('',(1.,0.,0.));
#2723=DIRECTION('',(0.,0.,1.));
#2724=DIRECTION('',(1.,0.,0.));
#2725=DIRECTION('',(0.,-0.996194698091746,0.0871557427476576));
#2726=DIRECTION('',(0.,-0.0871557427476576,-0.996194698091746));
#2727=DIRECTION('',(2.41240952650806E-15,0.0871557427476576,0.996194698091746));
#2728=DIRECTION('',(1.,0.,0.));
#2729=DIRECTION('',(2.41240952650806E-15,0.0871557427476576,0.996194698091746));
#2730=DIRECTION('',(-0.999607120379007,-0.0279219866027702,0.00244285729086753));
#2731=DIRECTION('',(0.027922069916093,-0.999610102995963,0.));
#2732=DIRECTION('',(0.027922069916093,-0.999610102995964,0.));
#2733=DIRECTION('',(-0.999607120379007,0.0279219866027699,-0.00244285729086266));
#2734=DIRECTION('',(-0.0279220699160927,-0.999610102995963,0.));
#2735=DIRECTION('',(-0.0279220699160927,-0.999610102995964,0.));
#2736=DIRECTION('',(0.,0.,1.));
#2737=DIRECTION('',(1.,0.,0.));
#2738=DIRECTION('',(0.,0.,1.));
#2739=DIRECTION('',(1.,0.,0.));
#2740=DIRECTION('',(0.,0.,-1.));
#2741=DIRECTION('',(-1.,0.,0.));
#2742=DIRECTION('',(0.,0.,1.));
#2743=DIRECTION('',(1.,0.,0.));
#2744=DIRECTION('',(0.,0.,1.));
#2745=DIRECTION('',(1.,0.,0.));
#2746=DIRECTION('',(0.,0.,-1.));
#2747=DIRECTION('',(-1.,0.,0.));
#2748=DIRECTION('',(0.,0.,1.));
#2749=DIRECTION('',(1.,0.,0.));
#2750=DIRECTION('',(0.,0.,1.));
#2751=DIRECTION('',(1.,0.,0.));
#2752=DIRECTION('',(0.,0.,-1.));
#2753=DIRECTION('',(-1.,0.,0.));
#2754=DIRECTION('',(0.,0.,-1.));
#2755=DIRECTION('',(1.,0.,0.));
#2756=DIRECTION('',(0.,0.,1.));
#2757=DIRECTION('',(1.,0.,0.));
#2758=DIRECTION('',(0.,0.,-1.));
#2759=DIRECTION('',(-1.,0.,0.));
#2760=DIRECTION('',(0.,0.,1.));
#2761=DIRECTION('',(1.,0.,0.));
#2762=DIRECTION('',(0.,0.,1.));
#2763=DIRECTION('',(1.,0.,0.));
#2764=DIRECTION('',(0.,0.,-1.));
#2765=DIRECTION('',(-1.,0.,0.));
#2766=DIRECTION('',(0.,0.,-1.));
#2767=DIRECTION('',(1.,0.,0.));
#2768=DIRECTION('',(0.,0.,1.));
#2769=DIRECTION('',(1.,0.,0.));
#2770=DIRECTION('',(0.,0.,-1.));
#2771=DIRECTION('',(-1.,0.,0.));
#2772=DIRECTION('',(0.,0.,-1.));
#2773=DIRECTION('',(1.,0.,0.));
#2774=DIRECTION('',(0.,0.,1.));
#2775=DIRECTION('',(1.,0.,0.));
#2776=DIRECTION('',(0.,0.,-1.));
#2777=DIRECTION('',(-1.,0.,0.));
#2778=DIRECTION('',(0.,0.,1.));
#2779=DIRECTION('',(1.,0.,0.));
#2780=DIRECTION('',(0.,0.,1.));
#2781=DIRECTION('',(1.,0.,0.));
#2782=DIRECTION('',(0.,0.,-1.));
#2783=DIRECTION('',(-1.,0.,0.));
#2784=DIRECTION('',(0.,0.,-1.));
#2785=DIRECTION('',(1.,0.,0.));
#2786=DIRECTION('',(0.,0.,1.));
#2787=DIRECTION('',(1.,0.,0.));
#2788=DIRECTION('',(0.,0.,-1.));
#2789=DIRECTION('',(-1.,0.,0.));
#2790=DIRECTION('',(0.,0.,-1.));
#2791=DIRECTION('',(1.,0.,0.));
#2792=DIRECTION('',(0.,0.,1.));
#2793=DIRECTION('',(1.,0.,0.));
#2794=DIRECTION('',(0.,0.,-1.));
#2795=DIRECTION('',(-1.,0.,0.));
#2796=DIRECTION('',(0.,0.,1.));
#2797=DIRECTION('',(1.,0.,0.));
#2798=DIRECTION('',(0.,0.,1.));
#2799=DIRECTION('',(1.,0.,0.));
#2800=DIRECTION('',(1.,0.,0.));
#2801=DIRECTION('',(0.,0.,-1.));
#2802=DIRECTION('',(0.,0.996194698091746,-0.087155742747658));
#2803=DIRECTION('',(0.,-0.087155742747658,-0.996194698091746));
#2804=DIRECTION('',(0.,0.996194698091746,-0.087155742747658));
#2805=DIRECTION('',(0.,0.996194698091746,-0.087155742747658));
#2806=DIRECTION('',(-1.,0.,0.));
#2807=DIRECTION('',(0.,0.,1.));
#2808=DIRECTION('',(1.,0.,0.));
#2809=DIRECTION('',(0.,0.,-1.));
#2810=DIRECTION('',(0.,0.996194698091746,-0.087155742747658));
#2811=DIRECTION('',(0.,0.996194698091746,-0.087155742747658));
#2812=DIRECTION('',(-1.15208155294892E-16,0.087155742747658,0.996194698091746));
#2813=DIRECTION('',(0.,-0.996194698091746,0.087155742747658));
#2814=DIRECTION('',(-1.54074395550979E-33,0.996194698091746,-0.087155742747658));
#2815=DIRECTION('',(-1.54074395550979E-33,0.996194698091746,-0.087155742747658));
#2816=DIRECTION('',(1.,0.,0.));
#2817=DIRECTION('',(0.,0.,-1.));
#2818=DIRECTION('',(0.,0.996194698091746,-0.087155742747658));
#2819=DIRECTION('',(0.,0.996194698091746,-0.087155742747658));
#2820=DIRECTION('',(-2.30416310589784E-16,0.087155742747658,0.996194698091746));
#2821=DIRECTION('',(0.,-0.996194698091746,0.087155742747658));
#2822=DIRECTION('',(-3.08148791101958E-33,0.996194698091746,-0.087155742747658));
#2823=DIRECTION('',(-3.08148791101958E-33,0.996194698091746,-0.087155742747658));
#2824=DIRECTION('',(2.63766039754096E-15,-0.0871557427476576,-0.996194698091746));
#2825=DIRECTION('',(0.,0.996194698091746,-0.0871557427476576));
#2826=DIRECTION('',(0.,-0.996194698091746,0.0871557427476576));
#2827=DIRECTION('',(0.,-0.996194698091746,0.0871557427476576));
#2828=DIRECTION('',(-1.,-3.45579686881274E-16,-3.94999389582487E-15));
#2829=DIRECTION('',(-3.94999389582487E-15,0.,1.));
#2830=DIRECTION('',(0.,-0.996194698091746,0.0871557427476576));
#2831=DIRECTION('',(0.,-0.996194698091746,0.0871557427476576));
#2832=DIRECTION('',(2.72861420435271E-15,-0.0871557427476576,-0.996194698091746));
#2833=DIRECTION('',(0.,0.996194698091746,-0.0871557427476576));
#2834=DIRECTION('',(4.93038065763132E-32,-0.996194698091746,0.0871557427476576));
#2835=DIRECTION('',(4.93038065763132E-32,-0.996194698091746,0.0871557427476576));
#2836=DIRECTION('',(-1.,-6.91159373762546E-16,-7.89998779164973E-15));
#2837=DIRECTION('',(-7.89998779164973E-15,0.,1.));
#2838=DIRECTION('',(0.,-0.996194698091746,0.0871557427476576));
#2839=DIRECTION('',(0.,-0.996194698091746,0.0871557427476576));
#2840=DIRECTION('',(1.51045826087249E-15,-0.0871557427476582,-0.996194698091746));
#2841=DIRECTION('',(0.,0.996194698091746,-0.0871557427476582));
#2842=DIRECTION('',(1.,-9.1739802795822E-17,1.52425415878377E-15));
#2843=DIRECTION('',(2.24238208494187E-16,0.996194698091746,-0.0871557427476582));
#2844=DIRECTION('',(1.,-9.1739802795822E-17,1.52425415878377E-15));
#2845=DIRECTION('',(2.24238208494187E-16,0.996194698091746,-0.0871557427476584));
#2846=DIRECTION('',(0.,0.0871557427476584,0.996194698091746));
#2847=DIRECTION('',(-1.51045826087249E-15,0.0871557427476584,0.996194698091746));
#2848=DIRECTION('',(2.24238208494187E-16,0.996194698091746,-0.0871557427476583));
#2849=DIRECTION('',(0.,0.0871557427476583,0.996194698091746));
#2850=DIRECTION('',(-1.51045826087249E-15,0.0871557427476583,0.996194698091746));
#2851=DIRECTION('',(1.,-9.1739802795822E-17,1.52425415878377E-15));
#2852=DIRECTION('',(9.1739802795822E-17,1.,1.39834775937535E-31));
#2853=DIRECTION('',(-1.,0.,0.));
#2854=DIRECTION('',(0.,0.,1.));
#2855=DIRECTION('',(0.,-0.0871557427476565,-0.996194698091746));
#2856=DIRECTION('',(0.,-0.996194698091746,0.0871557427476564));
#2857=DIRECTION('',(-1.,0.,0.));
#2858=DIRECTION('',(0.,0.,1.));
#2859=DIRECTION('',(0.,-0.996194698091746,0.0871557427476564));
#2860=DIRECTION('',(0.,-0.0871557427476565,-0.996194698091746));
#2861=DIRECTION('',(-1.20041840054416E-16,0.0871557427476564,0.996194698091746));
#2862=DIRECTION('',(0.,-0.996194698091746,0.0871557427476564));
#2863=DIRECTION('',(-1.,-1.0462335730738E-17,-1.19585044611387E-16));
#2864=DIRECTION('',(0.,-0.996194698091746,0.0871557427476565));
#2865=DIRECTION('',(1.,0.,0.));
#2866=DIRECTION('',(-1.90076086297735E-15,-0.0871557427476582,-0.996194698091746));
#2867=DIRECTION('',(0.,0.996194698091746,-0.0871557427476582));
#2868=DIRECTION('',(-1.,3.8904713920995E-16,1.87398424642462E-15));
#2869=DIRECTION('',(-2.24238208494166E-16,-0.996194698091746,0.0871557427476582));
#2870=DIRECTION('',(-1.,3.8904713920995E-16,1.87398424642462E-15));
#2871=DIRECTION('',(-2.24238208494166E-16,-0.996194698091746,0.0871557427476583));
#2872=DIRECTION('',(0.,-0.0871557427476583,-0.996194698091746));
#2873=DIRECTION('',(1.90076086297735E-15,0.0871557427476583,0.996194698091746));
#2874=DIRECTION('',(-2.24238208494165E-16,-0.996194698091746,0.0871557427476584));
#2875=DIRECTION('',(0.,-0.0871557427476584,-0.996194698091746));
#2876=DIRECTION('',(1.90076086297735E-15,0.0871557427476584,0.996194698091746));
#2877=DIRECTION('',(-1.,3.8904713920995E-16,1.87398424642462E-15));
#2878=DIRECTION('',(-3.8904713920995E-16,-1.,7.29068209996009E-31));
#2879=DIRECTION('',(0.,0.996194698091746,-0.0871557427476576));
#2880=DIRECTION('',(0.,0.0871557427476576,0.996194698091746));
#2881=DIRECTION('',(0.,-0.996194698091746,0.0871557427476576));
#2882=DIRECTION('',(0.,-0.0871557427476576,-0.996194698091746));
#2883=DIRECTION('',(0.,0.996194698091746,-0.0871557427476576));
#2884=DIRECTION('',(0.,0.0871557427476576,0.996194698091746));
#2885=DIRECTION('',(0.,-0.996194698091746,0.0871557427476576));
#2886=DIRECTION('',(0.,-0.0871557427476576,-0.996194698091746));
#2887=DIRECTION('',(0.,0.996194698091746,-0.087155742747658));
#2888=DIRECTION('',(0.,0.087155742747658,0.996194698091746));
#2889=DIRECTION('',(0.,-0.996194698091746,0.087155742747658));
#2890=DIRECTION('',(0.,-0.087155742747658,-0.996194698091746));
#2891=DIRECTION('',(0.,0.996194698091746,-0.087155742747658));
#2892=DIRECTION('',(0.,0.087155742747658,0.996194698091746));
#2893=DIRECTION('',(0.,-0.996194698091746,0.087155742747658));
#2894=DIRECTION('',(0.,-0.087155742747658,-0.996194698091746));
#2895=DIRECTION('',(1.51045826087249E-15,-0.0871557427476565,-0.996194698091746));
#2896=DIRECTION('',(0.,0.996194698091746,-0.0871557427476565));
#2897=DIRECTION('',(1.72812232942338E-15,-0.0871557427476558,-0.996194698091746));
#2898=DIRECTION('',(0.,0.996194698091746,-0.0871557427476558));
#2899=DIRECTION('',(0.,-0.996194698091746,0.0871557427476558));
#2900=DIRECTION('',(0.,-0.0871557427476558,-0.996194698091746));
#2901=DIRECTION('',(-2.2678666951583E-16,-0.996194698091746,0.087155742747657));
#2902=DIRECTION('',(0.,-0.087155742747657,-0.996194698091746));
#2903=DIRECTION('',(1.,-1.20952890408443E-15,-1.3824978635387E-14));
#2904=DIRECTION('',(-1.3824978635387E-14,0.,-1.));
#2905=DIRECTION('',(1.90076086297735E-15,0.0871557427476565,0.996194698091746));
#2906=DIRECTION('',(0.,-0.996194698091746,0.0871557427476565));
#2907=DIRECTION('',(-2.3328867814656E-15,-0.0871557427476561,-0.996194698091746));
#2908=DIRECTION('',(0.,0.996194698091746,-0.0871557427476561));
#2909=DIRECTION('',(1.,0.,0.));
#2910=DIRECTION('',(0.,0.,-1.));
#2911=DIRECTION('',(-1.,0.,0.));
#2912=DIRECTION('',(0.,0.,1.));
#2913=DIRECTION('',(-2.24238208494187E-16,-0.996194698091746,0.0871557427476582));
#2914=DIRECTION('',(0.,-0.0871557427476582,-0.996194698091746));
#2915=DIRECTION('',(1.51191113010555E-16,0.996194698091746,-0.0871557427476568));
#2916=DIRECTION('',(0.,0.0871557427476568,0.996194698091746));
#2917=DIRECTION('',(-1.51045826087249E-15,0.087155742747658,0.996194698091746));
#2918=DIRECTION('',(0.,-0.996194698091746,0.087155742747658));
#2919=DIRECTION('',(3.45624465884671E-15,-0.0871557427476587,-0.996194698091746));
#2920=DIRECTION('',(0.,0.996194698091746,-0.0871557427476587));
#2921=DIRECTION('',(0.,-0.996194698091746,0.0871557427476558));
#2922=DIRECTION('',(0.,-0.0871557427476558,-0.996194698091746));
#2923=DIRECTION('',(1.51191113010561E-16,-0.996194698091745,0.0871557427476604));
#2924=DIRECTION('',(0.,-0.0871557427476604,-0.996194698091745));
#2925=DIRECTION('',(1.,0.,1.73472347597681E-15));
#2926=DIRECTION('',(1.73472347597681E-15,0.,-1.));
#2927=DIRECTION('',(1.,0.,0.));
#2928=DIRECTION('',(0.,0.,-1.));
#2929=DIRECTION('',(-2.24238208494166E-16,-0.996194698091746,0.0871557427476582));
#2930=DIRECTION('',(0.,-0.0871557427476582,-0.996194698091746));
#2931=DIRECTION('',(-3.75862688486787E-15,0.996194698091746,-0.0871557427476569));
#2932=DIRECTION('',(0.,0.0871557427476569,0.996194698091746));
#2933=DIRECTION('',(1.,0.,0.));
#2934=DIRECTION('',(0.,0.,-1.));
#2935=DIRECTION('',(-1.,0.,0.));
#2936=DIRECTION('',(0.,0.,1.));
#2937=DIRECTION('',(0.,-0.0871557427476568,-0.996194698091746));
#2938=DIRECTION('',(0.,0.996194698091746,-0.0871557427476568));
#2939=DIRECTION('',(-1.72812232942337E-15,-0.0871557427476601,-0.996194698091745));
#2940=DIRECTION('',(0.,0.996194698091746,-0.0871557427476601));
#2941=DIRECTION('',(-1.90076086297735E-15,-0.087155742747658,-0.996194698091746));
#2942=DIRECTION('',(0.,0.996194698091746,-0.087155742747658));
#2943=CARTESIAN_POINT('',(0.,0.,0.));
#2944=CARTESIAN_POINT('',(0.0047625,-0.000500000000000098,0.0015));
#2945=CARTESIAN_POINT('',(-0.0078625,-0.057875,0.0015));
#2946=CARTESIAN_POINT('',(-0.0204875,-0.057875,0.0015));
#2947=CARTESIAN_POINT('',(0.0300125,-0.057875,0.0015));
#2948=CARTESIAN_POINT('',(-0.0204875,-0.0534,0.0015));
#2949=CARTESIAN_POINT('',(-0.0204875,-0.048925,0.0015));
#2950=CARTESIAN_POINT('',(0.0047625,-0.048925,0.0015));
#2951=CARTESIAN_POINT('',(-0.05856875,-0.048925,0.0015));
#2952=CARTESIAN_POINT('',(-0.05856875,-0.0534,0.0015));
#2953=CARTESIAN_POINT('',(-0.05856875,-0.057875,0.0015));
#2954=CARTESIAN_POINT('',(-0.07881875,-0.057875,0.0015));
#2955=CARTESIAN_POINT('',(-0.09906875,-0.057875,0.0015));
#2956=CARTESIAN_POINT('',(-0.09906875,-0.0534,0.0015));
#2957=CARTESIAN_POINT('',(-0.09906875,-0.048925,0.0015));
#2958=CARTESIAN_POINT('',(0.0047625,-0.048925,0.0015));
#2959=CARTESIAN_POINT('',(-0.1354375,-0.048925,0.0015));
#2960=CARTESIAN_POINT('',(-0.1354375,-0.0534,0.0015));
#2961=CARTESIAN_POINT('',(-0.1354375,-0.057875,0.0015));
#2962=CARTESIAN_POINT('',(-0.1556875,-0.057875,0.0015));
#2963=CARTESIAN_POINT('',(-0.1759375,-0.057875,0.0015));
#2964=CARTESIAN_POINT('',(-0.1759375,-0.037625,0.0015));
#2965=CARTESIAN_POINT('',(-0.1759375,-0.017375,0.0015));
#2966=CARTESIAN_POINT('',(-0.1714625,-0.017375,0.0015));
#2967=CARTESIAN_POINT('',(-0.1669875,-0.017375,0.0015));
#2968=CARTESIAN_POINT('',(-0.1669875,-0.00050000000000007,0.0015));
#2969=CARTESIAN_POINT('',(-0.1669875,0.016375,0.0015));
#2970=CARTESIAN_POINT('',(-0.1714625,0.016375,0.0015));
#2971=CARTESIAN_POINT('',(-0.1759375,0.016375,0.0015));
#2972=CARTESIAN_POINT('',(-0.1759375,0.036625,0.0015));
#2973=CARTESIAN_POINT('',(-0.1759375,0.056875,0.0015));
#2974=CARTESIAN_POINT('',(-0.1556875,0.056875,0.0015));
#2975=CARTESIAN_POINT('',(-0.1354375,0.056875,0.0015));
#2976=CARTESIAN_POINT('',(-0.1354375,0.0524,0.0015));
#2977=CARTESIAN_POINT('',(-0.1354375,0.047925,0.0015));
#2978=CARTESIAN_POINT('',(0.0047625,0.047925,0.0015));
#2979=CARTESIAN_POINT('',(-0.09906875,0.047925,0.0015));
#2980=CARTESIAN_POINT('',(-0.09906875,0.0524,0.0015));
#2981=CARTESIAN_POINT('',(-0.09906875,0.056875,0.0015));
#2982=CARTESIAN_POINT('',(-0.07881875,0.056875,0.0015));
#2983=CARTESIAN_POINT('',(-0.05856875,0.056875,0.0015));
#2984=CARTESIAN_POINT('',(-0.05856875,0.0524,0.0015));
#2985=CARTESIAN_POINT('',(-0.05856875,0.047925,0.0015));
#2986=CARTESIAN_POINT('',(0.0047625,0.047925,0.0015));
#2987=CARTESIAN_POINT('',(-0.0202375,0.047925,0.0015));
#2988=CARTESIAN_POINT('',(-0.0203625,0.0524,0.0015));
#2989=CARTESIAN_POINT('',(-0.0204875,0.056875,0.0015));
#2990=CARTESIAN_POINT('',(-0.0078625,0.056875,0.0015));
#2991=CARTESIAN_POINT('',(0.0300125,0.056875,0.0015));
#2992=CARTESIAN_POINT('',(0.0298875,0.0524,0.0015));
#2993=CARTESIAN_POINT('',(0.0297625,0.047925,0.0015));
#2994=CARTESIAN_POINT('',(0.0047625,0.047925,0.0015));
#2995=CARTESIAN_POINT('',(0.06809375,0.047925,0.0015));
#2996=CARTESIAN_POINT('',(0.06809375,0.0524,0.0015));
#2997=CARTESIAN_POINT('',(0.06809375,0.056875,0.0015));
#2998=CARTESIAN_POINT('',(0.08834375,0.056875,0.0015));
#2999=CARTESIAN_POINT('',(0.10859375,0.056875,0.0015));
#3000=CARTESIAN_POINT('',(0.10859375,0.0524,0.0015));
#3001=CARTESIAN_POINT('',(0.10859375,0.047925,0.0015));
#3002=CARTESIAN_POINT('',(0.0047625,0.047925,0.0015));
#3003=CARTESIAN_POINT('',(0.1449625,0.047925,0.0015));
#3004=CARTESIAN_POINT('',(0.1449625,0.0524,0.0015));
#3005=CARTESIAN_POINT('',(0.1449625,0.056875,0.0015));
#3006=CARTESIAN_POINT('',(0.1652125,0.056875,0.0015));
#3007=CARTESIAN_POINT('',(0.1854625,0.056875,0.0015));
#3008=CARTESIAN_POINT('',(0.1854625,0.036625,0.0015));
#3009=CARTESIAN_POINT('',(0.1854625,0.016375,0.0015));
#3010=CARTESIAN_POINT('',(0.1809875,0.016375,0.0015));
#3011=CARTESIAN_POINT('',(0.1765125,0.016375,0.0015));
#3012=CARTESIAN_POINT('',(0.1765125,-0.00050000000000007,0.0015));
#3013=CARTESIAN_POINT('',(0.1765125,-0.017375,0.0015));
#3014=CARTESIAN_POINT('',(0.1809875,-0.017375,0.0015));
#3015=CARTESIAN_POINT('',(0.1854625,-0.017375,0.0015));
#3016=CARTESIAN_POINT('',(0.1854625,-0.037625,0.0015));
#3017=CARTESIAN_POINT('',(0.1854625,-0.057875,0.0015));
#3018=CARTESIAN_POINT('',(0.1652125,-0.057875,0.0015));
#3019=CARTESIAN_POINT('',(0.1449625,-0.057875,0.0015));
#3020=CARTESIAN_POINT('',(0.1449625,-0.0534,0.0015));
#3021=CARTESIAN_POINT('',(0.1449625,-0.048925,0.0015));
#3022=CARTESIAN_POINT('',(0.0047625,-0.048925,0.0015));
#3023=CARTESIAN_POINT('',(0.10859375,-0.048925,0.0015));
#3024=CARTESIAN_POINT('',(0.10859375,-0.0534,0.0015));
#3025=CARTESIAN_POINT('',(0.10859375,-0.057875,0.0015));
#3026=CARTESIAN_POINT('',(0.08834375,-0.057875,0.0015));
#3027=CARTESIAN_POINT('',(0.06809375,-0.057875,0.0015));
#3028=CARTESIAN_POINT('',(0.06809375,-0.0534,0.0015));
#3029=CARTESIAN_POINT('',(0.06809375,-0.048925,0.0015));
#3030=CARTESIAN_POINT('',(0.0047625,-0.048925,0.0015));
#3031=CARTESIAN_POINT('',(0.0300125,-0.048925,0.0015));
#3032=CARTESIAN_POINT('',(0.0300125,-0.0534,0.0015));
#3033=CARTESIAN_POINT('',(0.0047625,0.061625,0.0015));
#3034=CARTESIAN_POINT('',(-0.1751875,0.061625,0.0015));
#3035=CARTESIAN_POINT('',(-0.1786875,0.061625,0.0015));
#3036=CARTESIAN_POINT('',(-0.1786875,0.0596173603249133,0.0015));
#3037=CARTESIAN_POINT('',(-0.1806875,0.0596173603249133,0.0015));
#3038=CARTESIAN_POINT('',(-0.1806875,-0.000500000000000115,0.0015));
#3039=CARTESIAN_POINT('',(-0.1806875,0.0561039908935115,0.0015));
#3040=CARTESIAN_POINT('',(-0.1786875,0.0561039908935115,0.0015));
#3041=CARTESIAN_POINT('',(-0.1786875,0.0561039908935115,0.0015));
#3042=CARTESIAN_POINT('',(-0.1786875,-0.000500000000000116,0.0015));
#3043=CARTESIAN_POINT('',(-0.1786875,-0.0571039908935117,0.0015));
#3044=CARTESIAN_POINT('',(-0.1786875,-0.0571039908935117,0.0015));
#3045=CARTESIAN_POINT('',(-0.1806875,-0.0571039908935117,0.0015));
#3046=CARTESIAN_POINT('',(-0.1806875,-0.000500000000000115,0.0015));
#3047=CARTESIAN_POINT('',(-0.1806875,-0.0606173603249134,0.0015));
#3048=CARTESIAN_POINT('',(-0.1786875,-0.0606173603249134,0.0015));
#3049=CARTESIAN_POINT('',(-0.1786875,-0.062625,0.0015));
#3050=CARTESIAN_POINT('',(0.0047625,-0.062625,0.0015));
#3051=CARTESIAN_POINT('',(-0.1751875,-0.062625,0.0015));
#3052=CARTESIAN_POINT('',(-0.1751875,-0.000500000000000098,0.0015));
#3053=CARTESIAN_POINT('',(-0.1751875,-0.0606173603249135,0.0015));
#3054=CARTESIAN_POINT('',(0.0047625,-0.0606173603249135,0.0015));
#3055=CARTESIAN_POINT('',(0.1847125,-0.0606173603249135,0.0015));
#3056=CARTESIAN_POINT('',(0.1847125,-0.000500000000000098,0.0015));
#3057=CARTESIAN_POINT('',(0.1847125,-0.062625,0.0015));
#3058=CARTESIAN_POINT('',(0.0047625,-0.062625,0.0015));
#3059=CARTESIAN_POINT('',(0.1882125,-0.062625,0.0015));
#3060=CARTESIAN_POINT('',(0.1882125,-0.0606173603249134,0.0015));
#3061=CARTESIAN_POINT('',(0.1902125,-0.0606173603249135,0.0015));
#3062=CARTESIAN_POINT('',(0.1902125,-0.000500000000000066,0.0015));
#3063=CARTESIAN_POINT('',(0.1902125,-0.0571039908935117,0.0015));
#3064=CARTESIAN_POINT('',(0.1882125,-0.0571039908935117,0.0015));
#3065=CARTESIAN_POINT('',(0.1882125,-0.0571039908935117,0.0015));
#3066=CARTESIAN_POINT('',(0.1882125,-0.000500000000000066,0.0015));
#3067=CARTESIAN_POINT('',(0.1882125,0.0561039908935115,0.0015));
#3068=CARTESIAN_POINT('',(0.1882125,0.0561039908935115,0.0015));
#3069=CARTESIAN_POINT('',(0.1902125,0.0561039908935115,0.0015));
#3070=CARTESIAN_POINT('',(0.1902125,-0.000500000000000066,0.0015));
#3071=CARTESIAN_POINT('',(0.1902125,0.0596173603249133,0.0015));
#3072=CARTESIAN_POINT('',(0.1882125,0.0596173603249133,0.0015));
#3073=CARTESIAN_POINT('',(0.1882125,0.061625,0.0015));
#3074=CARTESIAN_POINT('',(0.0047625,0.061625,0.0015));
#3075=CARTESIAN_POINT('',(0.1847125,0.061625,0.0015));
#3076=CARTESIAN_POINT('',(0.1847125,-0.000500000000000098,0.0015));
#3077=CARTESIAN_POINT('',(0.1847125,0.0596173603249133,0.0015));
#3078=CARTESIAN_POINT('',(0.0047625,0.0596173603249133,0.0015));
#3079=CARTESIAN_POINT('',(-0.1751875,0.0596173603249133,0.0015));
#3080=CARTESIAN_POINT('',(-0.1751875,-0.000500000000000098,0.0015));
#3081=CARTESIAN_POINT('',(0.,-0.0622795288994451,0.0054487527484365));
#3082=CARTESIAN_POINT('',(0.,-0.0640522275115318,-0.0148132851047474));
#3083=CARTESIAN_POINT('',(-0.1786875,-0.0640522275115318,-0.0148132851047474));
#3084=CARTESIAN_POINT('',(0.1882125,-0.0640522275115318,-0.0148132851047474));
#3085=CARTESIAN_POINT('',(0.1882125,-0.0622795288994451,0.00544875274843679));
#3086=CARTESIAN_POINT('',(0.1847125,-0.0631651220724657,-0.00467362353815724));
#3087=CARTESIAN_POINT('',(0.1847125,-0.0637471824119151,-0.0113266036614266));
#3088=CARTESIAN_POINT('',(0.00476249999999973,-0.0637471824119151,-0.0113266036614266));
#3089=CARTESIAN_POINT('',(-0.1751875,-0.0637471824119151,-0.0113266036614266));
#3090=CARTESIAN_POINT('',(-0.1751875,-0.0631651220724657,-0.00467362353815738));
#3091=CARTESIAN_POINT('',(-0.1786875,-0.0622795288994451,0.00544875274843684));
#3092=CARTESIAN_POINT('',(0.,0.0474307196483048,-0.00414965027210295));
#3093=CARTESIAN_POINT('',(0.0047625,0.0475327991576355,-0.00298287614141286));
#3094=CARTESIAN_POINT('',(0.0297625,0.0475327991576355,-0.00298287614141286));
#3095=CARTESIAN_POINT('',(-0.0202375,0.0475327991576355,-0.00298287614141286));
#3096=CARTESIAN_POINT('',(-0.0202375,0.0475327991576355,-0.00298287614141286));
#3097=CARTESIAN_POINT('',(-0.05856875,0.0475327991576355,-0.00298287614141286));
#3098=CARTESIAN_POINT('',(-0.05856875,0.0475327991576355,-0.00298287614141286));
#3099=CARTESIAN_POINT('',(0.0047625,0.0475327991576355,-0.00298287614141286));
#3100=CARTESIAN_POINT('',(-0.09906875,0.0475327991576355,-0.00298287614141286));
#3101=CARTESIAN_POINT('',(-0.09906875,0.0475327991576355,-0.00298287614141286));
#3102=CARTESIAN_POINT('',(-0.1354375,0.0475327991576355,-0.00298287614141286));
#3103=CARTESIAN_POINT('',(-0.1354375,0.0475327991576355,-0.00298287614141286));
#3104=CARTESIAN_POINT('',(0.0047625,0.0475327991576355,-0.00298287614141286));
#3105=CARTESIAN_POINT('',(-0.1669875,0.0475327991576355,-0.00298287614141286));
#3106=CARTESIAN_POINT('',(-0.1669875,0.045919488264461,-0.0214231040310118));
#3107=CARTESIAN_POINT('',(-0.1669875,0.045919488264461,-0.0214231040310118));
#3108=CARTESIAN_POINT('',(0.0047625,0.045919488264461,-0.0214231040310118));
#3109=CARTESIAN_POINT('',(0.1765125,0.045919488264461,-0.0214231040310118));
#3110=CARTESIAN_POINT('',(0.1765125,0.045919488264461,-0.0214231040310118));
#3111=CARTESIAN_POINT('',(0.1765125,0.0475327991576355,-0.00298287614141286));
#3112=CARTESIAN_POINT('',(0.0047625,0.0475327991576355,-0.00298287614141286));
#3113=CARTESIAN_POINT('',(0.1449625,0.0475327991576355,-0.00298287614141286));
#3114=CARTESIAN_POINT('',(0.1449625,0.0475327991576355,-0.00298287614141286));
#3115=CARTESIAN_POINT('',(0.10859375,0.0475327991576355,-0.00298287614141286));
#3116=CARTESIAN_POINT('',(0.10859375,0.0475327991576355,-0.00298287614141286));
#3117=CARTESIAN_POINT('',(0.0047625,0.0475327991576355,-0.00298287614141286));
#3118=CARTESIAN_POINT('',(0.06809375,0.0475327991576355,-0.00298287614141286));
#3119=CARTESIAN_POINT('',(0.06809375,0.0475327991576355,-0.00298287614141286));
#3120=CARTESIAN_POINT('',(0.0297625,0.0475327991576355,-0.00298287614141286));
#3121=CARTESIAN_POINT('',(0.1212125,0.0471362405281337,-0.0075155620177303));
#3122=CARTESIAN_POINT('',(0.1212125,0.0472016073351944,-0.00676841599416149));
#3123=CARTESIAN_POINT('',(0.1212125,0.0470708737210729,-0.00826270804129911));
#3124=CARTESIAN_POINT('',(0.1222125,0.0472016073351944,-0.00676841599416149));
#3125=CARTESIAN_POINT('',(0.1222125,0.0472887630779421,-0.00577222129606975));
#3126=CARTESIAN_POINT('',(0.1259625,0.0472887630779421,-0.00577222129606974));
#3127=CARTESIAN_POINT('',(0.1297125,0.0472887630779421,-0.00577222129606973));
#3128=CARTESIAN_POINT('',(0.1297125,0.0472016073351944,-0.00676841599416147));
#3129=CARTESIAN_POINT('',(0.1307125,0.0472016073351944,-0.00676841599416146));
#3130=CARTESIAN_POINT('',(0.1307125,0.0471362405281337,-0.00751556201773028));
#3131=CARTESIAN_POINT('',(0.1307125,0.0470708737210729,-0.00826270804129908));
#3132=CARTESIAN_POINT('',(0.1297125,0.0470708737210729,-0.00826270804129909));
#3133=CARTESIAN_POINT('',(0.1297125,0.0469837179783253,-0.00925890273939083));
#3134=CARTESIAN_POINT('',(0.1259625,0.0469837179783253,-0.00925890273939084));
#3135=CARTESIAN_POINT('',(0.1222125,0.0469837179783253,-0.00925890273939085));
#3136=CARTESIAN_POINT('',(0.1222125,0.0470708737210729,-0.00826270804129911));
#3137=CARTESIAN_POINT('',(0.0047625,0.0483809894309088,-0.00932674624358106));
#3138=CARTESIAN_POINT('',(0.1334625,0.0485287885846435,-0.00763739418608998));
#3139=CARTESIAN_POINT('',(0.1334625,0.0486159443273911,-0.00664119948799823));
#3140=CARTESIAN_POINT('',(0.1334625,0.0484416328418958,-0.00863358888418172));
#3141=CARTESIAN_POINT('',(0.1314625,0.0484416328418958,-0.00863358888418172));
#3142=CARTESIAN_POINT('',(0.1314625,0.0482673213564005,-0.0106259782803652));
#3143=CARTESIAN_POINT('',(0.1259625,0.0482673213564005,-0.0106259782803652));
#3144=CARTESIAN_POINT('',(0.1204625,0.0482673213564005,-0.0106259782803652));
#3145=CARTESIAN_POINT('',(0.1204625,0.0484416328418958,-0.00863358888418172));
#3146=CARTESIAN_POINT('',(0.1184625,0.0484416328418958,-0.00863358888418172));
#3147=CARTESIAN_POINT('',(0.1184625,0.0485287885846435,-0.00763739418608998));
#3148=CARTESIAN_POINT('',(0.1184625,0.0486159443273911,-0.00664119948799823));
#3149=CARTESIAN_POINT('',(0.1204625,0.0486159443273911,-0.00664119948799823));
#3150=CARTESIAN_POINT('',(0.1204625,0.0487902558128864,-0.00464881009181474));
#3151=CARTESIAN_POINT('',(0.1259625,0.0487902558128864,-0.00464881009181474));
#3152=CARTESIAN_POINT('',(0.1314625,0.0487902558128864,-0.00464881009181474));
#3153=CARTESIAN_POINT('',(0.1314625,0.0486159443273911,-0.00664119948799823));
#3154=CARTESIAN_POINT('',(0.0047625,0.048376266034835,-0.00938073490775084));
#3155=CARTESIAN_POINT('',(0.1297125,0.0483762660348351,-0.0093807349077505));
#3156=CARTESIAN_POINT('',(0.1222125,0.0483762660348351,-0.00938073490775052));
#3157=CARTESIAN_POINT('',(0.1297125,0.0484634217775827,-0.00838454020965875));
#3158=CARTESIAN_POINT('',(0.1307125,0.0484634217775827,-0.00838454020965874));
#3159=CARTESIAN_POINT('',(0.1307125,0.0483809894309089,-0.00932674624358006));
#3160=CARTESIAN_POINT('',(0.1307125,0.0485941553917042,-0.00689024816252113));
#3161=CARTESIAN_POINT('',(0.1297125,0.0485941553917042,-0.00689024816252114));
#3162=CARTESIAN_POINT('',(0.1297125,0.0486813111344519,-0.00589405346442939));
#3163=CARTESIAN_POINT('',(0.0047625,0.0486813111344518,-0.00589405346442972));
#3164=CARTESIAN_POINT('',(0.1222125,0.0486813111344519,-0.00589405346442941));
#3165=CARTESIAN_POINT('',(0.1222125,0.0485941553917042,-0.00689024816252115));
#3166=CARTESIAN_POINT('',(0.1212125,0.0485941553917042,-0.00689024816252116));
#3167=CARTESIAN_POINT('',(0.1212125,0.0483809894309088,-0.0093267462435806));
#3168=CARTESIAN_POINT('',(0.1212125,0.0484634217775827,-0.00838454020965878));
#3169=CARTESIAN_POINT('',(0.1222125,0.0484634217775827,-0.00838454020965877));
#3170=CARTESIAN_POINT('',(0.0047625,0.0583599319332447,-0.0128724722837492));
#3171=CARTESIAN_POINT('',(0.1847125,0.0585124544830531,-0.0111291315620886));
#3172=CARTESIAN_POINT('',(0.1847125,0.057566609847785,-0.0219401852134891));
#3173=CARTESIAN_POINT('',(0.0047625,0.057566609847785,-0.0219401852134891));
#3174=CARTESIAN_POINT('',(-0.1751875,0.057566609847785,-0.0219401852134891));
#3175=CARTESIAN_POINT('',(-0.1751875,0.0585996102258008,-0.0101329368639969));
#3176=CARTESIAN_POINT('',(0.1259625,0.0590012514683268,-0.00554215645497823));
#3177=CARTESIAN_POINT('',(0.1204625,0.0590012514683268,-0.00554215645497823));
#3178=CARTESIAN_POINT('',(0.1314625,0.0590012514683268,-0.00554215645497823));
#3179=CARTESIAN_POINT('',(0.1204625,0.0588269399828315,-0.00753454585116172));
#3180=CARTESIAN_POINT('',(0.1184625,0.0588269399828315,-0.00753454585116173));
#3181=CARTESIAN_POINT('',(0.1184625,0.0587397842400838,-0.00853074054925347));
#3182=CARTESIAN_POINT('',(0.1184625,0.0586526284973362,-0.00952693524734522));
#3183=CARTESIAN_POINT('',(0.1204625,0.0586526284973362,-0.00952693524734521));
#3184=CARTESIAN_POINT('',(0.1204625,0.0584783170118409,-0.0115193246435287));
#3185=CARTESIAN_POINT('',(0.1259625,0.0584783170118409,-0.0115193246435287));
#3186=CARTESIAN_POINT('',(0.1314625,0.0584783170118409,-0.0115193246435287));
#3187=CARTESIAN_POINT('',(0.1314625,0.0586526284973362,-0.00952693524734521));
#3188=CARTESIAN_POINT('',(0.1334625,0.0586526284973362,-0.00952693524734521));
#3189=CARTESIAN_POINT('',(0.1334625,0.0587397842400839,-0.00853074054925347));
#3190=CARTESIAN_POINT('',(0.1334625,0.0588269399828315,-0.00753454585116173));
#3191=CARTESIAN_POINT('',(0.1314625,0.0588269399828315,-0.00753454585116172));
#3192=CARTESIAN_POINT('',(-0.1669875,3.5110014271953E-17,4.0130929947912E-16));
#3193=CARTESIAN_POINT('',(-0.1669875,-0.000892200842364529,-0.00298287614141286));
#3194=CARTESIAN_POINT('',(-0.1669875,0.0159827991576355,-0.00298287614141286));
#3195=CARTESIAN_POINT('',(-0.1669875,0.0159827991576355,-0.00298287614141286));
#3196=CARTESIAN_POINT('',(-0.1669875,-0.0177672008423644,-0.00298287614141286));
#3197=CARTESIAN_POINT('',(-0.1669875,-0.0177672008423644,-0.00298287614141286));
#3198=CARTESIAN_POINT('',(-0.1669875,-0.000892200842364529,-0.00298287614141286));
#3199=CARTESIAN_POINT('',(-0.1669875,-0.0493172008423645,-0.00298287614141286));
#3200=CARTESIAN_POINT('',(-0.1669875,-0.0501948271751553,-0.0130141910274907));
#3201=CARTESIAN_POINT('',(-0.1669875,-0.0501948271751553,-0.0130141910274907));
#3202=CARTESIAN_POINT('',(-0.1669875,-0.00213766945534711,-0.0172186475292513));
#3203=CARTESIAN_POINT('',(0.,-0.0486835957913114,0.00425926273141838));
#3204=CARTESIAN_POINT('',(0.0047625,-0.0493172008423645,-0.00298287614141286));
#3205=CARTESIAN_POINT('',(-0.09906875,-0.0493172008423645,-0.00298287614141286));
#3206=CARTESIAN_POINT('',(-0.05856875,-0.0493172008423646,-0.00298287614141286));
#3207=CARTESIAN_POINT('',(-0.05856875,-0.0493172008423645,-0.00298287614141286));
#3208=CARTESIAN_POINT('',(-0.0204875,-0.0493172008423645,-0.00298287614141286));
#3209=CARTESIAN_POINT('',(-0.0204875,-0.0493172008423645,-0.00298287614141286));
#3210=CARTESIAN_POINT('',(0.0047625,-0.0493172008423645,-0.00298287614141286));
#3211=CARTESIAN_POINT('',(0.0300125,-0.0493172008423646,-0.00298287614141286));
#3212=CARTESIAN_POINT('',(0.0300125,-0.0493172008423645,-0.00298287614141286));
#3213=CARTESIAN_POINT('',(0.06809375,-0.0493172008423645,-0.00298287614141286));
#3214=CARTESIAN_POINT('',(0.06809375,-0.0493172008423645,-0.00298287614141286));
#3215=CARTESIAN_POINT('',(0.0047625,-0.0493172008423645,-0.00298287614141286));
#3216=CARTESIAN_POINT('',(0.10859375,-0.0493172008423646,-0.00298287614141286));
#3217=CARTESIAN_POINT('',(0.10859375,-0.0493172008423645,-0.00298287614141286));
#3218=CARTESIAN_POINT('',(0.1449625,-0.0493172008423645,-0.00298287614141286));
#3219=CARTESIAN_POINT('',(0.1449625,-0.0493172008423645,-0.00298287614141286));
#3220=CARTESIAN_POINT('',(0.0047625,-0.0493172008423645,-0.00298287614141286));
#3221=CARTESIAN_POINT('',(0.1765125,-0.0493172008423645,-0.00298287614141286));
#3222=CARTESIAN_POINT('',(0.1765125,-0.0501948271751552,-0.0130141910274907));
#3223=CARTESIAN_POINT('',(0.1765125,-0.0501948271751552,-0.0130141910274907));
#3224=CARTESIAN_POINT('',(0.0047625,-0.0501948271751552,-0.0130141910274907));
#3225=CARTESIAN_POINT('',(0.0047625,-0.0493172008423645,-0.00298287614141286));
#3226=CARTESIAN_POINT('',(-0.1354375,-0.0493172008423646,-0.00298287614141286));
#3227=CARTESIAN_POINT('',(-0.1354375,-0.0493172008423645,-0.00298287614141286));
#3228=CARTESIAN_POINT('',(-0.09906875,-0.0493172008423645,-0.00298287614141286));
#3229=CARTESIAN_POINT('',(0.1765125,5.86142348132057E-17,6.69963769601275E-16));
#3230=CARTESIAN_POINT('',(0.1765125,0.0159827991576355,-0.00298287614141286));
#3231=CARTESIAN_POINT('',(0.1765125,0.0159827991576355,-0.00298287614141286));
#3232=CARTESIAN_POINT('',(0.1765125,-0.000892200842364529,-0.00298287614141286));
#3233=CARTESIAN_POINT('',(0.1765125,-0.0021376694553471,-0.0172186475292513));
#3234=CARTESIAN_POINT('',(0.1765125,-0.000892200842364529,-0.00298287614141286));
#3235=CARTESIAN_POINT('',(0.1765125,-0.0177672008423644,-0.00298287614141286));
#3236=CARTESIAN_POINT('',(0.1765125,-0.0177672008423644,-0.00298287614141286));
#3237=CARTESIAN_POINT('',(0.,0.0610266527564384,-0.00533914028912143));
#3238=CARTESIAN_POINT('',(0.,0.0592539541443517,-0.0256011781423055));
#3239=CARTESIAN_POINT('',(0.1882125,0.0592539541443517,-0.0256011781423055));
#3240=CARTESIAN_POINT('',(-0.1786875,0.0592539541443517,-0.0256011781423055));
#3241=CARTESIAN_POINT('',(-0.1786875,0.0610266527564385,-0.0053391402891211));
#3242=CARTESIAN_POINT('',(-0.1751875,0.0605919996219842,-0.0103072483494922));
#3243=CARTESIAN_POINT('',(-0.1751875,0.0595589992439685,-0.0221144966989844));
#3244=CARTESIAN_POINT('',(0.0047625,0.0595589992439685,-0.0221144966989844));
#3245=CARTESIAN_POINT('',(0.1847125,0.0595589992439685,-0.0221144966989844));
#3246=CARTESIAN_POINT('',(0.1847125,0.0605048438792366,-0.011303443047584));
#3247=CARTESIAN_POINT('',(0.1882125,0.0610266527564385,-0.00533914028912115));
#3248=CARTESIAN_POINT('',(0.1902125,-1.74500572393003E-17,2.89932194177658E-16));
#3249=CARTESIAN_POINT('',(0.1902125,-0.0017726986120868,-0.0202620378531841));
#3250=CARTESIAN_POINT('',(0.1902125,-0.0620598381153483,-0.0149875965902428));
#3251=CARTESIAN_POINT('',(0.1902125,0.0572615647481682,-0.0254268666568102));
#3252=CARTESIAN_POINT('',(0.1902125,0.059034263360255,-0.00516482880362583));
#3253=CARTESIAN_POINT('',(0.1902125,0.0550919596489877,-0.0100675700569361));
#3254=CARTESIAN_POINT('',(0.1902125,0.0540799284044638,-0.0216351401138725));
#3255=CARTESIAN_POINT('',(0.1902125,-0.00209409158397333,-0.0167205501802056));
#3256=CARTESIAN_POINT('',(0.1902125,-0.0582681115724104,-0.0118059602465387));
#3257=CARTESIAN_POINT('',(0.1902125,-0.0576860512329611,-0.00515298012326922));
#3258=CARTESIAN_POINT('',(0.1902125,-0.0602871395032616,0.00527444126294148));
#3259=CARTESIAN_POINT('',(-0.1806875,7.02959549659979E-17,3.38605528525848E-16));
#3260=CARTESIAN_POINT('',(-0.1806875,0.059034263360255,-0.00516482880362578));
#3261=CARTESIAN_POINT('',(-0.1806875,0.0572615647481682,-0.0254268666568102));
#3262=CARTESIAN_POINT('',(-0.1806875,-0.00177269861208671,-0.0202620378531841));
#3263=CARTESIAN_POINT('',(-0.1806875,-0.0620598381153483,-0.0149875965902428));
#3264=CARTESIAN_POINT('',(-0.1806875,-0.0602871395032616,0.00527444126294153));
#3265=CARTESIAN_POINT('',(-0.1806875,-0.0576860512329611,-0.00515298012326922));
#3266=CARTESIAN_POINT('',(-0.1806875,-0.0582681115724104,-0.0118059602465385));
#3267=CARTESIAN_POINT('',(-0.1806875,-0.00209409158397332,-0.0167205501802054));
#3268=CARTESIAN_POINT('',(-0.1806875,0.0540799284044638,-0.0216351401138723));
#3269=CARTESIAN_POINT('',(-0.1806875,0.0550919596489877,-0.0100675700569361));
#3270=CARTESIAN_POINT('',(0.00476249999999914,-0.00257344816909383,-0.0221996210197093));
#3271=CARTESIAN_POINT('',(-0.1786875,-0.00257344816909379,-0.0221996210197093));
#3272=CARTESIAN_POINT('',(-0.1786875,-0.0622341496008437,-0.0169799859864262));
#3273=CARTESIAN_POINT('',(-0.1786875,0.0570872532626729,-0.0274192560529937));
#3274=CARTESIAN_POINT('',(0.00476249999999914,0.0570872532626729,-0.0274192560529937));
#3275=CARTESIAN_POINT('',(0.1882125,0.0570872532626729,-0.0274192560529937));
#3276=CARTESIAN_POINT('',(0.1882125,-0.00257344816909387,-0.0221996210197093));
#3277=CARTESIAN_POINT('',(0.1882125,-0.0622341496008437,-0.0169799859864262));
#3278=CARTESIAN_POINT('',(0.00476249999999914,-0.0622341496008437,-0.0169799859864262));
#3279=CARTESIAN_POINT('',(0.0047625,-0.00213766945534711,-0.0172186475292513));
#3280=CARTESIAN_POINT('',(0.1449625,-0.0537922008423644,-0.00298287614141286));
#3281=CARTESIAN_POINT('',(0.1449625,-0.0582672008423645,-0.00298287614141286));
#3282=CARTESIAN_POINT('',(0.1449625,-0.0582672008423645,-0.00298287614141286));
#3283=CARTESIAN_POINT('',(0.1449625,-0.0537922008423644,-0.00298287614141286));
#3284=CARTESIAN_POINT('',(0.1652125,-0.0582672008423645,-0.00298287614141286));
#3285=CARTESIAN_POINT('',(0.1854625,-0.0582672008423645,-0.00298287614141286));
#3286=CARTESIAN_POINT('',(0.1854625,-0.0582672008423645,-0.00298287614141286));
#3287=CARTESIAN_POINT('',(0.1652125,-0.0582672008423645,-0.00298287614141286));
#3288=CARTESIAN_POINT('',(0.1854625,-0.0380172008423644,-0.00298287614141286));
#3289=CARTESIAN_POINT('',(0.1854625,-0.0177672008423644,-0.00298287614141286));
#3290=CARTESIAN_POINT('',(0.1854625,-0.0177672008423644,-0.00298287614141286));
#3291=CARTESIAN_POINT('',(0.1854625,-0.0380172008423644,-0.00298287614141286));
#3292=CARTESIAN_POINT('',(0.1809875,-0.0177672008423644,-0.00298287614141286));
#3293=CARTESIAN_POINT('',(0.1809875,-0.0177672008423644,-0.00298287614141286));
#3294=CARTESIAN_POINT('',(0.0047625,-0.000892200842364557,-0.00298287614141286));
#3295=CARTESIAN_POINT('',(0.1799625,-0.052375,-0.00298287614141286));
#3296=CARTESIAN_POINT('',(0.1832125,-0.052375,-0.00298287614141286));
#3297=CARTESIAN_POINT('',(0.1809875,0.0159827991576355,-0.00298287614141286));
#3298=CARTESIAN_POINT('',(0.1854625,0.0159827991576355,-0.00298287614141286));
#3299=CARTESIAN_POINT('',(0.1854625,0.0159827991576355,-0.00298287614141286));
#3300=CARTESIAN_POINT('',(0.1809875,0.0159827991576355,-0.00298287614141286));
#3301=CARTESIAN_POINT('',(0.1854625,0.0362327991576355,-0.00298287614141286));
#3302=CARTESIAN_POINT('',(0.1854625,0.0564827991576356,-0.00298287614141286));
#3303=CARTESIAN_POINT('',(0.1854625,0.0564827991576356,-0.00298287614141286));
#3304=CARTESIAN_POINT('',(0.1854625,0.0362327991576355,-0.00298287614141286));
#3305=CARTESIAN_POINT('',(0.1652125,0.0564827991576356,-0.00298287614141286));
#3306=CARTESIAN_POINT('',(0.1449625,0.0564827991576356,-0.00298287614141286));
#3307=CARTESIAN_POINT('',(0.1449625,0.0564827991576356,-0.00298287614141286));
#3308=CARTESIAN_POINT('',(0.1652125,0.0564827991576356,-0.00298287614141286));
#3309=CARTESIAN_POINT('',(0.1449625,0.0520077991576355,-0.00298287614141286));
#3310=CARTESIAN_POINT('',(0.1449625,0.0520077991576355,-0.00298287614141286));
#3311=CARTESIAN_POINT('',(0.0047625,-0.000892200842364557,-0.00298287614141286));
#3312=CARTESIAN_POINT('',(0.1799625,0.051375,-0.00298287614141286));
#3313=CARTESIAN_POINT('',(0.1832125,0.051375,-0.00298287614141286));
#3314=CARTESIAN_POINT('',(-0.1714625,-0.0177672008423644,-0.00298287614141286));
#3315=CARTESIAN_POINT('',(-0.1759375,-0.0177672008423644,-0.00298287614141286));
#3316=CARTESIAN_POINT('',(-0.1759375,-0.0177672008423644,-0.00298287614141286));
#3317=CARTESIAN_POINT('',(-0.1714625,-0.0177672008423644,-0.00298287614141286));
#3318=CARTESIAN_POINT('',(-0.1759375,-0.0380172008423645,-0.00298287614141286));
#3319=CARTESIAN_POINT('',(-0.1759375,-0.0582672008423645,-0.00298287614141286));
#3320=CARTESIAN_POINT('',(-0.1759375,-0.0582672008423645,-0.00298287614141286));
#3321=CARTESIAN_POINT('',(-0.1759375,-0.0380172008423645,-0.00298287614141286));
#3322=CARTESIAN_POINT('',(-0.1556875,-0.0582672008423645,-0.00298287614141286));
#3323=CARTESIAN_POINT('',(-0.1354375,-0.0582672008423645,-0.00298287614141286));
#3324=CARTESIAN_POINT('',(-0.1354375,-0.0582672008423645,-0.00298287614141286));
#3325=CARTESIAN_POINT('',(-0.1556875,-0.0582672008423645,-0.00298287614141286));
#3326=CARTESIAN_POINT('',(-0.1354375,-0.0537922008423644,-0.00298287614141286));
#3327=CARTESIAN_POINT('',(-0.1354375,-0.0537922008423644,-0.00298287614141286));
#3328=CARTESIAN_POINT('',(0.0047625,-0.000892200842364557,-0.00298287614141286));
#3329=CARTESIAN_POINT('',(-0.1704375,-0.052375,-0.00298287614141286));
#3330=CARTESIAN_POINT('',(-0.1671875,-0.052375,-0.00298287614141286));
#3331=CARTESIAN_POINT('',(0.06809375,-0.0537922008423645,-0.00298287614141286));
#3332=CARTESIAN_POINT('',(0.06809375,-0.0582672008423645,-0.00298287614141286));
#3333=CARTESIAN_POINT('',(0.06809375,-0.0582672008423645,-0.00298287614141286));
#3334=CARTESIAN_POINT('',(0.06809375,-0.0537922008423645,-0.00298287614141286));
#3335=CARTESIAN_POINT('',(0.08834375,-0.0582672008423645,-0.00298287614141286));
#3336=CARTESIAN_POINT('',(0.10859375,-0.0582672008423645,-0.00298287614141286));
#3337=CARTESIAN_POINT('',(0.10859375,-0.0582672008423645,-0.00298287614141286));
#3338=CARTESIAN_POINT('',(0.08834375,-0.0582672008423645,-0.00298287614141286));
#3339=CARTESIAN_POINT('',(0.10859375,-0.0537922008423645,-0.00298287614141286));
#3340=CARTESIAN_POINT('',(0.10859375,-0.0537922008423645,-0.00298287614141286));
#3341=CARTESIAN_POINT('',(0.0047625,-0.000892200842364557,-0.00298287614141286));
#3342=CARTESIAN_POINT('',(0.08834375,-0.053,-0.00298287614141286));
#3343=CARTESIAN_POINT('',(0.09146875,-0.053,-0.00298287614141286));
#3344=CARTESIAN_POINT('',(-0.0204875,-0.0537922008423646,-0.00298287614141286));
#3345=CARTESIAN_POINT('',(-0.0204875,-0.0582672008423646,-0.00298287614141286));
#3346=CARTESIAN_POINT('',(-0.0204875,-0.0582672008423646,-0.00298287614141286));
#3347=CARTESIAN_POINT('',(-0.0204875,-0.0537922008423646,-0.00298287614141286));
#3348=CARTESIAN_POINT('',(-0.0078625,-0.0582672008423646,-0.00298287614141286));
#3349=CARTESIAN_POINT('',(0.0300125,-0.0582672008423646,-0.00298287614141286));
#3350=CARTESIAN_POINT('',(0.0300125,-0.0582672008423646,-0.00298287614141286));
#3351=CARTESIAN_POINT('',(-0.0078625,-0.0582672008423646,-0.00298287614141286));
#3352=CARTESIAN_POINT('',(0.0300125,-0.0537922008423646,-0.00298287614141286));
#3353=CARTESIAN_POINT('',(0.0300125,-0.0537922008423646,-0.00298287614141286));
#3354=CARTESIAN_POINT('',(0.0047625,-0.000892200842364557,-0.00298287614141286));
#3355=CARTESIAN_POINT('',(0.0047625,-0.053,-0.00298287614141286));
#3356=CARTESIAN_POINT('',(0.0078875,-0.053,-0.00298287614141286));
#3357=CARTESIAN_POINT('',(-0.07881875,-0.0582672008423645,-0.00298287614141286));
#3358=CARTESIAN_POINT('',(-0.05856875,-0.0582672008423645,-0.00298287614141286));
#3359=CARTESIAN_POINT('',(-0.05856875,-0.0582672008423645,-0.00298287614141286));
#3360=CARTESIAN_POINT('',(-0.07881875,-0.0582672008423645,-0.00298287614141286));
#3361=CARTESIAN_POINT('',(-0.09906875,-0.0582672008423645,-0.00298287614141286));
#3362=CARTESIAN_POINT('',(-0.09906875,-0.0582672008423645,-0.00298287614141286));
#3363=CARTESIAN_POINT('',(-0.05856875,-0.0537922008423645,-0.00298287614141286));
#3364=CARTESIAN_POINT('',(-0.05856875,-0.0537922008423645,-0.00298287614141286));
#3365=CARTESIAN_POINT('',(-0.09906875,-0.0537922008423645,-0.00298287614141286));
#3366=CARTESIAN_POINT('',(-0.09906875,-0.0537922008423645,-0.00298287614141286));
#3367=CARTESIAN_POINT('',(0.0047625,-0.000892200842364557,-0.00298287614141286));
#3368=CARTESIAN_POINT('',(-0.07881875,-0.053,-0.00298287614141286));
#3369=CARTESIAN_POINT('',(-0.07569375,-0.053,-0.00298287614141286));
#3370=CARTESIAN_POINT('',(-0.1354375,0.0520077991576355,-0.00298287614141286));
#3371=CARTESIAN_POINT('',(-0.1354375,0.0564827991576356,-0.00298287614141286));
#3372=CARTESIAN_POINT('',(-0.1354375,0.0564827991576356,-0.00298287614141286));
#3373=CARTESIAN_POINT('',(-0.1354375,0.0520077991576355,-0.00298287614141286));
#3374=CARTESIAN_POINT('',(-0.1556875,0.0564827991576356,-0.00298287614141286));
#3375=CARTESIAN_POINT('',(-0.1759375,0.0564827991576356,-0.00298287614141286));
#3376=CARTESIAN_POINT('',(-0.1759375,0.0564827991576356,-0.00298287614141286));
#3377=CARTESIAN_POINT('',(-0.1556875,0.0564827991576356,-0.00298287614141286));
#3378=CARTESIAN_POINT('',(-0.1759375,0.0362327991576355,-0.00298287614141286));
#3379=CARTESIAN_POINT('',(-0.1759375,0.0159827991576355,-0.00298287614141286));
#3380=CARTESIAN_POINT('',(-0.1759375,0.0159827991576355,-0.00298287614141286));
#3381=CARTESIAN_POINT('',(-0.1759375,0.0362327991576355,-0.00298287614141286));
#3382=CARTESIAN_POINT('',(-0.1714625,0.0159827991576355,-0.00298287614141286));
#3383=CARTESIAN_POINT('',(-0.1714625,0.0159827991576355,-0.00298287614141286));
#3384=CARTESIAN_POINT('',(0.0047625,-0.000892200842364557,-0.00298287614141286));
#3385=CARTESIAN_POINT('',(-0.1704375,0.051375,-0.00298287614141286));
#3386=CARTESIAN_POINT('',(-0.1671875,0.051375,-0.00298287614141286));
#3387=CARTESIAN_POINT('',(0.10859375,0.0520077991576356,-0.00298287614141286));
#3388=CARTESIAN_POINT('',(0.10859375,0.0564827991576357,-0.00298287614141286));
#3389=CARTESIAN_POINT('',(0.10859375,0.0564827991576357,-0.00298287614141286));
#3390=CARTESIAN_POINT('',(0.10859375,0.0520077991576356,-0.00298287614141286));
#3391=CARTESIAN_POINT('',(0.08834375,0.0564827991576357,-0.00298287614141286));
#3392=CARTESIAN_POINT('',(0.06809375,0.0564827991576357,-0.00298287614141286));
#3393=CARTESIAN_POINT('',(0.06809375,0.0564827991576357,-0.00298287614141286));
#3394=CARTESIAN_POINT('',(0.08834375,0.0564827991576357,-0.00298287614141286));
#3395=CARTESIAN_POINT('',(0.06809375,0.0520077991576356,-0.00298287614141286));
#3396=CARTESIAN_POINT('',(0.06809375,0.0520077991576356,-0.00298287614141286));
#3397=CARTESIAN_POINT('',(0.0047625,-0.000892200842364557,-0.00298287614141286));
#3398=CARTESIAN_POINT('',(0.08834375,0.052,-0.00298287614141286));
#3399=CARTESIAN_POINT('',(0.09146875,0.052,-0.00298287614141286));
#3400=CARTESIAN_POINT('',(-0.07881875,0.0564827991576356,-0.00298287614141286));
#3401=CARTESIAN_POINT('',(-0.09906875,0.0564827991576356,-0.00298287614141286));
#3402=CARTESIAN_POINT('',(-0.09906875,0.0564827991576356,-0.00298287614141286));
#3403=CARTESIAN_POINT('',(-0.07881875,0.0564827991576356,-0.00298287614141286));
#3404=CARTESIAN_POINT('',(-0.05856875,0.0564827991576356,-0.00298287614141286));
#3405=CARTESIAN_POINT('',(-0.05856875,0.0564827991576356,-0.00298287614141286));
#3406=CARTESIAN_POINT('',(-0.09906875,0.0520077991576356,-0.00298287614141286));
#3407=CARTESIAN_POINT('',(-0.09906875,0.0520077991576356,-0.00298287614141286));
#3408=CARTESIAN_POINT('',(-0.05856875,0.0520077991576356,-0.00298287614141286));
#3409=CARTESIAN_POINT('',(-0.05856875,0.0520077991576356,-0.00298287614141286));
#3410=CARTESIAN_POINT('',(0.0047625,-0.000892200842364557,-0.00298287614141286));
#3411=CARTESIAN_POINT('',(-0.07881875,0.052,-0.00298287614141286));
#3412=CARTESIAN_POINT('',(-0.07569375,0.052,-0.00298287614141286));
#3413=CARTESIAN_POINT('',(-0.0078625,0.0564827991576356,-0.00298287614141286));
#3414=CARTESIAN_POINT('',(-0.0204875,0.0564827991576356,-0.00298287614141286));
#3415=CARTESIAN_POINT('',(-0.0204875,0.0564827991576356,-0.00298287614141286));
#3416=CARTESIAN_POINT('',(-0.0078625,0.0564827991576356,-0.00298287614141286));
#3417=CARTESIAN_POINT('',(0.0300125,0.0564827991576356,-0.00298287614141286));
#3418=CARTESIAN_POINT('',(0.0300125,0.0564827991576356,-0.00298287614141286));
#3419=CARTESIAN_POINT('',(-0.0203625,0.0520077991576355,-0.00298287614141286));
#3420=CARTESIAN_POINT('',(-0.0203625,0.0520077991576355,-0.00298287614141286));
#3421=CARTESIAN_POINT('',(0.0298875,0.0520077991576355,-0.00298287614141286));
#3422=CARTESIAN_POINT('',(0.0298875,0.0520077991576355,-0.00298287614141286));
#3423=CARTESIAN_POINT('',(0.0047625,-0.000892200842364557,-0.00298287614141286));
#3424=CARTESIAN_POINT('',(0.0047625,0.052,-0.00298287614141286));
#3425=CARTESIAN_POINT('',(0.0078875,0.052,-0.00298287614141286));
#3426=CARTESIAN_POINT('',(0.0047625,0.052,-0.00205));
#3427=CARTESIAN_POINT('',(0.0047625,0.052,-0.00205));
#3428=CARTESIAN_POINT('',(0.0078875,0.052,-0.00205));
#3429=CARTESIAN_POINT('',(0.0047625,-0.000500000000000056,-0.00205));
#3430=CARTESIAN_POINT('',(-0.07881875,0.052,-0.00205));
#3431=CARTESIAN_POINT('',(-0.07881875,0.052,-0.00205));
#3432=CARTESIAN_POINT('',(-0.07569375,0.052,-0.00205));
#3433=CARTESIAN_POINT('',(0.0047625,-0.000500000000000056,-0.00205));
#3434=CARTESIAN_POINT('',(0.08834375,0.052,-0.00205));
#3435=CARTESIAN_POINT('',(0.08834375,0.052,-0.00205));
#3436=CARTESIAN_POINT('',(0.09146875,0.052,-0.00205));
#3437=CARTESIAN_POINT('',(0.0047625,-0.000500000000000056,-0.00205));
#3438=CARTESIAN_POINT('',(-0.1704375,0.051375,-0.00205));
#3439=CARTESIAN_POINT('',(-0.1704375,0.051375,-0.00205));
#3440=CARTESIAN_POINT('',(-0.1671875,0.051375,-0.00205));
#3441=CARTESIAN_POINT('',(0.0047625,-0.000500000000000056,-0.00205));
#3442=CARTESIAN_POINT('',(-0.07881875,-0.053,-0.00205));
#3443=CARTESIAN_POINT('',(-0.07881875,-0.053,-0.00205));
#3444=CARTESIAN_POINT('',(-0.07569375,-0.053,-0.00205));
#3445=CARTESIAN_POINT('',(0.0047625,-0.000500000000000056,-0.00205));
#3446=CARTESIAN_POINT('',(0.0047625,-0.053,-0.00205));
#3447=CARTESIAN_POINT('',(0.0047625,-0.053,-0.00205));
#3448=CARTESIAN_POINT('',(0.0078875,-0.053,-0.00205));
#3449=CARTESIAN_POINT('',(0.0047625,-0.000500000000000056,-0.00205));
#3450=CARTESIAN_POINT('',(0.08834375,-0.053,-0.00205));
#3451=CARTESIAN_POINT('',(0.08834375,-0.053,-0.00205));
#3452=CARTESIAN_POINT('',(0.09146875,-0.053,-0.00205));
#3453=CARTESIAN_POINT('',(0.0047625,-0.000500000000000056,-0.00205));
#3454=CARTESIAN_POINT('',(-0.1704375,-0.052375,-0.00205));
#3455=CARTESIAN_POINT('',(-0.1704375,-0.052375,-0.00205));
#3456=CARTESIAN_POINT('',(-0.1671875,-0.052375,-0.00205));
#3457=CARTESIAN_POINT('',(0.0047625,-0.000500000000000056,-0.00205));
#3458=CARTESIAN_POINT('',(0.1799625,0.051375,-0.00205));
#3459=CARTESIAN_POINT('',(0.1799625,0.051375,-0.00205));
#3460=CARTESIAN_POINT('',(0.1832125,0.051375,-0.00205));
#3461=CARTESIAN_POINT('',(0.0047625,-0.000500000000000056,-0.00205));
#3462=CARTESIAN_POINT('',(0.1799625,-0.052375,-0.00205));
#3463=CARTESIAN_POINT('',(0.1799625,-0.052375,-0.00205));
#3464=CARTESIAN_POINT('',(0.1832125,-0.052375,-0.00205));
#3465=CARTESIAN_POINT('',(0.0047625,-0.000500000000000056,-0.00205));
#3466=CARTESIAN_POINT('',(0.1847125,0.0585124544830531,-0.0111291315620886));
#3467=CARTESIAN_POINT('',(0.1847125,0.057566609847785,-0.0219401852134891));
#3468=CARTESIAN_POINT('',(0.0047625,0.057566609847785,-0.0219401852134891));
#3469=CARTESIAN_POINT('',(-0.1751875,0.057566609847785,-0.0219401852134891));
#3470=CARTESIAN_POINT('',(-0.1751875,0.0585996102258008,-0.0101329368639969));
#3471=CARTESIAN_POINT('',(0.1184625,0.0485287885846435,-0.00763739418608998));
#3472=CARTESIAN_POINT('',(0.1184625,0.0486159443273911,-0.00664119948799823));
#3473=CARTESIAN_POINT('',(0.1184625,0.0586526284973362,-0.00952693524734522));
#3474=CARTESIAN_POINT('',(0.1259625,0.0487902558128864,-0.00464881009181474));
#3475=CARTESIAN_POINT('',(0.1314625,0.0487902558128864,-0.00464881009181474));
#3476=CARTESIAN_POINT('',(0.1204625,0.0487902558128864,-0.00464881009181474));
#3477=CARTESIAN_POINT('',(0.1334625,0.0485287885846435,-0.00763739418608998));
#3478=CARTESIAN_POINT('',(0.1334625,0.0484416328418958,-0.00863358888418172));
#3479=CARTESIAN_POINT('',(0.1334625,0.0588269399828315,-0.00753454585116172));
#3480=CARTESIAN_POINT('',(0.1259625,0.0482673213564005,-0.0106259782803652));
#3481=CARTESIAN_POINT('',(0.1314625,0.0482673213564005,-0.0106259782803652));
#3482=CARTESIAN_POINT('',(0.1204625,0.0482673213564005,-0.0106259782803652));
#3483=CARTESIAN_POINT('',(0.1259625,0.0721936305302357,-0.00795111486476118));
#3484=CARTESIAN_POINT('',(0.1297125,0.0472887630779421,-0.00577222129606973));
#3485=CARTESIAN_POINT('',(0.1222125,0.0721936305302357,-0.00795111486476119));
#3486=CARTESIAN_POINT('',(0.1212125,0.0720411079804273,-0.00969445558642174));
#3487=CARTESIAN_POINT('',(0.1212125,0.0484634217775827,-0.00838454020965878));
#3488=CARTESIAN_POINT('',(0.1212125,0.0721064747874881,-0.00894730956285294));
#3489=CARTESIAN_POINT('',(0.1259625,0.0718885854306189,-0.0114377963080823));
#3490=CARTESIAN_POINT('',(0.1222125,0.0469837179783253,-0.00925890273939085));
#3491=CARTESIAN_POINT('',(0.1297125,0.0718885854306189,-0.0114377963080823));
#3492=CARTESIAN_POINT('',(0.1307125,0.0720411079804273,-0.00969445558642171));
#3493=CARTESIAN_POINT('',(0.1307125,0.0719757411733666,-0.0104416016099905));
#3494=CARTESIAN_POINT('',(0.1307125,0.0485941553917042,-0.00689024816252113));
#3495=CARTESIAN_POINT('',(0.1882125,-0.00209409158397333,-0.0167205501802056));
#3496=CARTESIAN_POINT('',(0.1882125,0.0540799284044638,-0.0216351401138725));
#3497=CARTESIAN_POINT('',(0.1882125,0.0540799284044638,-0.0216351401138725));
#3498=CARTESIAN_POINT('',(0.1882125,-0.00209409158397333,-0.0167205501802056));
#3499=CARTESIAN_POINT('',(0.1882125,-0.0582681115724104,-0.0118059602465385));
#3500=CARTESIAN_POINT('',(0.1882125,-0.0582681115724104,-0.0118059602465385));
#3501=CARTESIAN_POINT('',(0.1882125,0.0550919596489877,-0.0100675700569361));
#3502=CARTESIAN_POINT('',(0.1882125,0.0550919596489877,-0.0100675700569361));
#3503=CARTESIAN_POINT('',(0.1882125,-0.0576860512329611,-0.00515298012326922));
#3504=CARTESIAN_POINT('',(0.1882125,-0.0576860512329611,-0.00515298012326922));
#3505=CARTESIAN_POINT('',(0.1882125,-0.00130076949851364,-0.0130467837692445));
#3506=CARTESIAN_POINT('',(0.1847125,-0.0611727326762822,-0.00484793502365255));
#3507=CARTESIAN_POINT('',(0.1847125,-0.0611727326762822,-0.00484793502365255));
#3508=CARTESIAN_POINT('',(0.1847125,-0.0617547930157316,-0.0115009151469219));
#3509=CARTESIAN_POINT('',(0.1847125,-0.0617547930157316,-0.0115009151469219));
#3510=CARTESIAN_POINT('',(-0.1751875,-0.0611727326762822,-0.00484793502365269));
#3511=CARTESIAN_POINT('',(-0.1751875,-0.0617547930157316,-0.011500915146922));
#3512=CARTESIAN_POINT('',(-0.1751875,-0.0617547930157316,-0.011500915146922));
#3513=CARTESIAN_POINT('',(-0.1751875,-0.0611727326762822,-0.00484793502365269));
#3514=CARTESIAN_POINT('',(0.00476249999999973,-0.0617547930157316,-0.0115009151469219));
#3515=CARTESIAN_POINT('',(0.00476249999999973,-0.0617547930157316,-0.0115009151469219));
#3516=CARTESIAN_POINT('',(0.00476249999999914,-0.0614124109688383,-0.00758747044340476));
#3517=CARTESIAN_POINT('',(-0.1786875,-0.00209409158397332,-0.0167205501802054));
#3518=CARTESIAN_POINT('',(-0.1786875,-0.0582681115724104,-0.0118059602465385));
#3519=CARTESIAN_POINT('',(-0.1786875,-0.0582681115724104,-0.0118059602465385));
#3520=CARTESIAN_POINT('',(-0.1786875,-0.00209409158397332,-0.0167205501802054));
#3521=CARTESIAN_POINT('',(-0.1786875,0.0540799284044638,-0.0216351401138723));
#3522=CARTESIAN_POINT('',(-0.1786875,0.0540799284044638,-0.0216351401138723));
#3523=CARTESIAN_POINT('',(-0.1786875,-0.0576860512329611,-0.00515298012326923));
#3524=CARTESIAN_POINT('',(-0.1786875,-0.0576860512329611,-0.00515298012326923));
#3525=CARTESIAN_POINT('',(-0.1786875,0.0550919596489877,-0.0100675700569361));
#3526=CARTESIAN_POINT('',(-0.1786875,0.0550919596489877,-0.0100675700569361));
#3527=CARTESIAN_POINT('',(-0.1786875,-0.00130076949851361,-0.0130467837692445));
#3528=CARTESIAN_POINT('',(0.1222125,0.0719757411733666,-0.0104416016099905));
#3529=CARTESIAN_POINT('',(0.1297125,0.0719757411733666,-0.0104416016099905));
#3530=CARTESIAN_POINT('',(0.1297125,0.0721064747874881,-0.00894730956285291));
#3531=CARTESIAN_POINT('',(0.1222125,0.0721064747874881,-0.00894730956285293));
#3532=CARTESIAN_POINT('',(0.1314625,0.0484416328418958,-0.00863358888418172));
#3533=CARTESIAN_POINT('',(0.1314625,0.0486159443273911,-0.00664119948799823));
#3534=CARTESIAN_POINT('',(0.1204625,0.0486159443273911,-0.00664119948799823));
#3535=CARTESIAN_POINT('',(0.1204625,0.0484416328418958,-0.00863358888418172));
#3536=CARTESIAN_POINT('',(0.1882125,-0.0602871395032616,0.00527444126294148));
#3537=CARTESIAN_POINT('',(0.1882125,-0.0620598381153483,-0.0149875965902428));
#3538=CARTESIAN_POINT('',(0.1882125,-0.0620598381153483,-0.0149875965902428));
#3539=CARTESIAN_POINT('',(0.1882125,-0.0620598381153483,-0.0149875965902428));
#3540=CARTESIAN_POINT('',(0.1882125,-0.0620598381153483,-0.0149875965902428));
#3541=CARTESIAN_POINT('',(-0.1786875,-0.0602871395032616,0.00527444126294153));
#3542=CARTESIAN_POINT('',(-0.1786875,-0.0620598381153483,-0.0149875965902428));
#3543=CARTESIAN_POINT('',(0.,-0.0620598381153483,-0.0149875965902428));
#3544=CARTESIAN_POINT('',(-0.1786875,-0.0620598381153483,-0.0149875965902428));
#3545=CARTESIAN_POINT('',(0.1882125,-0.0017726986120868,-0.0202620378531841));
#3546=CARTESIAN_POINT('',(0.1882125,0.0572615647481682,-0.0254268666568102));
#3547=CARTESIAN_POINT('',(0.1882125,0.059034263360255,-0.00516482880362583));
#3548=CARTESIAN_POINT('',(0.1882125,0.0572615647481682,-0.0254268666568102));
#3549=CARTESIAN_POINT('',(-0.1786875,-0.0620598381153483,-0.0149875965902428));
#3550=CARTESIAN_POINT('',(-0.1786875,-0.0620598381153483,-0.0149875965902428));
#3551=CARTESIAN_POINT('',(0.1882125,0.0572615647481682,-0.0254268666568102));
#3552=CARTESIAN_POINT('',(0.1882125,0.0572615647481682,-0.0254268666568102));
#3553=CARTESIAN_POINT('',(-0.1786875,-0.00177269861208671,-0.0202620378531841));
#3554=CARTESIAN_POINT('',(-0.1786875,0.0572615647481682,-0.0254268666568102));
#3555=CARTESIAN_POINT('',(0.,0.0572615647481682,-0.0254268666568102));
#3556=CARTESIAN_POINT('',(-0.1786875,0.0572615647481682,-0.0254268666568102));
#3557=CARTESIAN_POINT('',(-0.1786875,0.0572615647481682,-0.0254268666568102));
#3558=CARTESIAN_POINT('',(-0.1786875,0.0572615647481682,-0.0254268666568102));
#3559=CARTESIAN_POINT('',(-0.1786875,0.059034263360255,-0.00516482880362578));
#3560=MECHANICAL_DESIGN_GEOMETRIC_PRESENTATION_REPRESENTATION('',(#2169),#3561);
#3561=(
GEOMETRIC_REPRESENTATION_CONTEXT(3)
GLOBAL_UNCERTAINTY_ASSIGNED_CONTEXT((#3562))
GLOBAL_UNIT_ASSIGNED_CONTEXT((#3565,#3564,#3563))
REPRESENTATION_CONTEXT('Bottom Case','TOP_LEVEL_ASSEMBLY_PART')
);
#3562=UNCERTAINTY_MEASURE_WITH_UNIT(LENGTH_MEASURE(1.E-08),#3565,'DISTANCE_ACCURACY_VALUE','Maximum Tolerance applied to model');
#3563=(
NAMED_UNIT(*)
SI_UNIT($,.STERADIAN.)
SOLID_ANGLE_UNIT()
);
#3564=(
NAMED_UNIT(*)
PLANE_ANGLE_UNIT()
SI_UNIT($,.RADIAN.)
);
#3565=(
LENGTH_UNIT()
NAMED_UNIT(*)
SI_UNIT($,.METRE.)
);
#3566=PRODUCT_DEFINITION_SHAPE('','',#3567);
#3567=PRODUCT_DEFINITION('','',#3569,#3568);
#3568=PRODUCT_DEFINITION_CONTEXT('',#3575,'design');
#3569=PRODUCT_DEFINITION_FORMATION_WITH_SPECIFIED_SOURCE('','',#3571,.NOT_KNOWN.);
#3570=PRODUCT_RELATED_PRODUCT_CATEGORY('','',(#3571));
#3571=PRODUCT('Bottom Case','Bottom Case','Bottom Case',(#3573));
#3572=PRODUCT_CATEGORY('','');
#3573=PRODUCT_CONTEXT('',#3575,'mechanical');
#3574=APPLICATION_PROTOCOL_DEFINITION('international standard','ap242_managed_model_based_3d_engineering',2020,#3575);
#3575=APPLICATION_CONTEXT('managed model based 3d engineering');
ENDSEC;
END-ISO-10303-21;
