ISO-10303-21;
HEADER;
/*Generated by software containing ST-Developer
 * from STEP Tools, Inc. (www.steptools.com) 
 */
/*OPTION: using custom renumber hook */
/*description */
/*implementation_level */
FILE_DESCRIPTION(('STEP AP242 Edition 2','STEP AP242 Edition 2''CAx-IF Rec.Pracs.---Representation and Presentation of Product Manufa
cturing Information (PMI)---4.0---2014-10-13','STEP AP242 Edition 2''CAx-IF Rec.Pracs.---Representation and Presentation of Product Manufa
cturing Information (PMI)---4.0---2014-10-13''CAx-IF Rec.Pracs.---3D Tessellated Geometry---0.4---2014-09-14','STEP AP242 Edition 2''CAx-IF Rec.Pracs.---Representation and Presentation of Product Manufa
cturing Information (PMI)---4.0---2014-10-13''CAx-IF Rec.Pracs.---3D Tessellated Geometry---0.4---2014-09-14''2;1','STEP AP242 Edition 2''CAx-IF Rec.Pracs.---Representation and Presentation of Product Manufa
cturing Information (PMI)---4.0---2014-10-13''CAx-IF Rec.Pracs.---3D Tessellated Geometry---0.4---2014-09-14''2;1''CAx-IF Rec.Pracs.---User Defined Attributes---1.5---2016-08-15'),'2;1');
/*name */
/*time_stamp */
/*author */
/*organization */
/*preprocessor_version */
/*originating_system */
/*authorisation */
FILE_NAME('/vol/tmp/translate-14561544359459015210/parts - Top Case.step','2026-03-19T21:01:30',(''),(''),'ST-DEVELOPER v20','ONSHAPE BY PTC INC, 1.212','  ');
FILE_SCHEMA(('AP242_MANAGED_MODEL_BASED_3D_ENGINEERING_MIM_LF { 1 0 10303 442 3 1 4 }'));
ENDSEC;
DATA;
#10=SHAPE_REPRESENTATION_RELATIONSHIP('','',#1688,#11);
#11=ADVANCED_BREP_SHAPE_REPRESENTATION('',(#1686),#3304);
#12=SPHERICAL_SURFACE('',#1787,0.002);
#13=SPHERICAL_SURFACE('',#1817,0.002);
#14=SPHERICAL_SURFACE('',#1828,0.002);
#15=SPHERICAL_SURFACE('',#1844,0.002);
#16=SPHERICAL_SURFACE('',#1865,0.002);
#17=SPHERICAL_SURFACE('',#1881,0.002);
#18=SPHERICAL_SURFACE('',#1883,0.002);
#19=SPHERICAL_SURFACE('',#1893,0.002);
#20=SPHERICAL_SURFACE('',#1895,0.002);
#21=(
B_SPLINE_SURFACE(3,2,((#2996,#2997,#2998),(#2999,#3000,#3001),(#3002,#3003,
#3004),(#3005,#3006,#3007),(#3008,#3009,#3010)),.UNSPECIFIED.,.F.,.F.,.F.)
B_SPLINE_SURFACE_WITH_KNOTS((4,1,4),(3,3),(-3.5527136788005E-15,0.785398163397446,1.5707963267949),(0.,1.),.UNSPECIFIED.)
BOUNDED_SURFACE()
GEOMETRIC_REPRESENTATION_ITEM()
RATIONAL_B_SPLINE_SURFACE(((1.,0.737277336810124,1.),(1.,0.737277336812391,
1.),(1.,0.730914320320228,1.),(1.,0.715173922235874,1.),(1.,0.707106781186548,
1.)))
REPRESENTATION_ITEM('')
SURFACE()
);
#22=(
B_SPLINE_SURFACE(3,2,((#3022,#3023,#3024),(#3025,#3026,#3027),(#3028,#3029,
#3030),(#3031,#3032,#3033),(#3034,#3035,#3036)),.UNSPECIFIED.,.F.,.F.,.F.)
B_SPLINE_SURFACE_WITH_KNOTS((4,1,4),(3,3),(4.71238898038469,5.49778714378214,6.28318530717959),(0.,1.),.UNSPECIFIED.)
BOUNDED_SURFACE()
GEOMETRIC_REPRESENTATION_ITEM()
RATIONAL_B_SPLINE_SURFACE(((1.,0.707106781186547,1.),(1.,0.715173922238725,
1.),(1.,0.730914320319007,1.),(1.,0.737277336811984,1.),(1.,0.737277336810124,
1.)))
REPRESENTATION_ITEM('')
SURFACE()
);
#23=(
B_SPLINE_SURFACE(3,2,((#3038,#3039,#3040),(#3041,#3042,#3043),(#3044,#3045,
#3046),(#3047,#3048,#3049),(#3050,#3051,#3052)),.UNSPECIFIED.,.F.,.F.,.F.)
B_SPLINE_SURFACE_WITH_KNOTS((4,1,4),(3,3),(3.14159265358979,3.92699081698724,4.71238898038469),(0.,1.),.UNSPECIFIED.)
BOUNDED_SURFACE()
GEOMETRIC_REPRESENTATION_ITEM()
RATIONAL_B_SPLINE_SURFACE(((1.,0.737277336810124,1.),(1.,0.737277336809891,
1.),(1.,0.730914320321395,1.),(1.,0.715173922236041,1.),(1.,0.707106781186548,
1.)))
REPRESENTATION_ITEM('')
SURFACE()
);
#24=(
B_SPLINE_SURFACE(3,2,((#3062,#3063,#3064),(#3065,#3066,#3067),(#3068,#3069,
#3070),(#3071,#3072,#3073),(#3074,#3075,#3076)),.UNSPECIFIED.,.F.,.F.,.F.)
B_SPLINE_SURFACE_WITH_KNOTS((4,1,4),(3,3),(3.1415926535898,3.92699081698724,4.71238898038469),(0.,1.),.UNSPECIFIED.)
BOUNDED_SURFACE()
GEOMETRIC_REPRESENTATION_ITEM()
RATIONAL_B_SPLINE_SURFACE(((1.,0.675590207615661,1.),(1.,0.675590207615544,
1.),(1.,0.682627836447668,1.),(1.,0.699039640139621,1.),(1.,0.707106781186547,
1.)))
REPRESENTATION_ITEM('')
SURFACE()
);
#25=(
B_SPLINE_SURFACE(3,2,((#3078,#3079,#3080),(#3081,#3082,#3083),(#3084,#3085,
#3086),(#3087,#3088,#3089),(#3090,#3091,#3092)),.UNSPECIFIED.,.F.,.F.,.F.)
B_SPLINE_SURFACE_WITH_KNOTS((4,1,4),(3,3),(1.5707963267949,2.35619449019234,3.14159265358979),(0.,1.),.UNSPECIFIED.)
BOUNDED_SURFACE()
GEOMETRIC_REPRESENTATION_ITEM()
RATIONAL_B_SPLINE_SURFACE(((1.,0.707106781186548,1.),(1.,0.699039640136813,
1.),(1.,0.682627836447907,1.),(1.,0.675590207617868,1.),(1.,0.675590207615659,
1.)))
REPRESENTATION_ITEM('')
SURFACE()
);
#26=(
B_SPLINE_SURFACE(3,2,((#3104,#3105,#3106),(#3107,#3108,#3109),(#3110,#3111,
#3112),(#3113,#3114,#3115),(#3116,#3117,#3118)),.UNSPECIFIED.,.F.,.F.,.F.)
B_SPLINE_SURFACE_WITH_KNOTS((4,1,4),(3,3),(3.1415926535898,3.92699081698724,4.71238898038469),(0.,1.),.UNSPECIFIED.)
BOUNDED_SURFACE()
GEOMETRIC_REPRESENTATION_ITEM()
RATIONAL_B_SPLINE_SURFACE(((1.,0.675590207615659,1.),(1.,0.675590207617636,
1.),(1.,0.682627836446708,1.),(1.,0.699039640139447,1.),(1.,0.707106781186548,
1.)))
REPRESENTATION_ITEM('')
SURFACE()
);
#27=(
B_SPLINE_SURFACE(3,2,((#3130,#3131,#3132),(#3133,#3134,#3135),(#3136,#3137,
#3138),(#3139,#3140,#3141),(#3142,#3143,#3144)),.UNSPECIFIED.,.F.,.F.,.F.)
B_SPLINE_SURFACE_WITH_KNOTS((4,1,4),(3,3),(1.5707963267949,2.35619449019235,3.1415926535898),(0.,1.),.UNSPECIFIED.)
BOUNDED_SURFACE()
GEOMETRIC_REPRESENTATION_ITEM()
RATIONAL_B_SPLINE_SURFACE(((1.,0.707106781186548,1.),(1.,0.715173922238616,
1.),(1.,0.730914320319991,1.),(1.,0.737277336810124,1.),(1.,0.737277336810124,
1.)))
REPRESENTATION_ITEM('')
SURFACE()
);
#28=(
B_SPLINE_SURFACE(3,2,((#3149,#3150,#3151),(#3152,#3153,#3154),(#3155,#3156,
#3157),(#3158,#3159,#3160),(#3161,#3162,#3163)),.UNSPECIFIED.,.F.,.F.,.F.)
B_SPLINE_SURFACE_WITH_KNOTS((4,1,4),(3,3),(1.93377262432263E-16,0.785398163397449,1.5707963267949),(0.,1.),.UNSPECIFIED.)
BOUNDED_SURFACE()
GEOMETRIC_REPRESENTATION_ITEM()
RATIONAL_B_SPLINE_SURFACE(((1.,0.675590207615661,1.),(1.,0.675590207615777,
1.),(1.,0.682627836449595,1.),(1.,0.699039640135529,1.),(1.,0.707106781186548,
1.)))
REPRESENTATION_ITEM('')
SURFACE()
);
#29=(
B_SPLINE_SURFACE(3,2,((#3176,#3177,#3178),(#3179,#3180,#3181),(#3182,#3183,
#3184),(#3185,#3186,#3187),(#3188,#3189,#3190)),.UNSPECIFIED.,.F.,.F.,.F.)
B_SPLINE_SURFACE_WITH_KNOTS((4,1,4),(3,3),(1.5707963267949,2.35619449019234,3.14159265358979),(0.,1.),.UNSPECIFIED.)
BOUNDED_SURFACE()
GEOMETRIC_REPRESENTATION_ITEM()
RATIONAL_B_SPLINE_SURFACE(((1.,0.707106781186547,1.),(1.,0.715173922234589,
1.),(1.,0.730914320320845,1.),(1.,0.737277336812449,1.),(1.,0.737277336810123,
1.)))
REPRESENTATION_ITEM('')
SURFACE()
);
#30=(
B_SPLINE_SURFACE(3,2,((#3200,#3201,#3202),(#3203,#3204,#3205),(#3206,#3207,
#3208),(#3209,#3210,#3211),(#3212,#3213,#3214)),.UNSPECIFIED.,.F.,.F.,.F.)
B_SPLINE_SURFACE_WITH_KNOTS((4,1,4),(3,3),(1.93377262432263E-16,0.785398163397449,1.5707963267949),(0.,1.),.UNSPECIFIED.)
BOUNDED_SURFACE()
GEOMETRIC_REPRESENTATION_ITEM()
RATIONAL_B_SPLINE_SURFACE(((1.,0.675590207615661,1.),(1.,0.675590207613801,
1.),(1.,0.682627836450057,1.),(1.,0.69903964013658,1.),(1.,0.707106781186548,
1.)))
REPRESENTATION_ITEM('')
SURFACE()
);
#31=(
B_SPLINE_SURFACE(3,2,((#3216,#3217,#3218),(#3219,#3220,#3221),(#3222,#3223,
#3224),(#3225,#3226,#3227),(#3228,#3229,#3230)),.UNSPECIFIED.,.F.,.F.,.F.)
B_SPLINE_SURFACE_WITH_KNOTS((4,1,4),(3,3),(3.26898908808009E-15,0.78539816339745,1.5707963267949),(0.,1.),.UNSPECIFIED.)
BOUNDED_SURFACE()
GEOMETRIC_REPRESENTATION_ITEM()
RATIONAL_B_SPLINE_SURFACE(((1.,0.737277336810123,1.),(1.,0.737277336812449,
1.),(1.,0.730914320316174,1.),(1.,0.715173922243921,1.),(1.,0.707106781186543,
1.)))
REPRESENTATION_ITEM('')
SURFACE()
);
#32=(
B_SPLINE_SURFACE(3,2,((#3242,#3243,#3244),(#3245,#3246,#3247),(#3248,#3249,
#3250),(#3251,#3252,#3253),(#3254,#3255,#3256)),.UNSPECIFIED.,.F.,.F.,.F.)
B_SPLINE_SURFACE_WITH_KNOTS((4,1,4),(3,3),(1.5707963267949,2.35619449019235,3.1415926535898),(0.,1.),.UNSPECIFIED.)
BOUNDED_SURFACE()
GEOMETRIC_REPRESENTATION_ITEM()
RATIONAL_B_SPLINE_SURFACE(((1.,0.707106781186542,1.),(1.,0.699039640145094,
1.),(1.,0.682627836443764,1.),(1.,0.675590207617868,1.),(1.,0.675590207615659,
1.)))
REPRESENTATION_ITEM('')
SURFACE()
);
#33=(
B_SPLINE_SURFACE(3,2,((#3262,#3263,#3264),(#3265,#3266,#3267),(#3268,#3269,
#3270),(#3271,#3272,#3273),(#3274,#3275,#3276)),.UNSPECIFIED.,.F.,.F.,.F.)
B_SPLINE_SURFACE_WITH_KNOTS((4,1,4),(3,3),(1.93377262435418E-16,0.785398163397448,1.5707963267949),(0.,1.),.UNSPECIFIED.)
BOUNDED_SURFACE()
GEOMETRIC_REPRESENTATION_ITEM()
RATIONAL_B_SPLINE_SURFACE(((1.,0.67559020761566,1.),(1.,0.675590207618101,
1.),(1.,0.682627836447005,1.),(1.,0.699039640138389,1.),(1.,0.707106781186548,
1.)))
REPRESENTATION_ITEM('')
SURFACE()
);
#34=CYLINDRICAL_SURFACE('',#1779,0.002);
#35=CYLINDRICAL_SURFACE('',#1781,0.002);
#36=CYLINDRICAL_SURFACE('',#1784,0.002);
#37=CYLINDRICAL_SURFACE('',#1789,0.002);
#38=CYLINDRICAL_SURFACE('',#1791,0.002);
#39=CYLINDRICAL_SURFACE('',#1793,0.002);
#40=CYLINDRICAL_SURFACE('',#1795,0.002);
#41=CYLINDRICAL_SURFACE('',#1799,0.002);
#42=CYLINDRICAL_SURFACE('',#1801,0.002);
#43=CYLINDRICAL_SURFACE('',#1803,0.002);
#44=CYLINDRICAL_SURFACE('',#1805,0.002);
#45=CYLINDRICAL_SURFACE('',#1809,0.002);
#46=CYLINDRICAL_SURFACE('',#1811,0.002);
#47=CYLINDRICAL_SURFACE('',#1813,0.002);
#48=CYLINDRICAL_SURFACE('',#1815,0.002);
#49=CYLINDRICAL_SURFACE('',#1820,0.002);
#50=CYLINDRICAL_SURFACE('',#1822,0.002);
#51=CYLINDRICAL_SURFACE('',#1824,0.002);
#52=CYLINDRICAL_SURFACE('',#1826,0.002);
#53=CYLINDRICAL_SURFACE('',#1831,0.002);
#54=CYLINDRICAL_SURFACE('',#1832,0.002);
#55=CYLINDRICAL_SURFACE('',#1836,0.002);
#56=CYLINDRICAL_SURFACE('',#1838,0.002);
#57=CYLINDRICAL_SURFACE('',#1840,0.002);
#58=CYLINDRICAL_SURFACE('',#1842,0.002);
#59=CYLINDRICAL_SURFACE('',#1847,0.002);
#60=CYLINDRICAL_SURFACE('',#1849,0.002);
#61=CYLINDRICAL_SURFACE('',#1851,0.002);
#62=CYLINDRICAL_SURFACE('',#1853,0.002);
#63=CYLINDRICAL_SURFACE('',#1857,0.002);
#64=CYLINDRICAL_SURFACE('',#1859,0.002);
#65=CYLINDRICAL_SURFACE('',#1861,0.002);
#66=CYLINDRICAL_SURFACE('',#1863,0.002);
#67=CYLINDRICAL_SURFACE('',#1868,0.002);
#68=CYLINDRICAL_SURFACE('',#1870,0.002);
#69=CYLINDRICAL_SURFACE('',#1873,0.002);
#70=CYLINDRICAL_SURFACE('',#1874,0.002);
#71=CYLINDRICAL_SURFACE('',#1876,0.002);
#72=CYLINDRICAL_SURFACE('',#1879,0.002);
#73=CYLINDRICAL_SURFACE('',#1885,0.002);
#74=CYLINDRICAL_SURFACE('',#1887,0.002);
#75=CYLINDRICAL_SURFACE('',#1889,0.002);
#76=CYLINDRICAL_SURFACE('',#1891,0.002);
#77=CYLINDRICAL_SURFACE('',#1897,0.002);
#78=CIRCLE('',#1707,0.00325);
#79=CIRCLE('',#1708,0.00325);
#80=CIRCLE('',#1709,0.00325);
#81=CIRCLE('',#1710,0.00325);
#82=CIRCLE('',#1711,0.003125);
#83=CIRCLE('',#1712,0.003125);
#84=CIRCLE('',#1713,0.003125);
#85=CIRCLE('',#1714,0.003125);
#86=CIRCLE('',#1715,0.003125);
#87=CIRCLE('',#1716,0.003125);
#88=CIRCLE('',#1717,0.00325);
#89=CIRCLE('',#1718,0.00325);
#90=CIRCLE('',#1719,0.00325);
#91=CIRCLE('',#1720,0.00325);
#92=CIRCLE('',#1721,0.003125);
#93=CIRCLE('',#1722,0.003125);
#94=CIRCLE('',#1723,0.003125);
#95=CIRCLE('',#1724,0.003125);
#96=CIRCLE('',#1725,0.003125);
#97=CIRCLE('',#1726,0.003125);
#98=CIRCLE('',#1782,0.002);
#99=CIRCLE('',#1783,0.002);
#100=CIRCLE('',#1785,0.002);
#101=CIRCLE('',#1786,0.002);
#102=CIRCLE('',#1788,0.002);
#103=CIRCLE('',#1792,0.002);
#104=CIRCLE('',#1794,0.002);
#105=CIRCLE('',#1797,0.002);
#106=CIRCLE('',#1798,0.002);
#107=CIRCLE('',#1802,0.002);
#108=CIRCLE('',#1804,0.002);
#109=CIRCLE('',#1807,0.002);
#110=CIRCLE('',#1808,0.002);
#111=CIRCLE('',#1810,0.002);
#112=CIRCLE('',#1812,0.002);
#113=CIRCLE('',#1814,0.002);
#114=CIRCLE('',#1818,0.002);
#115=CIRCLE('',#1819,0.002);
#116=CIRCLE('',#1821,0.002);
#117=CIRCLE('',#1823,0.002);
#118=CIRCLE('',#1825,0.002);
#119=CIRCLE('',#1829,0.002);
#120=CIRCLE('',#1830,0.002);
#121=CIRCLE('',#1834,0.002);
#122=CIRCLE('',#1835,0.002);
#123=CIRCLE('',#1837,0.002);
#124=CIRCLE('',#1839,0.002);
#125=CIRCLE('',#1841,0.002);
#126=CIRCLE('',#1845,0.002);
#127=CIRCLE('',#1846,0.002);
#128=CIRCLE('',#1850,0.002);
#129=CIRCLE('',#1852,0.002);
#130=CIRCLE('',#1855,0.002);
#131=CIRCLE('',#1856,0.002);
#132=CIRCLE('',#1858,0.002);
#133=CIRCLE('',#1860,0.002);
#134=CIRCLE('',#1862,0.002);
#135=CIRCLE('',#1866,0.002);
#136=CIRCLE('',#1867,0.002);
#137=CIRCLE('',#1869,0.002);
#138=CIRCLE('',#1871,0.002);
#139=CIRCLE('',#1875,0.002);
#140=CIRCLE('',#1877,0.002);
#141=CIRCLE('',#1878,0.002);
#142=CIRCLE('',#1880,0.002);
#143=CIRCLE('',#1882,0.002);
#144=CIRCLE('',#1884,0.002);
#145=CIRCLE('',#1886,0.002);
#146=CIRCLE('',#1888,0.002);
#147=CIRCLE('',#1890,0.002);
#148=CIRCLE('',#1892,0.002);
#149=CIRCLE('',#1894,0.002);
#150=CIRCLE('',#1896,0.002);
#151=B_SPLINE_SURFACE_WITH_KNOTS('',3,1,((#2525,#2526),(#2527,#2528),(#2529,
#2530),(#2531,#2532),(#2533,#2534),(#2535,#2536),(#2537,#2538),(#2539,#2540),(#2541,#2542),(#2543,#2544),(#2545,#2546)),.SURF_OF_LINEAR_EXTRUSION.,.T.,.F.,.F.,(1,1,1,1,1,1,1,1,1,1,1,1,1,1,1),(2,2),(-2.35619449019234,-1.5707963267949,-0.785398163397448,0.,0.785398163397448,1.5707963267949,2.35619449019234,3.14159265358979,3.92699081698724,4.71238898038469,5.49778714378214,6.28318530717959,7.06858347057703,7.85398163397448,8.63937979737193),(0.,1.),.UNSPECIFIED.);
#152=B_SPLINE_SURFACE_WITH_KNOTS('',3,1,((#2551,#2552),(#2553,#2554),(#2555,
#2556),(#2557,#2558),(#2559,#2560),(#2561,#2562),(#2563,#2564),(#2565,#2566),(#2567,#2568),(#2569,#2570),(#2571,#2572)),.SURF_OF_LINEAR_EXTRUSION.,.T.,.F.,.F.,(1,1,1,1,1,1,1,1,1,1,1,1,1,1,1),(2,2),(-2.35619449019234,-1.5707963267949,-0.785398163397448,0.,0.785398163397448,1.5707963267949,2.35619449019234,3.14159265358979,3.92699081698724,4.71238898038469,5.49778714378214,6.28318530717959,7.06858347057703,7.85398163397448,8.63937979737193),(0.,1.),.UNSPECIFIED.);
#153=B_SPLINE_SURFACE_WITH_KNOTS('',3,1,((#2577,#2578),(#2579,#2580),(#2581,
#2582),(#2583,#2584),(#2585,#2586),(#2587,#2588),(#2589,#2590),(#2591,#2592),(#2593,#2594),(#2595,#2596),(#2597,#2598)),.SURF_OF_LINEAR_EXTRUSION.,.T.,.F.,.F.,(1,1,1,1,1,1,1,1,1,1,1,1,1,1,1),(2,2),(-2.35619449019234,-1.5707963267949,-0.785398163397448,0.,0.785398163397448,1.5707963267949,2.35619449019234,3.14159265358979,3.92699081698724,4.71238898038469,5.49778714378214,6.28318530717959,7.06858347057703,7.85398163397448,8.63937979737193),(0.,1.),.UNSPECIFIED.);
#154=B_SPLINE_SURFACE_WITH_KNOTS('',3,1,((#2603,#2604),(#2605,#2606),(#2607,
#2608),(#2609,#2610),(#2611,#2612),(#2613,#2614),(#2615,#2616),(#2617,#2618),(#2619,#2620),(#2621,#2622),(#2623,#2624)),.SURF_OF_LINEAR_EXTRUSION.,.T.,.F.,.F.,(1,1,1,1,1,1,1,1,1,1,1,1,1,1,1),(2,2),(-2.35619449019234,-1.5707963267949,-0.785398163397448,0.,0.785398163397448,1.5707963267949,2.35619449019234,3.14159265358979,3.92699081698724,4.71238898038469,5.49778714378214,6.28318530717959,7.06858347057703,7.85398163397448,8.63937979737193),(0.,1.),.UNSPECIFIED.);
#155=B_SPLINE_SURFACE_WITH_KNOTS('',3,1,((#2629,#2630),(#2631,#2632),(#2633,
#2634),(#2635,#2636),(#2637,#2638),(#2639,#2640),(#2641,#2642),(#2643,#2644),(#2645,#2646),(#2647,#2648),(#2649,#2650)),.SURF_OF_LINEAR_EXTRUSION.,.T.,.F.,.F.,(1,1,1,1,1,1,1,1,1,1,1,1,1,1,1),(2,2),(-2.35619449019234,-1.5707963267949,-0.785398163397448,0.,0.785398163397448,1.5707963267949,2.35619449019234,3.14159265358979,3.92699081698724,4.71238898038469,5.49778714378214,6.28318530717959,7.06858347057703,7.85398163397448,8.63937979737193),(0.,1.),.UNSPECIFIED.);
#156=B_SPLINE_SURFACE_WITH_KNOTS('',3,1,((#2655,#2656),(#2657,#2658),(#2659,
#2660),(#2661,#2662),(#2663,#2664),(#2665,#2666),(#2667,#2668),(#2669,#2670),(#2671,#2672),(#2673,#2674),(#2675,#2676)),.SURF_OF_LINEAR_EXTRUSION.,.T.,.F.,.F.,(1,1,1,1,1,1,1,1,1,1,1,1,1,1,1),(2,2),(-2.35619449019234,-1.5707963267949,-0.785398163397448,0.,0.785398163397448,1.5707963267949,2.35619449019234,3.14159265358979,3.92699081698724,4.71238898038469,5.49778714378214,6.28318530717959,7.06858347057703,7.85398163397448,8.63937979737193),(0.,1.),.UNSPECIFIED.);
#157=B_SPLINE_SURFACE_WITH_KNOTS('',3,1,((#2681,#2682),(#2683,#2684),(#2685,
#2686),(#2687,#2688),(#2689,#2690),(#2691,#2692),(#2693,#2694),(#2695,#2696),(#2697,#2698),(#2699,#2700),(#2701,#2702)),.SURF_OF_LINEAR_EXTRUSION.,.T.,.F.,.F.,(1,1,1,1,1,1,1,1,1,1,1,1,1,1,1),(2,2),(-2.35619449019234,-1.5707963267949,-0.785398163397448,0.,0.785398163397448,1.5707963267949,2.35619449019234,3.14159265358979,3.92699081698724,4.71238898038469,5.49778714378214,6.28318530717959,7.06858347057703,7.85398163397448,8.63937979737193),(0.,1.),.UNSPECIFIED.);
#158=B_SPLINE_SURFACE_WITH_KNOTS('',3,1,((#2707,#2708),(#2709,#2710),(#2711,
#2712),(#2713,#2714),(#2715,#2716),(#2717,#2718),(#2719,#2720),(#2721,#2722),(#2723,#2724),(#2725,#2726),(#2727,#2728)),.SURF_OF_LINEAR_EXTRUSION.,.T.,.F.,.F.,(1,1,1,1,1,1,1,1,1,1,1,1,1,1,1),(2,2),(-2.35619449019234,-1.5707963267949,-0.785398163397448,0.,0.785398163397448,1.5707963267949,2.35619449019234,3.14159265358979,3.92699081698724,4.71238898038469,5.49778714378214,6.28318530717959,7.06858347057703,7.85398163397448,8.63937979737193),(0.,1.),.UNSPECIFIED.);
#159=B_SPLINE_SURFACE_WITH_KNOTS('',3,1,((#2733,#2734),(#2735,#2736),(#2737,
#2738),(#2739,#2740),(#2741,#2742),(#2743,#2744),(#2745,#2746),(#2747,#2748),(#2749,#2750),(#2751,#2752),(#2753,#2754)),.SURF_OF_LINEAR_EXTRUSION.,.T.,.F.,.F.,(1,1,1,1,1,1,1,1,1,1,1,1,1,1,1),(2,2),(-2.35619449019234,-1.5707963267949,-0.785398163397448,0.,0.785398163397448,1.5707963267949,2.35619449019234,3.14159265358979,3.92699081698724,4.71238898038469,5.49778714378214,6.28318530717959,7.06858347057703,7.85398163397448,8.63937979737193),(0.,1.),.UNSPECIFIED.);
#160=B_SPLINE_SURFACE_WITH_KNOTS('',3,1,((#2759,#2760),(#2761,#2762),(#2763,
#2764),(#2765,#2766),(#2767,#2768),(#2769,#2770),(#2771,#2772),(#2773,#2774),(#2775,#2776),(#2777,#2778),(#2779,#2780)),.SURF_OF_LINEAR_EXTRUSION.,.T.,.F.,.F.,(1,1,1,1,1,1,1,1,1,1,1,1,1,1,1),(2,2),(-2.35619449019234,-1.5707963267949,-0.785398163397448,0.,0.785398163397448,1.5707963267949,2.35619449019234,3.14159265358979,3.92699081698724,4.71238898038469,5.49778714378214,6.28318530717959,7.06858347057703,7.85398163397448,8.63937979737193),(0.,1.),.UNSPECIFIED.);
#161=ELLIPSE('',#1691,0.00401527935017339,0.004);
#162=ELLIPSE('',#1692,0.00401527935017339,0.004);
#163=ELLIPSE('',#1693,0.00401527935017339,0.004);
#164=ELLIPSE('',#1694,0.00401527935017339,0.004);
#165=ELLIPSE('',#1695,0.00401527935017339,0.004);
#166=ELLIPSE('',#1696,0.00401527935017339,0.004);
#167=ELLIPSE('',#1697,0.00401527935017339,0.004);
#168=ELLIPSE('',#1698,0.00401527935017339,0.004);
#169=ELLIPSE('',#1699,0.00401527935017339,0.004);
#170=ELLIPSE('',#1700,0.00401527935017339,0.004);
#171=ELLIPSE('',#1701,0.00401527935017339,0.004);
#172=ELLIPSE('',#1702,0.00401527935017339,0.004);
#173=ELLIPSE('',#1703,0.00401527935017339,0.004);
#174=ELLIPSE('',#1736,0.0020076396750867,0.002);
#175=ELLIPSE('',#1737,0.0020076396750867,0.002);
#176=ELLIPSE('',#1738,0.0020076396750867,0.002);
#177=ELLIPSE('',#1739,0.0020076396750867,0.002);
#178=ELLIPSE('',#1740,0.0020076396750867,0.002);
#179=ELLIPSE('',#1741,0.0020076396750867,0.002);
#180=ELLIPSE('',#1742,0.0020076396750867,0.002);
#181=ELLIPSE('',#1743,0.0020076396750867,0.002);
#182=ELLIPSE('',#1744,0.0020076396750867,0.002);
#183=ELLIPSE('',#1745,0.0020076396750867,0.002);
#184=ELLIPSE('',#1746,0.0020076396750867,0.002);
#185=ELLIPSE('',#1747,0.0020076396750867,0.002);
#186=ELLIPSE('',#1748,0.0020076396750867,0.002);
#187=ELLIPSE('',#1749,0.0020076396750867,0.002);
#188=ELLIPSE('',#1750,0.0020076396750867,0.002);
#189=ELLIPSE('',#1751,0.0020076396750867,0.002);
#190=ELLIPSE('',#1752,0.0020076396750867,0.002);
#191=ELLIPSE('',#1753,0.0020076396750867,0.002);
#192=ELLIPSE('',#1754,0.0020076396750867,0.002);
#193=ELLIPSE('',#1755,0.0020076396750867,0.002);
#194=ELLIPSE('',#1756,0.0020076396750867,0.002);
#195=ELLIPSE('',#1757,0.0020076396750867,0.002);
#196=ELLIPSE('',#1780,0.00203038623417537,0.002);
#197=ELLIPSE('',#1790,0.00203038623417537,0.002);
#198=ELLIPSE('',#1796,0.00203038623417537,0.002);
#199=ELLIPSE('',#1800,0.00203038623417537,0.002);
#200=ELLIPSE('',#1806,0.00203038623417537,0.002);
#201=ELLIPSE('',#1816,0.00203038623417537,0.002);
#202=ELLIPSE('',#1827,0.00203038623417537,0.002);
#203=ELLIPSE('',#1833,0.00203038623417537,0.002);
#204=ELLIPSE('',#1843,0.00203038623417537,0.002);
#205=ELLIPSE('',#1848,0.00203038623417537,0.002);
#206=ELLIPSE('',#1854,0.00203038623417537,0.002);
#207=ELLIPSE('',#1864,0.00203038623417537,0.002);
#208=ELLIPSE('',#1872,0.00203038623417537,0.002);
#209=ORIENTED_EDGE('',*,*,#671,.T.);
#210=ORIENTED_EDGE('',*,*,#672,.T.);
#211=ORIENTED_EDGE('',*,*,#673,.T.);
#212=ORIENTED_EDGE('',*,*,#674,.T.);
#213=ORIENTED_EDGE('',*,*,#675,.T.);
#214=ORIENTED_EDGE('',*,*,#676,.T.);
#215=ORIENTED_EDGE('',*,*,#677,.F.);
#216=ORIENTED_EDGE('',*,*,#678,.T.);
#217=ORIENTED_EDGE('',*,*,#679,.T.);
#218=ORIENTED_EDGE('',*,*,#680,.F.);
#219=ORIENTED_EDGE('',*,*,#681,.T.);
#220=ORIENTED_EDGE('',*,*,#682,.F.);
#221=ORIENTED_EDGE('',*,*,#683,.T.);
#222=ORIENTED_EDGE('',*,*,#684,.F.);
#223=ORIENTED_EDGE('',*,*,#685,.T.);
#224=ORIENTED_EDGE('',*,*,#686,.F.);
#225=ORIENTED_EDGE('',*,*,#687,.T.);
#226=ORIENTED_EDGE('',*,*,#688,.F.);
#227=ORIENTED_EDGE('',*,*,#689,.F.);
#228=ORIENTED_EDGE('',*,*,#690,.T.);
#229=ORIENTED_EDGE('',*,*,#691,.F.);
#230=ORIENTED_EDGE('',*,*,#692,.T.);
#231=ORIENTED_EDGE('',*,*,#693,.F.);
#232=ORIENTED_EDGE('',*,*,#694,.T.);
#233=ORIENTED_EDGE('',*,*,#695,.F.);
#234=ORIENTED_EDGE('',*,*,#696,.T.);
#235=ORIENTED_EDGE('',*,*,#697,.T.);
#236=ORIENTED_EDGE('',*,*,#698,.F.);
#237=ORIENTED_EDGE('',*,*,#699,.T.);
#238=ORIENTED_EDGE('',*,*,#700,.F.);
#239=ORIENTED_EDGE('',*,*,#701,.T.);
#240=ORIENTED_EDGE('',*,*,#702,.F.);
#241=ORIENTED_EDGE('',*,*,#703,.T.);
#242=ORIENTED_EDGE('',*,*,#704,.T.);
#243=ORIENTED_EDGE('',*,*,#705,.T.);
#244=ORIENTED_EDGE('',*,*,#706,.F.);
#245=ORIENTED_EDGE('',*,*,#707,.T.);
#246=ORIENTED_EDGE('',*,*,#708,.T.);
#247=ORIENTED_EDGE('',*,*,#709,.T.);
#248=ORIENTED_EDGE('',*,*,#710,.F.);
#249=ORIENTED_EDGE('',*,*,#711,.T.);
#250=ORIENTED_EDGE('',*,*,#712,.T.);
#251=ORIENTED_EDGE('',*,*,#713,.T.);
#252=ORIENTED_EDGE('',*,*,#714,.F.);
#253=ORIENTED_EDGE('',*,*,#715,.T.);
#254=ORIENTED_EDGE('',*,*,#716,.T.);
#255=ORIENTED_EDGE('',*,*,#717,.T.);
#256=ORIENTED_EDGE('',*,*,#718,.T.);
#257=ORIENTED_EDGE('',*,*,#719,.F.);
#258=ORIENTED_EDGE('',*,*,#720,.T.);
#259=ORIENTED_EDGE('',*,*,#721,.F.);
#260=ORIENTED_EDGE('',*,*,#722,.T.);
#261=ORIENTED_EDGE('',*,*,#723,.F.);
#262=ORIENTED_EDGE('',*,*,#724,.F.);
#263=ORIENTED_EDGE('',*,*,#725,.T.);
#264=ORIENTED_EDGE('',*,*,#726,.F.);
#265=ORIENTED_EDGE('',*,*,#727,.T.);
#266=ORIENTED_EDGE('',*,*,#728,.F.);
#267=ORIENTED_EDGE('',*,*,#729,.T.);
#268=ORIENTED_EDGE('',*,*,#730,.F.);
#269=ORIENTED_EDGE('',*,*,#731,.T.);
#270=ORIENTED_EDGE('',*,*,#732,.F.);
#271=ORIENTED_EDGE('',*,*,#733,.T.);
#272=ORIENTED_EDGE('',*,*,#734,.F.);
#273=ORIENTED_EDGE('',*,*,#735,.T.);
#274=ORIENTED_EDGE('',*,*,#736,.T.);
#275=ORIENTED_EDGE('',*,*,#737,.F.);
#276=ORIENTED_EDGE('',*,*,#738,.T.);
#277=ORIENTED_EDGE('',*,*,#739,.T.);
#278=ORIENTED_EDGE('',*,*,#740,.T.);
#279=ORIENTED_EDGE('',*,*,#741,.T.);
#280=ORIENTED_EDGE('',*,*,#742,.T.);
#281=ORIENTED_EDGE('',*,*,#743,.T.);
#282=ORIENTED_EDGE('',*,*,#744,.T.);
#283=ORIENTED_EDGE('',*,*,#745,.T.);
#284=ORIENTED_EDGE('',*,*,#746,.T.);
#285=ORIENTED_EDGE('',*,*,#747,.T.);
#286=ORIENTED_EDGE('',*,*,#748,.T.);
#287=ORIENTED_EDGE('',*,*,#749,.T.);
#288=ORIENTED_EDGE('',*,*,#750,.T.);
#289=ORIENTED_EDGE('',*,*,#751,.T.);
#290=ORIENTED_EDGE('',*,*,#752,.F.);
#291=ORIENTED_EDGE('',*,*,#753,.T.);
#292=ORIENTED_EDGE('',*,*,#754,.T.);
#293=ORIENTED_EDGE('',*,*,#755,.T.);
#294=ORIENTED_EDGE('',*,*,#756,.F.);
#295=ORIENTED_EDGE('',*,*,#757,.T.);
#296=ORIENTED_EDGE('',*,*,#758,.T.);
#297=ORIENTED_EDGE('',*,*,#759,.T.);
#298=ORIENTED_EDGE('',*,*,#760,.F.);
#299=ORIENTED_EDGE('',*,*,#761,.T.);
#300=ORIENTED_EDGE('',*,*,#762,.T.);
#301=ORIENTED_EDGE('',*,*,#763,.T.);
#302=ORIENTED_EDGE('',*,*,#764,.T.);
#303=ORIENTED_EDGE('',*,*,#765,.T.);
#304=ORIENTED_EDGE('',*,*,#766,.T.);
#305=ORIENTED_EDGE('',*,*,#767,.T.);
#306=ORIENTED_EDGE('',*,*,#768,.F.);
#307=ORIENTED_EDGE('',*,*,#769,.T.);
#308=ORIENTED_EDGE('',*,*,#770,.T.);
#309=ORIENTED_EDGE('',*,*,#771,.T.);
#310=ORIENTED_EDGE('',*,*,#772,.T.);
#311=ORIENTED_EDGE('',*,*,#773,.T.);
#312=ORIENTED_EDGE('',*,*,#706,.T.);
#313=ORIENTED_EDGE('',*,*,#774,.T.);
#314=ORIENTED_EDGE('',*,*,#768,.T.);
#315=ORIENTED_EDGE('',*,*,#775,.T.);
#316=ORIENTED_EDGE('',*,*,#776,.T.);
#317=ORIENTED_EDGE('',*,*,#777,.T.);
#318=ORIENTED_EDGE('',*,*,#778,.T.);
#319=ORIENTED_EDGE('',*,*,#779,.T.);
#320=ORIENTED_EDGE('',*,*,#780,.T.);
#321=ORIENTED_EDGE('',*,*,#781,.T.);
#322=ORIENTED_EDGE('',*,*,#710,.T.);
#323=ORIENTED_EDGE('',*,*,#782,.T.);
#324=ORIENTED_EDGE('',*,*,#752,.T.);
#325=ORIENTED_EDGE('',*,*,#783,.T.);
#326=ORIENTED_EDGE('',*,*,#784,.F.);
#327=ORIENTED_EDGE('',*,*,#785,.T.);
#328=ORIENTED_EDGE('',*,*,#786,.F.);
#329=ORIENTED_EDGE('',*,*,#787,.T.);
#330=ORIENTED_EDGE('',*,*,#788,.F.);
#331=ORIENTED_EDGE('',*,*,#789,.T.);
#332=ORIENTED_EDGE('',*,*,#790,.F.);
#333=ORIENTED_EDGE('',*,*,#791,.T.);
#334=ORIENTED_EDGE('',*,*,#792,.F.);
#335=ORIENTED_EDGE('',*,*,#793,.T.);
#336=ORIENTED_EDGE('',*,*,#794,.F.);
#337=ORIENTED_EDGE('',*,*,#795,.T.);
#338=ORIENTED_EDGE('',*,*,#714,.T.);
#339=ORIENTED_EDGE('',*,*,#796,.T.);
#340=ORIENTED_EDGE('',*,*,#760,.T.);
#341=ORIENTED_EDGE('',*,*,#797,.T.);
#342=ORIENTED_EDGE('',*,*,#756,.T.);
#343=ORIENTED_EDGE('',*,*,#798,.T.);
#344=ORIENTED_EDGE('',*,*,#748,.F.);
#345=ORIENTED_EDGE('',*,*,#799,.T.);
#346=ORIENTED_EDGE('',*,*,#742,.F.);
#347=ORIENTED_EDGE('',*,*,#800,.T.);
#348=ORIENTED_EDGE('',*,*,#738,.F.);
#349=ORIENTED_EDGE('',*,*,#801,.T.);
#350=ORIENTED_EDGE('',*,*,#764,.F.);
#351=ORIENTED_EDGE('',*,*,#802,.T.);
#352=ORIENTED_EDGE('',*,*,#734,.T.);
#353=ORIENTED_EDGE('',*,*,#732,.T.);
#354=ORIENTED_EDGE('',*,*,#730,.T.);
#355=ORIENTED_EDGE('',*,*,#728,.T.);
#356=ORIENTED_EDGE('',*,*,#726,.T.);
#357=ORIENTED_EDGE('',*,*,#724,.T.);
#358=ORIENTED_EDGE('',*,*,#722,.F.);
#359=ORIENTED_EDGE('',*,*,#720,.F.);
#360=ORIENTED_EDGE('',*,*,#718,.F.);
#361=ORIENTED_EDGE('',*,*,#736,.F.);
#362=ORIENTED_EDGE('',*,*,#737,.T.);
#363=ORIENTED_EDGE('',*,*,#735,.F.);
#364=ORIENTED_EDGE('',*,*,#733,.F.);
#365=ORIENTED_EDGE('',*,*,#731,.F.);
#366=ORIENTED_EDGE('',*,*,#729,.F.);
#367=ORIENTED_EDGE('',*,*,#727,.F.);
#368=ORIENTED_EDGE('',*,*,#725,.F.);
#369=ORIENTED_EDGE('',*,*,#723,.T.);
#370=ORIENTED_EDGE('',*,*,#721,.T.);
#371=ORIENTED_EDGE('',*,*,#719,.T.);
#372=ORIENTED_EDGE('',*,*,#776,.F.);
#373=ORIENTED_EDGE('',*,*,#803,.T.);
#374=ORIENTED_EDGE('',*,*,#804,.T.);
#375=ORIENTED_EDGE('',*,*,#805,.T.);
#376=ORIENTED_EDGE('',*,*,#794,.T.);
#377=ORIENTED_EDGE('',*,*,#806,.T.);
#378=ORIENTED_EDGE('',*,*,#807,.T.);
#379=ORIENTED_EDGE('',*,*,#808,.T.);
#380=ORIENTED_EDGE('',*,*,#792,.T.);
#381=ORIENTED_EDGE('',*,*,#809,.T.);
#382=ORIENTED_EDGE('',*,*,#810,.T.);
#383=ORIENTED_EDGE('',*,*,#811,.T.);
#384=ORIENTED_EDGE('',*,*,#790,.T.);
#385=ORIENTED_EDGE('',*,*,#812,.T.);
#386=ORIENTED_EDGE('',*,*,#813,.T.);
#387=ORIENTED_EDGE('',*,*,#814,.T.);
#388=ORIENTED_EDGE('',*,*,#788,.T.);
#389=ORIENTED_EDGE('',*,*,#815,.T.);
#390=ORIENTED_EDGE('',*,*,#816,.T.);
#391=ORIENTED_EDGE('',*,*,#817,.T.);
#392=ORIENTED_EDGE('',*,*,#786,.T.);
#393=ORIENTED_EDGE('',*,*,#818,.T.);
#394=ORIENTED_EDGE('',*,*,#819,.T.);
#395=ORIENTED_EDGE('',*,*,#820,.T.);
#396=ORIENTED_EDGE('',*,*,#821,.T.);
#397=ORIENTED_EDGE('',*,*,#822,.T.);
#398=ORIENTED_EDGE('',*,*,#780,.F.);
#399=ORIENTED_EDGE('',*,*,#823,.T.);
#400=ORIENTED_EDGE('',*,*,#824,.T.);
#401=ORIENTED_EDGE('',*,*,#825,.T.);
#402=ORIENTED_EDGE('',*,*,#778,.F.);
#403=ORIENTED_EDGE('',*,*,#826,.T.);
#404=ORIENTED_EDGE('',*,*,#827,.T.);
#405=ORIENTED_EDGE('',*,*,#828,.T.);
#406=ORIENTED_EDGE('',*,*,#770,.F.);
#407=ORIENTED_EDGE('',*,*,#829,.T.);
#408=ORIENTED_EDGE('',*,*,#784,.T.);
#409=ORIENTED_EDGE('',*,*,#830,.T.);
#410=ORIENTED_EDGE('',*,*,#831,.T.);
#411=ORIENTED_EDGE('',*,*,#832,.T.);
#412=ORIENTED_EDGE('',*,*,#833,.T.);
#413=ORIENTED_EDGE('',*,*,#834,.T.);
#414=ORIENTED_EDGE('',*,*,#772,.F.);
#415=ORIENTED_EDGE('',*,*,#835,.T.);
#416=ORIENTED_EDGE('',*,*,#775,.F.);
#417=ORIENTED_EDGE('',*,*,#767,.F.);
#418=ORIENTED_EDGE('',*,*,#836,.F.);
#419=ORIENTED_EDGE('',*,*,#803,.F.);
#420=ORIENTED_EDGE('',*,*,#837,.F.);
#421=ORIENTED_EDGE('',*,*,#804,.F.);
#422=ORIENTED_EDGE('',*,*,#838,.F.);
#423=ORIENTED_EDGE('',*,*,#697,.F.);
#424=ORIENTED_EDGE('',*,*,#777,.F.);
#425=ORIENTED_EDGE('',*,*,#805,.F.);
#426=ORIENTED_EDGE('',*,*,#839,.F.);
#427=ORIENTED_EDGE('',*,*,#826,.F.);
#428=ORIENTED_EDGE('',*,*,#838,.T.);
#429=ORIENTED_EDGE('',*,*,#836,.T.);
#430=ORIENTED_EDGE('',*,*,#840,.F.);
#431=ORIENTED_EDGE('',*,*,#698,.T.);
#432=ORIENTED_EDGE('',*,*,#839,.T.);
#433=ORIENTED_EDGE('',*,*,#837,.T.);
#434=ORIENTED_EDGE('',*,*,#841,.F.);
#435=ORIENTED_EDGE('',*,*,#774,.F.);
#436=ORIENTED_EDGE('',*,*,#709,.F.);
#437=ORIENTED_EDGE('',*,*,#842,.F.);
#438=ORIENTED_EDGE('',*,*,#769,.F.);
#439=ORIENTED_EDGE('',*,*,#840,.T.);
#440=ORIENTED_EDGE('',*,*,#766,.F.);
#441=ORIENTED_EDGE('',*,*,#843,.F.);
#442=ORIENTED_EDGE('',*,*,#699,.F.);
#443=ORIENTED_EDGE('',*,*,#841,.T.);
#444=ORIENTED_EDGE('',*,*,#696,.F.);
#445=ORIENTED_EDGE('',*,*,#844,.F.);
#446=ORIENTED_EDGE('',*,*,#824,.F.);
#447=ORIENTED_EDGE('',*,*,#779,.F.);
#448=ORIENTED_EDGE('',*,*,#825,.F.);
#449=ORIENTED_EDGE('',*,*,#845,.F.);
#450=ORIENTED_EDGE('',*,*,#823,.F.);
#451=ORIENTED_EDGE('',*,*,#843,.T.);
#452=ORIENTED_EDGE('',*,*,#842,.T.);
#453=ORIENTED_EDGE('',*,*,#846,.F.);
#454=ORIENTED_EDGE('',*,*,#700,.T.);
#455=ORIENTED_EDGE('',*,*,#844,.T.);
#456=ORIENTED_EDGE('',*,*,#695,.T.);
#457=ORIENTED_EDGE('',*,*,#847,.F.);
#458=ORIENTED_EDGE('',*,*,#845,.T.);
#459=ORIENTED_EDGE('',*,*,#773,.F.);
#460=ORIENTED_EDGE('',*,*,#834,.F.);
#461=ORIENTED_EDGE('',*,*,#848,.F.);
#462=ORIENTED_EDGE('',*,*,#707,.F.);
#463=ORIENTED_EDGE('',*,*,#846,.T.);
#464=ORIENTED_EDGE('',*,*,#708,.F.);
#465=ORIENTED_EDGE('',*,*,#849,.F.);
#466=ORIENTED_EDGE('',*,*,#701,.F.);
#467=ORIENTED_EDGE('',*,*,#847,.T.);
#468=ORIENTED_EDGE('',*,*,#694,.F.);
#469=ORIENTED_EDGE('',*,*,#850,.F.);
#470=ORIENTED_EDGE('',*,*,#821,.F.);
#471=ORIENTED_EDGE('',*,*,#781,.F.);
#472=ORIENTED_EDGE('',*,*,#822,.F.);
#473=ORIENTED_EDGE('',*,*,#851,.F.);
#474=ORIENTED_EDGE('',*,*,#711,.F.);
#475=ORIENTED_EDGE('',*,*,#849,.T.);
#476=ORIENTED_EDGE('',*,*,#848,.T.);
#477=ORIENTED_EDGE('',*,*,#852,.F.);
#478=ORIENTED_EDGE('',*,*,#702,.T.);
#479=ORIENTED_EDGE('',*,*,#850,.T.);
#480=ORIENTED_EDGE('',*,*,#693,.T.);
#481=ORIENTED_EDGE('',*,*,#853,.F.);
#482=ORIENTED_EDGE('',*,*,#851,.T.);
#483=ORIENTED_EDGE('',*,*,#771,.F.);
#484=ORIENTED_EDGE('',*,*,#828,.F.);
#485=ORIENTED_EDGE('',*,*,#854,.F.);
#486=ORIENTED_EDGE('',*,*,#835,.F.);
#487=ORIENTED_EDGE('',*,*,#852,.T.);
#488=ORIENTED_EDGE('',*,*,#833,.F.);
#489=ORIENTED_EDGE('',*,*,#855,.F.);
#490=ORIENTED_EDGE('',*,*,#703,.F.);
#491=ORIENTED_EDGE('',*,*,#853,.T.);
#492=ORIENTED_EDGE('',*,*,#692,.F.);
#493=ORIENTED_EDGE('',*,*,#856,.F.);
#494=ORIENTED_EDGE('',*,*,#712,.F.);
#495=ORIENTED_EDGE('',*,*,#782,.F.);
#496=ORIENTED_EDGE('',*,*,#713,.F.);
#497=ORIENTED_EDGE('',*,*,#857,.F.);
#498=ORIENTED_EDGE('',*,*,#753,.F.);
#499=ORIENTED_EDGE('',*,*,#855,.T.);
#500=ORIENTED_EDGE('',*,*,#854,.T.);
#501=ORIENTED_EDGE('',*,*,#858,.F.);
#502=ORIENTED_EDGE('',*,*,#856,.T.);
#503=ORIENTED_EDGE('',*,*,#691,.T.);
#504=ORIENTED_EDGE('',*,*,#859,.F.);
#505=ORIENTED_EDGE('',*,*,#857,.T.);
#506=ORIENTED_EDGE('',*,*,#785,.F.);
#507=ORIENTED_EDGE('',*,*,#832,.F.);
#508=ORIENTED_EDGE('',*,*,#860,.F.);
#509=ORIENTED_EDGE('',*,*,#829,.F.);
#510=ORIENTED_EDGE('',*,*,#858,.T.);
#511=ORIENTED_EDGE('',*,*,#827,.F.);
#512=ORIENTED_EDGE('',*,*,#861,.F.);
#513=ORIENTED_EDGE('',*,*,#704,.F.);
#514=ORIENTED_EDGE('',*,*,#859,.T.);
#515=ORIENTED_EDGE('',*,*,#690,.F.);
#516=ORIENTED_EDGE('',*,*,#862,.F.);
#517=ORIENTED_EDGE('',*,*,#750,.F.);
#518=ORIENTED_EDGE('',*,*,#783,.F.);
#519=ORIENTED_EDGE('',*,*,#751,.F.);
#520=ORIENTED_EDGE('',*,*,#863,.F.);
#521=ORIENTED_EDGE('',*,*,#830,.F.);
#522=ORIENTED_EDGE('',*,*,#861,.T.);
#523=ORIENTED_EDGE('',*,*,#860,.T.);
#524=ORIENTED_EDGE('',*,*,#864,.F.);
#525=ORIENTED_EDGE('',*,*,#862,.T.);
#526=ORIENTED_EDGE('',*,*,#689,.T.);
#527=ORIENTED_EDGE('',*,*,#865,.F.);
#528=ORIENTED_EDGE('',*,*,#863,.T.);
#529=ORIENTED_EDGE('',*,*,#864,.T.);
#530=ORIENTED_EDGE('',*,*,#831,.F.);
#531=ORIENTED_EDGE('',*,*,#865,.T.);
#532=ORIENTED_EDGE('',*,*,#705,.F.);
#533=ORIENTED_EDGE('',*,*,#866,.F.);
#534=ORIENTED_EDGE('',*,*,#806,.F.);
#535=ORIENTED_EDGE('',*,*,#793,.F.);
#536=ORIENTED_EDGE('',*,*,#811,.F.);
#537=ORIENTED_EDGE('',*,*,#867,.F.);
#538=ORIENTED_EDGE('',*,*,#866,.T.);
#539=ORIENTED_EDGE('',*,*,#868,.F.);
#540=ORIENTED_EDGE('',*,*,#688,.T.);
#541=ORIENTED_EDGE('',*,*,#791,.F.);
#542=ORIENTED_EDGE('',*,*,#814,.F.);
#543=ORIENTED_EDGE('',*,*,#869,.F.);
#544=ORIENTED_EDGE('',*,*,#809,.F.);
#545=ORIENTED_EDGE('',*,*,#868,.T.);
#546=ORIENTED_EDGE('',*,*,#810,.F.);
#547=ORIENTED_EDGE('',*,*,#870,.F.);
#548=ORIENTED_EDGE('',*,*,#675,.F.);
#549=ORIENTED_EDGE('',*,*,#867,.T.);
#550=ORIENTED_EDGE('',*,*,#687,.F.);
#551=ORIENTED_EDGE('',*,*,#871,.F.);
#552=ORIENTED_EDGE('',*,*,#807,.F.);
#553=ORIENTED_EDGE('',*,*,#795,.F.);
#554=ORIENTED_EDGE('',*,*,#808,.F.);
#555=ORIENTED_EDGE('',*,*,#872,.F.);
#556=ORIENTED_EDGE('',*,*,#715,.F.);
#557=ORIENTED_EDGE('',*,*,#870,.T.);
#558=ORIENTED_EDGE('',*,*,#869,.T.);
#559=ORIENTED_EDGE('',*,*,#873,.F.);
#560=ORIENTED_EDGE('',*,*,#871,.T.);
#561=ORIENTED_EDGE('',*,*,#686,.T.);
#562=ORIENTED_EDGE('',*,*,#874,.F.);
#563=ORIENTED_EDGE('',*,*,#872,.T.);
#564=ORIENTED_EDGE('',*,*,#789,.F.);
#565=ORIENTED_EDGE('',*,*,#817,.F.);
#566=ORIENTED_EDGE('',*,*,#875,.F.);
#567=ORIENTED_EDGE('',*,*,#812,.F.);
#568=ORIENTED_EDGE('',*,*,#873,.T.);
#569=ORIENTED_EDGE('',*,*,#813,.F.);
#570=ORIENTED_EDGE('',*,*,#876,.F.);
#571=ORIENTED_EDGE('',*,*,#676,.F.);
#572=ORIENTED_EDGE('',*,*,#874,.T.);
#573=ORIENTED_EDGE('',*,*,#685,.F.);
#574=ORIENTED_EDGE('',*,*,#877,.F.);
#575=ORIENTED_EDGE('',*,*,#716,.F.);
#576=ORIENTED_EDGE('',*,*,#796,.F.);
#577=ORIENTED_EDGE('',*,*,#717,.F.);
#578=ORIENTED_EDGE('',*,*,#878,.F.);
#579=ORIENTED_EDGE('',*,*,#761,.F.);
#580=ORIENTED_EDGE('',*,*,#876,.T.);
#581=ORIENTED_EDGE('',*,*,#875,.T.);
#582=ORIENTED_EDGE('',*,*,#879,.F.);
#583=ORIENTED_EDGE('',*,*,#677,.T.);
#584=ORIENTED_EDGE('',*,*,#877,.T.);
#585=ORIENTED_EDGE('',*,*,#684,.T.);
#586=ORIENTED_EDGE('',*,*,#880,.F.);
#587=ORIENTED_EDGE('',*,*,#878,.T.);
#588=ORIENTED_EDGE('',*,*,#787,.F.);
#589=ORIENTED_EDGE('',*,*,#820,.F.);
#590=ORIENTED_EDGE('',*,*,#881,.F.);
#591=ORIENTED_EDGE('',*,*,#815,.F.);
#592=ORIENTED_EDGE('',*,*,#879,.T.);
#593=ORIENTED_EDGE('',*,*,#816,.F.);
#594=ORIENTED_EDGE('',*,*,#882,.F.);
#595=ORIENTED_EDGE('',*,*,#678,.F.);
#596=ORIENTED_EDGE('',*,*,#880,.T.);
#597=ORIENTED_EDGE('',*,*,#683,.F.);
#598=ORIENTED_EDGE('',*,*,#883,.F.);
#599=ORIENTED_EDGE('',*,*,#758,.F.);
#600=ORIENTED_EDGE('',*,*,#797,.F.);
#601=ORIENTED_EDGE('',*,*,#759,.F.);
#602=ORIENTED_EDGE('',*,*,#884,.F.);
#603=ORIENTED_EDGE('',*,*,#757,.F.);
#604=ORIENTED_EDGE('',*,*,#882,.T.);
#605=ORIENTED_EDGE('',*,*,#881,.T.);
#606=ORIENTED_EDGE('',*,*,#885,.F.);
#607=ORIENTED_EDGE('',*,*,#883,.T.);
#608=ORIENTED_EDGE('',*,*,#682,.T.);
#609=ORIENTED_EDGE('',*,*,#886,.F.);
#610=ORIENTED_EDGE('',*,*,#884,.T.);
#611=ORIENTED_EDGE('',*,*,#885,.T.);
#612=ORIENTED_EDGE('',*,*,#819,.F.);
#613=ORIENTED_EDGE('',*,*,#887,.F.);
#614=ORIENTED_EDGE('',*,*,#679,.F.);
#615=ORIENTED_EDGE('',*,*,#886,.T.);
#616=ORIENTED_EDGE('',*,*,#681,.F.);
#617=ORIENTED_EDGE('',*,*,#888,.F.);
#618=ORIENTED_EDGE('',*,*,#754,.F.);
#619=ORIENTED_EDGE('',*,*,#680,.T.);
#620=ORIENTED_EDGE('',*,*,#887,.T.);
#621=ORIENTED_EDGE('',*,*,#889,.F.);
#622=ORIENTED_EDGE('',*,*,#888,.T.);
#623=ORIENTED_EDGE('',*,*,#798,.F.);
#624=ORIENTED_EDGE('',*,*,#755,.F.);
#625=ORIENTED_EDGE('',*,*,#889,.T.);
#626=ORIENTED_EDGE('',*,*,#818,.F.);
#627=ORIENTED_EDGE('',*,*,#802,.F.);
#628=ORIENTED_EDGE('',*,*,#763,.F.);
#629=ORIENTED_EDGE('',*,*,#890,.F.);
#630=ORIENTED_EDGE('',*,*,#749,.F.);
#631=ORIENTED_EDGE('',*,*,#891,.F.);
#632=ORIENTED_EDGE('',*,*,#746,.F.);
#633=ORIENTED_EDGE('',*,*,#892,.F.);
#634=ORIENTED_EDGE('',*,*,#674,.F.);
#635=ORIENTED_EDGE('',*,*,#799,.F.);
#636=ORIENTED_EDGE('',*,*,#747,.F.);
#637=ORIENTED_EDGE('',*,*,#893,.F.);
#638=ORIENTED_EDGE('',*,*,#743,.F.);
#639=ORIENTED_EDGE('',*,*,#892,.T.);
#640=ORIENTED_EDGE('',*,*,#890,.T.);
#641=ORIENTED_EDGE('',*,*,#894,.F.);
#642=ORIENTED_EDGE('',*,*,#893,.T.);
#643=ORIENTED_EDGE('',*,*,#891,.T.);
#644=ORIENTED_EDGE('',*,*,#895,.F.);
#645=ORIENTED_EDGE('',*,*,#801,.F.);
#646=ORIENTED_EDGE('',*,*,#741,.F.);
#647=ORIENTED_EDGE('',*,*,#896,.F.);
#648=ORIENTED_EDGE('',*,*,#765,.F.);
#649=ORIENTED_EDGE('',*,*,#894,.T.);
#650=ORIENTED_EDGE('',*,*,#762,.F.);
#651=ORIENTED_EDGE('',*,*,#897,.F.);
#652=ORIENTED_EDGE('',*,*,#671,.F.);
#653=ORIENTED_EDGE('',*,*,#895,.T.);
#654=ORIENTED_EDGE('',*,*,#673,.F.);
#655=ORIENTED_EDGE('',*,*,#898,.F.);
#656=ORIENTED_EDGE('',*,*,#744,.F.);
#657=ORIENTED_EDGE('',*,*,#800,.F.);
#658=ORIENTED_EDGE('',*,*,#745,.F.);
#659=ORIENTED_EDGE('',*,*,#899,.F.);
#660=ORIENTED_EDGE('',*,*,#739,.F.);
#661=ORIENTED_EDGE('',*,*,#897,.T.);
#662=ORIENTED_EDGE('',*,*,#896,.T.);
#663=ORIENTED_EDGE('',*,*,#900,.F.);
#664=ORIENTED_EDGE('',*,*,#899,.T.);
#665=ORIENTED_EDGE('',*,*,#898,.T.);
#666=ORIENTED_EDGE('',*,*,#901,.F.);
#667=ORIENTED_EDGE('',*,*,#900,.T.);
#668=ORIENTED_EDGE('',*,*,#740,.F.);
#669=ORIENTED_EDGE('',*,*,#901,.T.);
#670=ORIENTED_EDGE('',*,*,#672,.F.);
#671=EDGE_CURVE('',#902,#903,#1045,.T.);
#672=EDGE_CURVE('',#903,#904,#1046,.T.);
#673=EDGE_CURVE('',#904,#905,#1047,.T.);
#674=EDGE_CURVE('',#905,#902,#1048,.T.);
#675=EDGE_CURVE('',#906,#907,#1049,.T.);
#676=EDGE_CURVE('',#907,#908,#1050,.T.);
#677=EDGE_CURVE('',#909,#908,#161,.T.);
#678=EDGE_CURVE('',#909,#910,#1051,.T.);
#679=EDGE_CURVE('',#910,#911,#1052,.T.);
#680=EDGE_CURVE('',#912,#911,#162,.T.);
#681=EDGE_CURVE('',#912,#913,#1053,.F.);
#682=EDGE_CURVE('',#914,#913,#163,.T.);
#683=EDGE_CURVE('',#914,#915,#1054,.F.);
#684=EDGE_CURVE('',#916,#915,#164,.T.);
#685=EDGE_CURVE('',#916,#917,#1055,.F.);
#686=EDGE_CURVE('',#918,#917,#165,.T.);
#687=EDGE_CURVE('',#918,#919,#1056,.T.);
#688=EDGE_CURVE('',#906,#919,#166,.T.);
#689=EDGE_CURVE('',#920,#921,#167,.T.);
#690=EDGE_CURVE('',#920,#922,#1057,.F.);
#691=EDGE_CURVE('',#923,#922,#168,.T.);
#692=EDGE_CURVE('',#923,#924,#1058,.F.);
#693=EDGE_CURVE('',#925,#924,#169,.T.);
#694=EDGE_CURVE('',#925,#926,#1059,.F.);
#695=EDGE_CURVE('',#927,#926,#170,.T.);
#696=EDGE_CURVE('',#927,#928,#1060,.F.);
#697=EDGE_CURVE('',#928,#929,#1061,.F.);
#698=EDGE_CURVE('',#930,#929,#171,.T.);
#699=EDGE_CURVE('',#930,#931,#1062,.F.);
#700=EDGE_CURVE('',#932,#931,#172,.T.);
#701=EDGE_CURVE('',#932,#933,#1063,.F.);
#702=EDGE_CURVE('',#934,#933,#173,.T.);
#703=EDGE_CURVE('',#934,#935,#1064,.F.);
#704=EDGE_CURVE('',#935,#936,#1065,.F.);
#705=EDGE_CURVE('',#936,#921,#1066,.T.);
#706=EDGE_CURVE('',#937,#938,#1067,.F.);
#707=EDGE_CURVE('',#937,#939,#1068,.T.);
#708=EDGE_CURVE('',#939,#940,#1069,.T.);
#709=EDGE_CURVE('',#940,#938,#1070,.T.);
#710=EDGE_CURVE('',#941,#942,#1071,.T.);
#711=EDGE_CURVE('',#941,#943,#1072,.T.);
#712=EDGE_CURVE('',#943,#944,#1073,.T.);
#713=EDGE_CURVE('',#944,#942,#1074,.T.);
#714=EDGE_CURVE('',#945,#946,#1075,.F.);
#715=EDGE_CURVE('',#945,#947,#1076,.T.);
#716=EDGE_CURVE('',#947,#948,#1077,.T.);
#717=EDGE_CURVE('',#948,#946,#1078,.T.);
#718=EDGE_CURVE('',#949,#949,#78,.T.);
#719=EDGE_CURVE('',#950,#950,#79,.T.);
#720=EDGE_CURVE('',#951,#951,#80,.T.);
#721=EDGE_CURVE('',#952,#952,#81,.T.);
#722=EDGE_CURVE('',#953,#953,#82,.T.);
#723=EDGE_CURVE('',#954,#954,#83,.T.);
#724=EDGE_CURVE('',#955,#955,#84,.T.);
#725=EDGE_CURVE('',#956,#956,#85,.T.);
#726=EDGE_CURVE('',#957,#957,#86,.T.);
#727=EDGE_CURVE('',#958,#958,#87,.T.);
#728=EDGE_CURVE('',#959,#959,#88,.T.);
#729=EDGE_CURVE('',#960,#960,#89,.T.);
#730=EDGE_CURVE('',#961,#961,#90,.T.);
#731=EDGE_CURVE('',#962,#962,#91,.T.);
#732=EDGE_CURVE('',#963,#963,#92,.T.);
#733=EDGE_CURVE('',#964,#964,#93,.T.);
#734=EDGE_CURVE('',#965,#965,#94,.T.);
#735=EDGE_CURVE('',#966,#966,#95,.T.);
#736=EDGE_CURVE('',#967,#967,#96,.T.);
#737=EDGE_CURVE('',#968,#968,#97,.T.);
#738=EDGE_CURVE('',#969,#970,#1079,.T.);
#739=EDGE_CURVE('',#970,#971,#1080,.F.);
#740=EDGE_CURVE('',#971,#972,#1081,.F.);
#741=EDGE_CURVE('',#972,#969,#1082,.T.);
#742=EDGE_CURVE('',#973,#974,#1083,.T.);
#743=EDGE_CURVE('',#974,#975,#1084,.F.);
#744=EDGE_CURVE('',#975,#976,#1085,.F.);
#745=EDGE_CURVE('',#976,#973,#1086,.T.);
#746=EDGE_CURVE('',#977,#978,#1087,.F.);
#747=EDGE_CURVE('',#978,#979,#1088,.T.);
#748=EDGE_CURVE('',#979,#980,#1089,.F.);
#749=EDGE_CURVE('',#980,#977,#1090,.F.);
#750=EDGE_CURVE('',#981,#982,#1091,.T.);
#751=EDGE_CURVE('',#982,#983,#1092,.F.);
#752=EDGE_CURVE('',#984,#983,#1093,.F.);
#753=EDGE_CURVE('',#984,#981,#1094,.F.);
#754=EDGE_CURVE('',#985,#986,#1095,.T.);
#755=EDGE_CURVE('',#986,#987,#1096,.F.);
#756=EDGE_CURVE('',#988,#987,#1097,.T.);
#757=EDGE_CURVE('',#988,#985,#1098,.F.);
#758=EDGE_CURVE('',#989,#990,#1099,.T.);
#759=EDGE_CURVE('',#990,#991,#1100,.T.);
#760=EDGE_CURVE('',#992,#991,#1101,.T.);
#761=EDGE_CURVE('',#992,#989,#1102,.F.);
#762=EDGE_CURVE('',#993,#994,#1103,.F.);
#763=EDGE_CURVE('',#994,#995,#1104,.T.);
#764=EDGE_CURVE('',#995,#996,#1105,.F.);
#765=EDGE_CURVE('',#996,#993,#1106,.F.);
#766=EDGE_CURVE('',#997,#998,#1107,.T.);
#767=EDGE_CURVE('',#998,#999,#1108,.F.);
#768=EDGE_CURVE('',#1000,#999,#1109,.F.);
#769=EDGE_CURVE('',#1000,#997,#1110,.F.);
#770=EDGE_CURVE('',#1001,#1002,#1111,.T.);
#771=EDGE_CURVE('',#1002,#1003,#174,.F.);
#772=EDGE_CURVE('',#1003,#1004,#1112,.T.);
#773=EDGE_CURVE('',#1004,#937,#175,.T.);
#774=EDGE_CURVE('',#938,#1000,#176,.T.);
#775=EDGE_CURVE('',#999,#1005,#177,.T.);
#776=EDGE_CURVE('',#1005,#1006,#1113,.T.);
#777=EDGE_CURVE('',#1006,#1007,#178,.F.);
#778=EDGE_CURVE('',#1007,#1008,#1114,.T.);
#779=EDGE_CURVE('',#1008,#1009,#179,.T.);
#780=EDGE_CURVE('',#1009,#1010,#1115,.T.);
#781=EDGE_CURVE('',#1010,#941,#180,.T.);
#782=EDGE_CURVE('',#942,#984,#181,.T.);
#783=EDGE_CURVE('',#983,#1011,#182,.T.);
#784=EDGE_CURVE('',#1012,#1011,#1116,.T.);
#785=EDGE_CURVE('',#1012,#1001,#183,.F.);
#786=EDGE_CURVE('',#1013,#1014,#1117,.T.);
#787=EDGE_CURVE('',#1013,#1015,#184,.F.);
#788=EDGE_CURVE('',#1016,#1015,#1118,.T.);
#789=EDGE_CURVE('',#1016,#1017,#185,.T.);
#790=EDGE_CURVE('',#1018,#1017,#1119,.T.);
#791=EDGE_CURVE('',#1018,#1019,#186,.F.);
#792=EDGE_CURVE('',#1020,#1019,#1120,.T.);
#793=EDGE_CURVE('',#1020,#1021,#187,.T.);
#794=EDGE_CURVE('',#1022,#1021,#1121,.T.);
#795=EDGE_CURVE('',#1022,#945,#188,.T.);
#796=EDGE_CURVE('',#946,#992,#189,.T.);
#797=EDGE_CURVE('',#991,#988,#190,.T.);
#798=EDGE_CURVE('',#987,#1014,#191,.T.);
#799=EDGE_CURVE('',#979,#974,#192,.F.);
#800=EDGE_CURVE('',#973,#970,#193,.F.);
#801=EDGE_CURVE('',#969,#996,#194,.F.);
#802=EDGE_CURVE('',#995,#980,#195,.F.);
#803=EDGE_CURVE('',#1005,#1023,#1122,.T.);
#804=EDGE_CURVE('',#1023,#1024,#1123,.T.);
#805=EDGE_CURVE('',#1024,#1006,#1124,.F.);
#806=EDGE_CURVE('',#1021,#1025,#1125,.T.);
#807=EDGE_CURVE('',#1025,#1026,#1126,.F.);
#808=EDGE_CURVE('',#1026,#1022,#1127,.F.);
#809=EDGE_CURVE('',#1019,#1027,#1128,.T.);
#810=EDGE_CURVE('',#1027,#1028,#1129,.F.);
#811=EDGE_CURVE('',#1028,#1020,#1130,.F.);
#812=EDGE_CURVE('',#1017,#1029,#1131,.T.);
#813=EDGE_CURVE('',#1029,#1030,#1132,.F.);
#814=EDGE_CURVE('',#1030,#1018,#1133,.F.);
#815=EDGE_CURVE('',#1015,#1031,#1134,.T.);
#816=EDGE_CURVE('',#1031,#1032,#1135,.F.);
#817=EDGE_CURVE('',#1032,#1016,#1136,.F.);
#818=EDGE_CURVE('',#1014,#1033,#1137,.T.);
#819=EDGE_CURVE('',#1033,#1034,#1138,.F.);
#820=EDGE_CURVE('',#1034,#1013,#1139,.F.);
#821=EDGE_CURVE('',#1035,#1036,#1140,.T.);
#822=EDGE_CURVE('',#1036,#1010,#1141,.F.);
#823=EDGE_CURVE('',#1009,#1035,#1142,.T.);
#824=EDGE_CURVE('',#1037,#1038,#1143,.T.);
#825=EDGE_CURVE('',#1038,#1008,#1144,.F.);
#826=EDGE_CURVE('',#1007,#1037,#1145,.T.);
#827=EDGE_CURVE('',#1039,#1040,#1146,.T.);
#828=EDGE_CURVE('',#1040,#1002,#1147,.F.);
#829=EDGE_CURVE('',#1001,#1039,#1148,.T.);
#830=EDGE_CURVE('',#1011,#1041,#1149,.T.);
#831=EDGE_CURVE('',#1041,#1042,#1150,.F.);
#832=EDGE_CURVE('',#1042,#1012,#1151,.F.);
#833=EDGE_CURVE('',#1043,#1044,#1152,.T.);
#834=EDGE_CURVE('',#1044,#1004,#1153,.F.);
#835=EDGE_CURVE('',#1003,#1043,#1154,.T.);
#836=EDGE_CURVE('',#1023,#998,#196,.T.);
#837=EDGE_CURVE('',#1024,#928,#98,.T.);
#838=EDGE_CURVE('',#929,#1023,#99,.T.);
#839=EDGE_CURVE('',#1037,#1024,#100,.T.);
#840=EDGE_CURVE('',#930,#998,#101,.F.);
#841=EDGE_CURVE('',#1037,#928,#102,.F.);
#842=EDGE_CURVE('',#997,#940,#197,.T.);
#843=EDGE_CURVE('',#931,#997,#103,.T.);
#844=EDGE_CURVE('',#1038,#927,#104,.T.);
#845=EDGE_CURVE('',#1035,#1038,#198,.T.);
#846=EDGE_CURVE('',#932,#940,#105,.F.);
#847=EDGE_CURVE('',#1035,#926,#106,.F.);
#848=EDGE_CURVE('',#939,#1044,#199,.T.);
#849=EDGE_CURVE('',#933,#939,#107,.T.);
#850=EDGE_CURVE('',#1036,#925,#108,.T.);
#851=EDGE_CURVE('',#943,#1036,#200,.T.);
#852=EDGE_CURVE('',#934,#1044,#109,.F.);
#853=EDGE_CURVE('',#943,#924,#110,.F.);
#854=EDGE_CURVE('',#1043,#1040,#111,.T.);
#855=EDGE_CURVE('',#935,#1043,#112,.T.);
#856=EDGE_CURVE('',#944,#923,#113,.T.);
#857=EDGE_CURVE('',#981,#944,#201,.T.);
#858=EDGE_CURVE('',#935,#1040,#114,.F.);
#859=EDGE_CURVE('',#981,#922,#115,.F.);
#860=EDGE_CURVE('',#1039,#1042,#116,.T.);
#861=EDGE_CURVE('',#936,#1039,#117,.T.);
#862=EDGE_CURVE('',#982,#920,#118,.T.);
#863=EDGE_CURVE('',#1041,#982,#202,.T.);
#864=EDGE_CURVE('',#936,#1042,#119,.F.);
#865=EDGE_CURVE('',#1041,#921,#120,.F.);
#866=EDGE_CURVE('',#1025,#1028,#203,.T.);
#867=EDGE_CURVE('',#1025,#919,#121,.F.);
#868=EDGE_CURVE('',#906,#1028,#122,.F.);
#869=EDGE_CURVE('',#1027,#1030,#123,.T.);
#870=EDGE_CURVE('',#907,#1027,#124,.T.);
#871=EDGE_CURVE('',#1026,#918,#125,.T.);
#872=EDGE_CURVE('',#947,#1026,#204,.T.);
#873=EDGE_CURVE('',#907,#1030,#126,.F.);
#874=EDGE_CURVE('',#947,#917,#127,.F.);
#875=EDGE_CURVE('',#1029,#1032,#205,.T.);
#876=EDGE_CURVE('',#908,#1029,#128,.T.);
#877=EDGE_CURVE('',#948,#916,#129,.T.);
#878=EDGE_CURVE('',#989,#948,#206,.T.);
#879=EDGE_CURVE('',#909,#1032,#130,.F.);
#880=EDGE_CURVE('',#989,#915,#131,.F.);
#881=EDGE_CURVE('',#1031,#1034,#132,.T.);
#882=EDGE_CURVE('',#910,#1031,#133,.T.);
#883=EDGE_CURVE('',#990,#914,#134,.T.);
#884=EDGE_CURVE('',#985,#990,#207,.T.);
#885=EDGE_CURVE('',#910,#1034,#135,.F.);
#886=EDGE_CURVE('',#985,#913,#136,.F.);
#887=EDGE_CURVE('',#911,#1033,#137,.T.);
#888=EDGE_CURVE('',#986,#912,#138,.T.);
#889=EDGE_CURVE('',#986,#1033,#208,.F.);
#890=EDGE_CURVE('',#977,#994,#139,.T.);
#891=EDGE_CURVE('',#978,#905,#140,.T.);
#892=EDGE_CURVE('',#902,#977,#141,.T.);
#893=EDGE_CURVE('',#975,#978,#142,.T.);
#894=EDGE_CURVE('',#902,#994,#143,.F.);
#895=EDGE_CURVE('',#975,#905,#144,.F.);
#896=EDGE_CURVE('',#993,#972,#145,.T.);
#897=EDGE_CURVE('',#903,#993,#146,.T.);
#898=EDGE_CURVE('',#976,#904,#147,.T.);
#899=EDGE_CURVE('',#971,#976,#148,.T.);
#900=EDGE_CURVE('',#903,#972,#149,.F.);
#901=EDGE_CURVE('',#971,#904,#150,.F.);
#902=VERTEX_POINT('',#2429);
#903=VERTEX_POINT('',#2430);
#904=VERTEX_POINT('',#2432);
#905=VERTEX_POINT('',#2434);
#906=VERTEX_POINT('',#2437);
#907=VERTEX_POINT('',#2438);
#908=VERTEX_POINT('',#2440);
#909=VERTEX_POINT('',#2442);
#910=VERTEX_POINT('',#2444);
#911=VERTEX_POINT('',#2446);
#912=VERTEX_POINT('',#2448);
#913=VERTEX_POINT('',#2450);
#914=VERTEX_POINT('',#2452);
#915=VERTEX_POINT('',#2454);
#916=VERTEX_POINT('',#2456);
#917=VERTEX_POINT('',#2458);
#918=VERTEX_POINT('',#2460);
#919=VERTEX_POINT('',#2462);
#920=VERTEX_POINT('',#2465);
#921=VERTEX_POINT('',#2466);
#922=VERTEX_POINT('',#2468);
#923=VERTEX_POINT('',#2470);
#924=VERTEX_POINT('',#2472);
#925=VERTEX_POINT('',#2474);
#926=VERTEX_POINT('',#2476);
#927=VERTEX_POINT('',#2478);
#928=VERTEX_POINT('',#2480);
#929=VERTEX_POINT('',#2482);
#930=VERTEX_POINT('',#2484);
#931=VERTEX_POINT('',#2486);
#932=VERTEX_POINT('',#2488);
#933=VERTEX_POINT('',#2490);
#934=VERTEX_POINT('',#2492);
#935=VERTEX_POINT('',#2494);
#936=VERTEX_POINT('',#2496);
#937=VERTEX_POINT('',#2500);
#938=VERTEX_POINT('',#2501);
#939=VERTEX_POINT('',#2503);
#940=VERTEX_POINT('',#2505);
#941=VERTEX_POINT('',#2509);
#942=VERTEX_POINT('',#2510);
#943=VERTEX_POINT('',#2512);
#944=VERTEX_POINT('',#2514);
#945=VERTEX_POINT('',#2518);
#946=VERTEX_POINT('',#2519);
#947=VERTEX_POINT('',#2521);
#948=VERTEX_POINT('',#2523);
#949=VERTEX_POINT('',#2548);
#950=VERTEX_POINT('',#2550);
#951=VERTEX_POINT('',#2574);
#952=VERTEX_POINT('',#2576);
#953=VERTEX_POINT('',#2600);
#954=VERTEX_POINT('',#2602);
#955=VERTEX_POINT('',#2626);
#956=VERTEX_POINT('',#2628);
#957=VERTEX_POINT('',#2652);
#958=VERTEX_POINT('',#2654);
#959=VERTEX_POINT('',#2678);
#960=VERTEX_POINT('',#2680);
#961=VERTEX_POINT('',#2704);
#962=VERTEX_POINT('',#2706);
#963=VERTEX_POINT('',#2730);
#964=VERTEX_POINT('',#2732);
#965=VERTEX_POINT('',#2756);
#966=VERTEX_POINT('',#2758);
#967=VERTEX_POINT('',#2782);
#968=VERTEX_POINT('',#2784);
#969=VERTEX_POINT('',#2787);
#970=VERTEX_POINT('',#2788);
#971=VERTEX_POINT('',#2790);
#972=VERTEX_POINT('',#2792);
#973=VERTEX_POINT('',#2796);
#974=VERTEX_POINT('',#2797);
#975=VERTEX_POINT('',#2799);
#976=VERTEX_POINT('',#2801);
#977=VERTEX_POINT('',#2805);
#978=VERTEX_POINT('',#2806);
#979=VERTEX_POINT('',#2808);
#980=VERTEX_POINT('',#2810);
#981=VERTEX_POINT('',#2814);
#982=VERTEX_POINT('',#2815);
#983=VERTEX_POINT('',#2817);
#984=VERTEX_POINT('',#2819);
#985=VERTEX_POINT('',#2823);
#986=VERTEX_POINT('',#2824);
#987=VERTEX_POINT('',#2826);
#988=VERTEX_POINT('',#2828);
#989=VERTEX_POINT('',#2832);
#990=VERTEX_POINT('',#2833);
#991=VERTEX_POINT('',#2835);
#992=VERTEX_POINT('',#2837);
#993=VERTEX_POINT('',#2841);
#994=VERTEX_POINT('',#2842);
#995=VERTEX_POINT('',#2844);
#996=VERTEX_POINT('',#2846);
#997=VERTEX_POINT('',#2850);
#998=VERTEX_POINT('',#2851);
#999=VERTEX_POINT('',#2853);
#1000=VERTEX_POINT('',#2855);
#1001=VERTEX_POINT('',#2859);
#1002=VERTEX_POINT('',#2860);
#1003=VERTEX_POINT('',#2862);
#1004=VERTEX_POINT('',#2864);
#1005=VERTEX_POINT('',#2868);
#1006=VERTEX_POINT('',#2870);
#1007=VERTEX_POINT('',#2872);
#1008=VERTEX_POINT('',#2874);
#1009=VERTEX_POINT('',#2876);
#1010=VERTEX_POINT('',#2878);
#1011=VERTEX_POINT('',#2882);
#1012=VERTEX_POINT('',#2884);
#1013=VERTEX_POINT('',#2887);
#1014=VERTEX_POINT('',#2888);
#1015=VERTEX_POINT('',#2890);
#1016=VERTEX_POINT('',#2892);
#1017=VERTEX_POINT('',#2894);
#1018=VERTEX_POINT('',#2896);
#1019=VERTEX_POINT('',#2898);
#1020=VERTEX_POINT('',#2900);
#1021=VERTEX_POINT('',#2902);
#1022=VERTEX_POINT('',#2904);
#1023=VERTEX_POINT('',#2925);
#1024=VERTEX_POINT('',#2927);
#1025=VERTEX_POINT('',#2931);
#1026=VERTEX_POINT('',#2933);
#1027=VERTEX_POINT('',#2937);
#1028=VERTEX_POINT('',#2939);
#1029=VERTEX_POINT('',#2943);
#1030=VERTEX_POINT('',#2945);
#1031=VERTEX_POINT('',#2949);
#1032=VERTEX_POINT('',#2951);
#1033=VERTEX_POINT('',#2955);
#1034=VERTEX_POINT('',#2957);
#1035=VERTEX_POINT('',#2961);
#1036=VERTEX_POINT('',#2962);
#1037=VERTEX_POINT('',#2967);
#1038=VERTEX_POINT('',#2968);
#1039=VERTEX_POINT('',#2973);
#1040=VERTEX_POINT('',#2974);
#1041=VERTEX_POINT('',#2979);
#1042=VERTEX_POINT('',#2981);
#1043=VERTEX_POINT('',#2985);
#1044=VERTEX_POINT('',#2986);
#1045=LINE('',#2428,#1155);
#1046=LINE('',#2431,#1156);
#1047=LINE('',#2433,#1157);
#1048=LINE('',#2435,#1158);
#1049=LINE('',#2436,#1159);
#1050=LINE('',#2439,#1160);
#1051=LINE('',#2443,#1161);
#1052=LINE('',#2445,#1162);
#1053=LINE('',#2449,#1163);
#1054=LINE('',#2453,#1164);
#1055=LINE('',#2457,#1165);
#1056=LINE('',#2461,#1166);
#1057=LINE('',#2467,#1167);
#1058=LINE('',#2471,#1168);
#1059=LINE('',#2475,#1169);
#1060=LINE('',#2479,#1170);
#1061=LINE('',#2481,#1171);
#1062=LINE('',#2485,#1172);
#1063=LINE('',#2489,#1173);
#1064=LINE('',#2493,#1174);
#1065=LINE('',#2495,#1175);
#1066=LINE('',#2497,#1176);
#1067=LINE('',#2499,#1177);
#1068=LINE('',#2502,#1178);
#1069=LINE('',#2504,#1179);
#1070=LINE('',#2506,#1180);
#1071=LINE('',#2508,#1181);
#1072=LINE('',#2511,#1182);
#1073=LINE('',#2513,#1183);
#1074=LINE('',#2515,#1184);
#1075=LINE('',#2517,#1185);
#1076=LINE('',#2520,#1186);
#1077=LINE('',#2522,#1187);
#1078=LINE('',#2524,#1188);
#1079=LINE('',#2786,#1189);
#1080=LINE('',#2789,#1190);
#1081=LINE('',#2791,#1191);
#1082=LINE('',#2793,#1192);
#1083=LINE('',#2795,#1193);
#1084=LINE('',#2798,#1194);
#1085=LINE('',#2800,#1195);
#1086=LINE('',#2802,#1196);
#1087=LINE('',#2804,#1197);
#1088=LINE('',#2807,#1198);
#1089=LINE('',#2809,#1199);
#1090=LINE('',#2811,#1200);
#1091=LINE('',#2813,#1201);
#1092=LINE('',#2816,#1202);
#1093=LINE('',#2818,#1203);
#1094=LINE('',#2820,#1204);
#1095=LINE('',#2822,#1205);
#1096=LINE('',#2825,#1206);
#1097=LINE('',#2827,#1207);
#1098=LINE('',#2829,#1208);
#1099=LINE('',#2831,#1209);
#1100=LINE('',#2834,#1210);
#1101=LINE('',#2836,#1211);
#1102=LINE('',#2838,#1212);
#1103=LINE('',#2840,#1213);
#1104=LINE('',#2843,#1214);
#1105=LINE('',#2845,#1215);
#1106=LINE('',#2847,#1216);
#1107=LINE('',#2849,#1217);
#1108=LINE('',#2852,#1218);
#1109=LINE('',#2854,#1219);
#1110=LINE('',#2856,#1220);
#1111=LINE('',#2858,#1221);
#1112=LINE('',#2863,#1222);
#1113=LINE('',#2869,#1223);
#1114=LINE('',#2873,#1224);
#1115=LINE('',#2877,#1225);
#1116=LINE('',#2883,#1226);
#1117=LINE('',#2886,#1227);
#1118=LINE('',#2891,#1228);
#1119=LINE('',#2895,#1229);
#1120=LINE('',#2899,#1230);
#1121=LINE('',#2903,#1231);
#1122=LINE('',#2924,#1232);
#1123=LINE('',#2926,#1233);
#1124=LINE('',#2928,#1234);
#1125=LINE('',#2930,#1235);
#1126=LINE('',#2932,#1236);
#1127=LINE('',#2934,#1237);
#1128=LINE('',#2936,#1238);
#1129=LINE('',#2938,#1239);
#1130=LINE('',#2940,#1240);
#1131=LINE('',#2942,#1241);
#1132=LINE('',#2944,#1242);
#1133=LINE('',#2946,#1243);
#1134=LINE('',#2948,#1244);
#1135=LINE('',#2950,#1245);
#1136=LINE('',#2952,#1246);
#1137=LINE('',#2954,#1247);
#1138=LINE('',#2956,#1248);
#1139=LINE('',#2958,#1249);
#1140=LINE('',#2960,#1250);
#1141=LINE('',#2963,#1251);
#1142=LINE('',#2964,#1252);
#1143=LINE('',#2966,#1253);
#1144=LINE('',#2969,#1254);
#1145=LINE('',#2970,#1255);
#1146=LINE('',#2972,#1256);
#1147=LINE('',#2975,#1257);
#1148=LINE('',#2976,#1258);
#1149=LINE('',#2978,#1259);
#1150=LINE('',#2980,#1260);
#1151=LINE('',#2982,#1261);
#1152=LINE('',#2984,#1262);
#1153=LINE('',#2987,#1263);
#1154=LINE('',#2988,#1264);
#1155=VECTOR('',#1902,1.);
#1156=VECTOR('',#1903,1.);
#1157=VECTOR('',#1904,1.);
#1158=VECTOR('',#1905,1.);
#1159=VECTOR('',#1906,1.);
#1160=VECTOR('',#1907,1.);
#1161=VECTOR('',#1910,1.);
#1162=VECTOR('',#1911,1.);
#1163=VECTOR('',#1914,1.);
#1164=VECTOR('',#1917,1.);
#1165=VECTOR('',#1920,1.);
#1166=VECTOR('',#1923,1.);
#1167=VECTOR('',#1928,1.);
#1168=VECTOR('',#1931,1.);
#1169=VECTOR('',#1934,1.);
#1170=VECTOR('',#1937,1.);
#1171=VECTOR('',#1938,1.);
#1172=VECTOR('',#1941,1.);
#1173=VECTOR('',#1944,1.);
#1174=VECTOR('',#1947,1.);
#1175=VECTOR('',#1948,1.);
#1176=VECTOR('',#1949,1.);
#1177=VECTOR('',#1952,1.);
#1178=VECTOR('',#1953,1.);
#1179=VECTOR('',#1954,1.);
#1180=VECTOR('',#1955,1.);
#1181=VECTOR('',#1958,1.);
#1182=VECTOR('',#1959,1.);
#1183=VECTOR('',#1960,1.);
#1184=VECTOR('',#1961,1.);
#1185=VECTOR('',#1964,1.);
#1186=VECTOR('',#1965,1.);
#1187=VECTOR('',#1966,1.);
#1188=VECTOR('',#1967,1.);
#1189=VECTOR('',#2010,1.);
#1190=VECTOR('',#2011,1.);
#1191=VECTOR('',#2012,1.);
#1192=VECTOR('',#2013,1.);
#1193=VECTOR('',#2016,1.);
#1194=VECTOR('',#2017,1.);
#1195=VECTOR('',#2018,1.);
#1196=VECTOR('',#2019,1.);
#1197=VECTOR('',#2022,1.);
#1198=VECTOR('',#2023,1.);
#1199=VECTOR('',#2024,1.);
#1200=VECTOR('',#2025,1.);
#1201=VECTOR('',#2028,1.);
#1202=VECTOR('',#2029,1.);
#1203=VECTOR('',#2030,1.);
#1204=VECTOR('',#2031,1.);
#1205=VECTOR('',#2034,1.);
#1206=VECTOR('',#2035,1.);
#1207=VECTOR('',#2036,1.);
#1208=VECTOR('',#2037,1.);
#1209=VECTOR('',#2040,1.);
#1210=VECTOR('',#2041,1.);
#1211=VECTOR('',#2042,1.);
#1212=VECTOR('',#2043,1.);
#1213=VECTOR('',#2046,1.);
#1214=VECTOR('',#2047,1.);
#1215=VECTOR('',#2048,1.);
#1216=VECTOR('',#2049,1.);
#1217=VECTOR('',#2052,1.);
#1218=VECTOR('',#2053,1.);
#1219=VECTOR('',#2054,1.);
#1220=VECTOR('',#2055,1.);
#1221=VECTOR('',#2058,1.);
#1222=VECTOR('',#2061,1.);
#1223=VECTOR('',#2068,1.);
#1224=VECTOR('',#2071,1.);
#1225=VECTOR('',#2074,1.);
#1226=VECTOR('',#2081,1.);
#1227=VECTOR('',#2084,1.);
#1228=VECTOR('',#2087,1.);
#1229=VECTOR('',#2090,1.);
#1230=VECTOR('',#2093,1.);
#1231=VECTOR('',#2096,1.);
#1232=VECTOR('',#2135,1.);
#1233=VECTOR('',#2136,1.);
#1234=VECTOR('',#2137,1.);
#1235=VECTOR('',#2140,1.);
#1236=VECTOR('',#2141,1.);
#1237=VECTOR('',#2142,1.);
#1238=VECTOR('',#2145,1.);
#1239=VECTOR('',#2146,1.);
#1240=VECTOR('',#2147,1.);
#1241=VECTOR('',#2150,1.);
#1242=VECTOR('',#2151,1.);
#1243=VECTOR('',#2152,1.);
#1244=VECTOR('',#2155,1.);
#1245=VECTOR('',#2156,1.);
#1246=VECTOR('',#2157,1.);
#1247=VECTOR('',#2160,1.);
#1248=VECTOR('',#2161,1.);
#1249=VECTOR('',#2162,1.);
#1250=VECTOR('',#2165,1.);
#1251=VECTOR('',#2166,1.);
#1252=VECTOR('',#2167,1.);
#1253=VECTOR('',#2170,1.);
#1254=VECTOR('',#2171,1.);
#1255=VECTOR('',#2172,1.);
#1256=VECTOR('',#2175,1.);
#1257=VECTOR('',#2176,1.);
#1258=VECTOR('',#2177,1.);
#1259=VECTOR('',#2180,1.);
#1260=VECTOR('',#2181,1.);
#1261=VECTOR('',#2182,1.);
#1262=VECTOR('',#2185,1.);
#1263=VECTOR('',#2186,1.);
#1264=VECTOR('',#2187,1.);
#1265=EDGE_LOOP('',(#209,#210,#211,#212));
#1266=EDGE_LOOP('',(#213,#214,#215,#216,#217,#218,#219,#220,#221,#222,#223,#224,#225,#226));
#1267=EDGE_LOOP('',(#227,#228,#229,#230,#231,#232,#233,#234,#235,#236,#237,#238,#239,#240,#241,#242,#243));
#1268=EDGE_LOOP('',(#244,#245,#246,#247));
#1269=EDGE_LOOP('',(#248,#249,#250,#251));
#1270=EDGE_LOOP('',(#252,#253,#254,#255));
#1271=EDGE_LOOP('',(#256));
#1272=EDGE_LOOP('',(#257));
#1273=EDGE_LOOP('',(#258));
#1274=EDGE_LOOP('',(#259));
#1275=EDGE_LOOP('',(#260));
#1276=EDGE_LOOP('',(#261));
#1277=EDGE_LOOP('',(#262));
#1278=EDGE_LOOP('',(#263));
#1279=EDGE_LOOP('',(#264));
#1280=EDGE_LOOP('',(#265));
#1281=EDGE_LOOP('',(#266));
#1282=EDGE_LOOP('',(#267));
#1283=EDGE_LOOP('',(#268));
#1284=EDGE_LOOP('',(#269));
#1285=EDGE_LOOP('',(#270));
#1286=EDGE_LOOP('',(#271));
#1287=EDGE_LOOP('',(#272));
#1288=EDGE_LOOP('',(#273));
#1289=EDGE_LOOP('',(#274));
#1290=EDGE_LOOP('',(#275));
#1291=EDGE_LOOP('',(#276,#277,#278,#279));
#1292=EDGE_LOOP('',(#280,#281,#282,#283));
#1293=EDGE_LOOP('',(#284,#285,#286,#287));
#1294=EDGE_LOOP('',(#288,#289,#290,#291));
#1295=EDGE_LOOP('',(#292,#293,#294,#295));
#1296=EDGE_LOOP('',(#296,#297,#298,#299));
#1297=EDGE_LOOP('',(#300,#301,#302,#303));
#1298=EDGE_LOOP('',(#304,#305,#306,#307));
#1299=EDGE_LOOP('',(#308,#309,#310,#311,#312,#313,#314,#315,#316,#317,#318,#319,#320,#321,#322,#323,#324,#325,#326,#327));
#1300=EDGE_LOOP('',(#328,#329,#330,#331,#332,#333,#334,#335,#336,#337,#338,#339,#340,#341,#342,#343));
#1301=EDGE_LOOP('',(#344,#345,#346,#347,#348,#349,#350,#351));
#1302=EDGE_LOOP('',(#352));
#1303=EDGE_LOOP('',(#353));
#1304=EDGE_LOOP('',(#354));
#1305=EDGE_LOOP('',(#355));
#1306=EDGE_LOOP('',(#356));
#1307=EDGE_LOOP('',(#357));
#1308=EDGE_LOOP('',(#358));
#1309=EDGE_LOOP('',(#359));
#1310=EDGE_LOOP('',(#360));
#1311=EDGE_LOOP('',(#361));
#1312=EDGE_LOOP('',(#362));
#1313=EDGE_LOOP('',(#363));
#1314=EDGE_LOOP('',(#364));
#1315=EDGE_LOOP('',(#365));
#1316=EDGE_LOOP('',(#366));
#1317=EDGE_LOOP('',(#367));
#1318=EDGE_LOOP('',(#368));
#1319=EDGE_LOOP('',(#369));
#1320=EDGE_LOOP('',(#370));
#1321=EDGE_LOOP('',(#371));
#1322=EDGE_LOOP('',(#372,#373,#374,#375));
#1323=EDGE_LOOP('',(#376,#377,#378,#379));
#1324=EDGE_LOOP('',(#380,#381,#382,#383));
#1325=EDGE_LOOP('',(#384,#385,#386,#387));
#1326=EDGE_LOOP('',(#388,#389,#390,#391));
#1327=EDGE_LOOP('',(#392,#393,#394,#395));
#1328=EDGE_LOOP('',(#396,#397,#398,#399));
#1329=EDGE_LOOP('',(#400,#401,#402,#403));
#1330=EDGE_LOOP('',(#404,#405,#406,#407));
#1331=EDGE_LOOP('',(#408,#409,#410,#411));
#1332=EDGE_LOOP('',(#412,#413,#414,#415));
#1333=EDGE_LOOP('',(#416,#417,#418,#419));
#1334=EDGE_LOOP('',(#420,#421,#422,#423));
#1335=EDGE_LOOP('',(#424,#425,#426,#427));
#1336=EDGE_LOOP('',(#428,#429,#430,#431));
#1337=EDGE_LOOP('',(#432,#433,#434));
#1338=EDGE_LOOP('',(#435,#436,#437,#438));
#1339=EDGE_LOOP('',(#439,#440,#441,#442));
#1340=EDGE_LOOP('',(#443,#444,#445,#446));
#1341=EDGE_LOOP('',(#447,#448,#449,#450));
#1342=EDGE_LOOP('',(#451,#452,#453,#454));
#1343=EDGE_LOOP('',(#455,#456,#457,#458));
#1344=EDGE_LOOP('',(#459,#460,#461,#462));
#1345=EDGE_LOOP('',(#463,#464,#465,#466));
#1346=EDGE_LOOP('',(#467,#468,#469,#470));
#1347=EDGE_LOOP('',(#471,#472,#473,#474));
#1348=EDGE_LOOP('',(#475,#476,#477,#478));
#1349=EDGE_LOOP('',(#479,#480,#481,#482));
#1350=EDGE_LOOP('',(#483,#484,#485,#486));
#1351=EDGE_LOOP('',(#487,#488,#489,#490));
#1352=EDGE_LOOP('',(#491,#492,#493,#494));
#1353=EDGE_LOOP('',(#495,#496,#497,#498));
#1354=EDGE_LOOP('',(#499,#500,#501));
#1355=EDGE_LOOP('',(#502,#503,#504,#505));
#1356=EDGE_LOOP('',(#506,#507,#508,#509));
#1357=EDGE_LOOP('',(#510,#511,#512,#513));
#1358=EDGE_LOOP('',(#514,#515,#516,#517));
#1359=EDGE_LOOP('',(#518,#519,#520,#521));
#1360=EDGE_LOOP('',(#522,#523,#524));
#1361=EDGE_LOOP('',(#525,#526,#527,#528));
#1362=EDGE_LOOP('',(#529,#530,#531,#532));
#1363=EDGE_LOOP('',(#533,#534,#535,#536));
#1364=EDGE_LOOP('',(#537,#538,#539,#540));
#1365=EDGE_LOOP('',(#541,#542,#543,#544));
#1366=EDGE_LOOP('',(#545,#546,#547,#548));
#1367=EDGE_LOOP('',(#549,#550,#551,#552));
#1368=EDGE_LOOP('',(#553,#554,#555,#556));
#1369=EDGE_LOOP('',(#557,#558,#559));
#1370=EDGE_LOOP('',(#560,#561,#562,#563));
#1371=EDGE_LOOP('',(#564,#565,#566,#567));
#1372=EDGE_LOOP('',(#568,#569,#570,#571));
#1373=EDGE_LOOP('',(#572,#573,#574,#575));
#1374=EDGE_LOOP('',(#576,#577,#578,#579));
#1375=EDGE_LOOP('',(#580,#581,#582,#583));
#1376=EDGE_LOOP('',(#584,#585,#586,#587));
#1377=EDGE_LOOP('',(#588,#589,#590,#591));
#1378=EDGE_LOOP('',(#592,#593,#594,#595));
#1379=EDGE_LOOP('',(#596,#597,#598,#599));
#1380=EDGE_LOOP('',(#600,#601,#602,#603));
#1381=EDGE_LOOP('',(#604,#605,#606));
#1382=EDGE_LOOP('',(#607,#608,#609,#610));
#1383=EDGE_LOOP('',(#611,#612,#613,#614));
#1384=EDGE_LOOP('',(#615,#616,#617,#618));
#1385=EDGE_LOOP('',(#619,#620,#621,#622));
#1386=EDGE_LOOP('',(#623,#624,#625,#626));
#1387=EDGE_LOOP('',(#627,#628,#629,#630));
#1388=EDGE_LOOP('',(#631,#632,#633,#634));
#1389=EDGE_LOOP('',(#635,#636,#637,#638));
#1390=EDGE_LOOP('',(#639,#640,#641));
#1391=EDGE_LOOP('',(#642,#643,#644));
#1392=EDGE_LOOP('',(#645,#646,#647,#648));
#1393=EDGE_LOOP('',(#649,#650,#651,#652));
#1394=EDGE_LOOP('',(#653,#654,#655,#656));
#1395=EDGE_LOOP('',(#657,#658,#659,#660));
#1396=EDGE_LOOP('',(#661,#662,#663));
#1397=EDGE_LOOP('',(#664,#665,#666));
#1398=EDGE_LOOP('',(#667,#668,#669,#670));
#1399=FACE_BOUND('',#1265,.T.);
#1400=FACE_BOUND('',#1266,.T.);
#1401=FACE_BOUND('',#1267,.T.);
#1402=FACE_BOUND('',#1268,.T.);
#1403=FACE_BOUND('',#1269,.T.);
#1404=FACE_BOUND('',#1270,.T.);
#1405=FACE_BOUND('',#1271,.T.);
#1406=FACE_BOUND('',#1272,.T.);
#1407=FACE_BOUND('',#1273,.T.);
#1408=FACE_BOUND('',#1274,.T.);
#1409=FACE_BOUND('',#1275,.T.);
#1410=FACE_BOUND('',#1276,.T.);
#1411=FACE_BOUND('',#1277,.T.);
#1412=FACE_BOUND('',#1278,.T.);
#1413=FACE_BOUND('',#1279,.T.);
#1414=FACE_BOUND('',#1280,.T.);
#1415=FACE_BOUND('',#1281,.T.);
#1416=FACE_BOUND('',#1282,.T.);
#1417=FACE_BOUND('',#1283,.T.);
#1418=FACE_BOUND('',#1284,.T.);
#1419=FACE_BOUND('',#1285,.T.);
#1420=FACE_BOUND('',#1286,.T.);
#1421=FACE_BOUND('',#1287,.T.);
#1422=FACE_BOUND('',#1288,.T.);
#1423=FACE_BOUND('',#1289,.T.);
#1424=FACE_BOUND('',#1290,.T.);
#1425=FACE_BOUND('',#1291,.T.);
#1426=FACE_BOUND('',#1292,.T.);
#1427=FACE_BOUND('',#1293,.T.);
#1428=FACE_BOUND('',#1294,.T.);
#1429=FACE_BOUND('',#1295,.T.);
#1430=FACE_BOUND('',#1296,.T.);
#1431=FACE_BOUND('',#1297,.T.);
#1432=FACE_BOUND('',#1298,.T.);
#1433=FACE_BOUND('',#1299,.T.);
#1434=FACE_BOUND('',#1300,.T.);
#1435=FACE_BOUND('',#1301,.T.);
#1436=FACE_BOUND('',#1302,.T.);
#1437=FACE_BOUND('',#1303,.T.);
#1438=FACE_BOUND('',#1304,.T.);
#1439=FACE_BOUND('',#1305,.T.);
#1440=FACE_BOUND('',#1306,.T.);
#1441=FACE_BOUND('',#1307,.T.);
#1442=FACE_BOUND('',#1308,.T.);
#1443=FACE_BOUND('',#1309,.T.);
#1444=FACE_BOUND('',#1310,.T.);
#1445=FACE_BOUND('',#1311,.T.);
#1446=FACE_BOUND('',#1312,.T.);
#1447=FACE_BOUND('',#1313,.T.);
#1448=FACE_BOUND('',#1314,.T.);
#1449=FACE_BOUND('',#1315,.T.);
#1450=FACE_BOUND('',#1316,.T.);
#1451=FACE_BOUND('',#1317,.T.);
#1452=FACE_BOUND('',#1318,.T.);
#1453=FACE_BOUND('',#1319,.T.);
#1454=FACE_BOUND('',#1320,.T.);
#1455=FACE_BOUND('',#1321,.T.);
#1456=FACE_BOUND('',#1322,.T.);
#1457=FACE_BOUND('',#1323,.T.);
#1458=FACE_BOUND('',#1324,.T.);
#1459=FACE_BOUND('',#1325,.T.);
#1460=FACE_BOUND('',#1326,.T.);
#1461=FACE_BOUND('',#1327,.T.);
#1462=FACE_BOUND('',#1328,.T.);
#1463=FACE_BOUND('',#1329,.T.);
#1464=FACE_BOUND('',#1330,.T.);
#1465=FACE_BOUND('',#1331,.T.);
#1466=FACE_BOUND('',#1332,.T.);
#1467=FACE_BOUND('',#1333,.T.);
#1468=FACE_BOUND('',#1334,.T.);
#1469=FACE_BOUND('',#1335,.T.);
#1470=FACE_BOUND('',#1336,.T.);
#1471=FACE_BOUND('',#1337,.T.);
#1472=FACE_BOUND('',#1338,.T.);
#1473=FACE_BOUND('',#1339,.T.);
#1474=FACE_BOUND('',#1340,.T.);
#1475=FACE_BOUND('',#1341,.T.);
#1476=FACE_BOUND('',#1342,.T.);
#1477=FACE_BOUND('',#1343,.T.);
#1478=FACE_BOUND('',#1344,.T.);
#1479=FACE_BOUND('',#1345,.T.);
#1480=FACE_BOUND('',#1346,.T.);
#1481=FACE_BOUND('',#1347,.T.);
#1482=FACE_BOUND('',#1348,.T.);
#1483=FACE_BOUND('',#1349,.T.);
#1484=FACE_BOUND('',#1350,.T.);
#1485=FACE_BOUND('',#1351,.T.);
#1486=FACE_BOUND('',#1352,.T.);
#1487=FACE_BOUND('',#1353,.T.);
#1488=FACE_BOUND('',#1354,.T.);
#1489=FACE_BOUND('',#1355,.T.);
#1490=FACE_BOUND('',#1356,.T.);
#1491=FACE_BOUND('',#1357,.T.);
#1492=FACE_BOUND('',#1358,.T.);
#1493=FACE_BOUND('',#1359,.T.);
#1494=FACE_BOUND('',#1360,.T.);
#1495=FACE_BOUND('',#1361,.T.);
#1496=FACE_BOUND('',#1362,.T.);
#1497=FACE_BOUND('',#1363,.T.);
#1498=FACE_BOUND('',#1364,.T.);
#1499=FACE_BOUND('',#1365,.T.);
#1500=FACE_BOUND('',#1366,.T.);
#1501=FACE_BOUND('',#1367,.T.);
#1502=FACE_BOUND('',#1368,.T.);
#1503=FACE_BOUND('',#1369,.T.);
#1504=FACE_BOUND('',#1370,.T.);
#1505=FACE_BOUND('',#1371,.T.);
#1506=FACE_BOUND('',#1372,.T.);
#1507=FACE_BOUND('',#1373,.T.);
#1508=FACE_BOUND('',#1374,.T.);
#1509=FACE_BOUND('',#1375,.T.);
#1510=FACE_BOUND('',#1376,.T.);
#1511=FACE_BOUND('',#1377,.T.);
#1512=FACE_BOUND('',#1378,.T.);
#1513=FACE_BOUND('',#1379,.T.);
#1514=FACE_BOUND('',#1380,.T.);
#1515=FACE_BOUND('',#1381,.T.);
#1516=FACE_BOUND('',#1382,.T.);
#1517=FACE_BOUND('',#1383,.T.);
#1518=FACE_BOUND('',#1384,.T.);
#1519=FACE_BOUND('',#1385,.T.);
#1520=FACE_BOUND('',#1386,.T.);
#1521=FACE_BOUND('',#1387,.T.);
#1522=FACE_BOUND('',#1388,.T.);
#1523=FACE_BOUND('',#1389,.T.);
#1524=FACE_BOUND('',#1390,.T.);
#1525=FACE_BOUND('',#1391,.T.);
#1526=FACE_BOUND('',#1392,.T.);
#1527=FACE_BOUND('',#1393,.T.);
#1528=FACE_BOUND('',#1394,.T.);
#1529=FACE_BOUND('',#1395,.T.);
#1530=FACE_BOUND('',#1396,.T.);
#1531=FACE_BOUND('',#1397,.T.);
#1532=FACE_BOUND('',#1398,.T.);
#1533=PLANE('',#1690);
#1534=PLANE('',#1704);
#1535=PLANE('',#1705);
#1536=PLANE('',#1706);
#1537=PLANE('',#1727);
#1538=PLANE('',#1728);
#1539=PLANE('',#1729);
#1540=PLANE('',#1730);
#1541=PLANE('',#1731);
#1542=PLANE('',#1732);
#1543=PLANE('',#1733);
#1544=PLANE('',#1734);
#1545=PLANE('',#1735);
#1546=PLANE('',#1758);
#1547=PLANE('',#1759);
#1548=PLANE('',#1760);
#1549=PLANE('',#1761);
#1550=PLANE('',#1762);
#1551=PLANE('',#1763);
#1552=PLANE('',#1764);
#1553=PLANE('',#1765);
#1554=PLANE('',#1766);
#1555=PLANE('',#1767);
#1556=PLANE('',#1768);
#1557=PLANE('',#1769);
#1558=PLANE('',#1770);
#1559=PLANE('',#1771);
#1560=PLANE('',#1772);
#1561=PLANE('',#1773);
#1562=PLANE('',#1774);
#1563=PLANE('',#1775);
#1564=PLANE('',#1776);
#1565=PLANE('',#1777);
#1566=PLANE('',#1778);
#1567=ADVANCED_FACE('',(#1399,#1400,#1401),#1533,.T.);
#1568=ADVANCED_FACE('',(#1402),#1534,.T.);
#1569=ADVANCED_FACE('',(#1403),#1535,.T.);
#1570=ADVANCED_FACE('',(#1404),#1536,.T.);
#1571=ADVANCED_FACE('',(#1405,#1406),#151,.F.);
#1572=ADVANCED_FACE('',(#1407,#1408),#152,.F.);
#1573=ADVANCED_FACE('',(#1409,#1410),#153,.F.);
#1574=ADVANCED_FACE('',(#1411,#1412),#154,.T.);
#1575=ADVANCED_FACE('',(#1413,#1414),#155,.T.);
#1576=ADVANCED_FACE('',(#1415,#1416),#156,.T.);
#1577=ADVANCED_FACE('',(#1417,#1418),#157,.T.);
#1578=ADVANCED_FACE('',(#1419,#1420),#158,.T.);
#1579=ADVANCED_FACE('',(#1421,#1422),#159,.T.);
#1580=ADVANCED_FACE('',(#1423,#1424),#160,.F.);
#1581=ADVANCED_FACE('',(#1425),#1537,.F.);
#1582=ADVANCED_FACE('',(#1426),#1538,.F.);
#1583=ADVANCED_FACE('',(#1427),#1539,.F.);
#1584=ADVANCED_FACE('',(#1428),#1540,.T.);
#1585=ADVANCED_FACE('',(#1429),#1541,.T.);
#1586=ADVANCED_FACE('',(#1430),#1542,.T.);
#1587=ADVANCED_FACE('',(#1431),#1543,.F.);
#1588=ADVANCED_FACE('',(#1432),#1544,.T.);
#1589=ADVANCED_FACE('',(#1433,#1434,#1435,#1436,#1437,#1438,#1439,#1440,#1441,#1442,#1443,#1444,#1445),#1545,.F.);
#1590=ADVANCED_FACE('',(#1446),#1546,.F.);
#1591=ADVANCED_FACE('',(#1447),#1547,.F.);
#1592=ADVANCED_FACE('',(#1448),#1548,.F.);
#1593=ADVANCED_FACE('',(#1449),#1549,.F.);
#1594=ADVANCED_FACE('',(#1450),#1550,.F.);
#1595=ADVANCED_FACE('',(#1451),#1551,.F.);
#1596=ADVANCED_FACE('',(#1452),#1552,.F.);
#1597=ADVANCED_FACE('',(#1453),#1553,.F.);
#1598=ADVANCED_FACE('',(#1454),#1554,.F.);
#1599=ADVANCED_FACE('',(#1455),#1555,.F.);
#1600=ADVANCED_FACE('',(#1456),#1556,.F.);
#1601=ADVANCED_FACE('',(#1457),#1557,.T.);
#1602=ADVANCED_FACE('',(#1458),#1558,.T.);
#1603=ADVANCED_FACE('',(#1459),#1559,.T.);
#1604=ADVANCED_FACE('',(#1460),#1560,.T.);
#1605=ADVANCED_FACE('',(#1461),#1561,.T.);
#1606=ADVANCED_FACE('',(#1462),#1562,.F.);
#1607=ADVANCED_FACE('',(#1463),#1563,.F.);
#1608=ADVANCED_FACE('',(#1464),#1564,.F.);
#1609=ADVANCED_FACE('',(#1465),#1565,.T.);
#1610=ADVANCED_FACE('',(#1466),#1566,.F.);
#1611=ADVANCED_FACE('',(#1467),#34,.F.);
#1612=ADVANCED_FACE('',(#1468),#35,.T.);
#1613=ADVANCED_FACE('',(#1469),#36,.T.);
#1614=ADVANCED_FACE('',(#1470),#21,.T.);
#1615=ADVANCED_FACE('',(#1471),#12,.T.);
#1616=ADVANCED_FACE('',(#1472),#37,.F.);
#1617=ADVANCED_FACE('',(#1473),#38,.T.);
#1618=ADVANCED_FACE('',(#1474),#39,.T.);
#1619=ADVANCED_FACE('',(#1475),#40,.F.);
#1620=ADVANCED_FACE('',(#1476),#22,.T.);
#1621=ADVANCED_FACE('',(#1477),#23,.T.);
#1622=ADVANCED_FACE('',(#1478),#41,.F.);
#1623=ADVANCED_FACE('',(#1479),#42,.T.);
#1624=ADVANCED_FACE('',(#1480),#43,.T.);
#1625=ADVANCED_FACE('',(#1481),#44,.F.);
#1626=ADVANCED_FACE('',(#1482),#24,.T.);
#1627=ADVANCED_FACE('',(#1483),#25,.T.);
#1628=ADVANCED_FACE('',(#1484),#45,.T.);
#1629=ADVANCED_FACE('',(#1485),#46,.T.);
#1630=ADVANCED_FACE('',(#1486),#47,.T.);
#1631=ADVANCED_FACE('',(#1487),#48,.F.);
#1632=ADVANCED_FACE('',(#1488),#13,.T.);
#1633=ADVANCED_FACE('',(#1489),#26,.T.);
#1634=ADVANCED_FACE('',(#1490),#49,.T.);
#1635=ADVANCED_FACE('',(#1491),#50,.T.);
#1636=ADVANCED_FACE('',(#1492),#51,.T.);
#1637=ADVANCED_FACE('',(#1493),#52,.F.);
#1638=ADVANCED_FACE('',(#1494),#14,.T.);
#1639=ADVANCED_FACE('',(#1495),#27,.T.);
#1640=ADVANCED_FACE('',(#1496),#53,.T.);
#1641=ADVANCED_FACE('',(#1497),#54,.F.);
#1642=ADVANCED_FACE('',(#1498),#28,.T.);
#1643=ADVANCED_FACE('',(#1499),#55,.T.);
#1644=ADVANCED_FACE('',(#1500),#56,.T.);
#1645=ADVANCED_FACE('',(#1501),#57,.T.);
#1646=ADVANCED_FACE('',(#1502),#58,.F.);
#1647=ADVANCED_FACE('',(#1503),#15,.T.);
#1648=ADVANCED_FACE('',(#1504),#29,.T.);
#1649=ADVANCED_FACE('',(#1505),#59,.F.);
#1650=ADVANCED_FACE('',(#1506),#60,.T.);
#1651=ADVANCED_FACE('',(#1507),#61,.T.);
#1652=ADVANCED_FACE('',(#1508),#62,.F.);
#1653=ADVANCED_FACE('',(#1509),#30,.T.);
#1654=ADVANCED_FACE('',(#1510),#31,.T.);
#1655=ADVANCED_FACE('',(#1511),#63,.T.);
#1656=ADVANCED_FACE('',(#1512),#64,.T.);
#1657=ADVANCED_FACE('',(#1513),#65,.T.);
#1658=ADVANCED_FACE('',(#1514),#66,.F.);
#1659=ADVANCED_FACE('',(#1515),#16,.T.);
#1660=ADVANCED_FACE('',(#1516),#32,.T.);
#1661=ADVANCED_FACE('',(#1517),#67,.T.);
#1662=ADVANCED_FACE('',(#1518),#68,.T.);
#1663=ADVANCED_FACE('',(#1519),#33,.T.);
#1664=ADVANCED_FACE('',(#1520),#69,.F.);
#1665=ADVANCED_FACE('',(#1521),#70,.T.);
#1666=ADVANCED_FACE('',(#1522),#71,.T.);
#1667=ADVANCED_FACE('',(#1523),#72,.T.);
#1668=ADVANCED_FACE('',(#1524),#17,.T.);
#1669=ADVANCED_FACE('',(#1525),#18,.T.);
#1670=ADVANCED_FACE('',(#1526),#73,.T.);
#1671=ADVANCED_FACE('',(#1527),#74,.T.);
#1672=ADVANCED_FACE('',(#1528),#75,.T.);
#1673=ADVANCED_FACE('',(#1529),#76,.T.);
#1674=ADVANCED_FACE('',(#1530),#19,.T.);
#1675=ADVANCED_FACE('',(#1531),#20,.T.);
#1676=ADVANCED_FACE('',(#1532),#77,.T.);
#1677=CLOSED_SHELL('',(#1567,#1568,#1569,#1570,#1571,#1572,#1573,#1574,#1575,#1576,#1577,#1578,#1579,#1580,#1581,#1582,#1583,#1584,#1585,#1586,#1587,#1588,#1589,#1590,#1591,#1592,#1593,#1594,#1595,#1596,#1597,#1598,#1599,#1600,#1601,#1602,#1603,#1604,#1605,#1606,#1607,#1608,#1609,#1610,#1611,#1612,#1613,#1614,#1615,#1616,#1617,#1618,#1619,#1620,#1621,#1622,#1623,#1624,#1625,#1626,#1627,#1628,#1629,#1630,#1631,#1632,#1633,#1634,#1635,#1636,#1637,#1638,#1639,#1640,#1641,#1642,#1643,#1644,#1645,#1646,#1647,#1648,#1649,#1650,#1651,#1652,#1653,#1654,#1655,#1656,#1657,#1658,#1659,#1660,#1661,#1662,#1663,#1664,#1665,#1666,#1667,#1668,#1669,#1670,#1671,#1672,#1673,#1674,#1675,#1676));
#1678=STYLED_ITEM('',(#1679),#1686);
#1679=PRESENTATION_STYLE_ASSIGNMENT((#1680));
#1680=SURFACE_STYLE_USAGE(.BOTH.,#1681);
#1681=SURFACE_SIDE_STYLE('',(#1682));
#1682=SURFACE_STYLE_FILL_AREA(#1683);
#1683=FILL_AREA_STYLE('',(#1684));
#1684=FILL_AREA_STYLE_COLOUR('',#1685);
#1685=COLOUR_RGB('',0.811764705882353,0.858823529411765,0.898039215686275);
#1686=MANIFOLD_SOLID_BREP('Top Case',#1677);
#1687=SHAPE_DEFINITION_REPRESENTATION(#3309,#1688);
#1688=SHAPE_REPRESENTATION('Top Case',(#1689),#3304);
#1689=AXIS2_PLACEMENT_3D('',#2426,#1898,#1899);
#1690=AXIS2_PLACEMENT_3D('',#2427,#1900,#1901);
#1691=AXIS2_PLACEMENT_3D('',#2441,#1908,#1909);
#1692=AXIS2_PLACEMENT_3D('',#2447,#1912,#1913);
#1693=AXIS2_PLACEMENT_3D('',#2451,#1915,#1916);
#1694=AXIS2_PLACEMENT_3D('',#2455,#1918,#1919);
#1695=AXIS2_PLACEMENT_3D('',#2459,#1921,#1922);
#1696=AXIS2_PLACEMENT_3D('',#2463,#1924,#1925);
#1697=AXIS2_PLACEMENT_3D('',#2464,#1926,#1927);
#1698=AXIS2_PLACEMENT_3D('',#2469,#1929,#1930);
#1699=AXIS2_PLACEMENT_3D('',#2473,#1932,#1933);
#1700=AXIS2_PLACEMENT_3D('',#2477,#1935,#1936);
#1701=AXIS2_PLACEMENT_3D('',#2483,#1939,#1940);
#1702=AXIS2_PLACEMENT_3D('',#2487,#1942,#1943);
#1703=AXIS2_PLACEMENT_3D('',#2491,#1945,#1946);
#1704=AXIS2_PLACEMENT_3D('',#2498,#1950,#1951);
#1705=AXIS2_PLACEMENT_3D('',#2507,#1956,#1957);
#1706=AXIS2_PLACEMENT_3D('',#2516,#1962,#1963);
#1707=AXIS2_PLACEMENT_3D('',#2547,#1968,#1969);
#1708=AXIS2_PLACEMENT_3D('',#2549,#1970,#1971);
#1709=AXIS2_PLACEMENT_3D('',#2573,#1972,#1973);
#1710=AXIS2_PLACEMENT_3D('',#2575,#1974,#1975);
#1711=AXIS2_PLACEMENT_3D('',#2599,#1976,#1977);
#1712=AXIS2_PLACEMENT_3D('',#2601,#1978,#1979);
#1713=AXIS2_PLACEMENT_3D('',#2625,#1980,#1981);
#1714=AXIS2_PLACEMENT_3D('',#2627,#1982,#1983);
#1715=AXIS2_PLACEMENT_3D('',#2651,#1984,#1985);
#1716=AXIS2_PLACEMENT_3D('',#2653,#1986,#1987);
#1717=AXIS2_PLACEMENT_3D('',#2677,#1988,#1989);
#1718=AXIS2_PLACEMENT_3D('',#2679,#1990,#1991);
#1719=AXIS2_PLACEMENT_3D('',#2703,#1992,#1993);
#1720=AXIS2_PLACEMENT_3D('',#2705,#1994,#1995);
#1721=AXIS2_PLACEMENT_3D('',#2729,#1996,#1997);
#1722=AXIS2_PLACEMENT_3D('',#2731,#1998,#1999);
#1723=AXIS2_PLACEMENT_3D('',#2755,#2000,#2001);
#1724=AXIS2_PLACEMENT_3D('',#2757,#2002,#2003);
#1725=AXIS2_PLACEMENT_3D('',#2781,#2004,#2005);
#1726=AXIS2_PLACEMENT_3D('',#2783,#2006,#2007);
#1727=AXIS2_PLACEMENT_3D('',#2785,#2008,#2009);
#1728=AXIS2_PLACEMENT_3D('',#2794,#2014,#2015);
#1729=AXIS2_PLACEMENT_3D('',#2803,#2020,#2021);
#1730=AXIS2_PLACEMENT_3D('',#2812,#2026,#2027);
#1731=AXIS2_PLACEMENT_3D('',#2821,#2032,#2033);
#1732=AXIS2_PLACEMENT_3D('',#2830,#2038,#2039);
#1733=AXIS2_PLACEMENT_3D('',#2839,#2044,#2045);
#1734=AXIS2_PLACEMENT_3D('',#2848,#2050,#2051);
#1735=AXIS2_PLACEMENT_3D('',#2857,#2056,#2057);
#1736=AXIS2_PLACEMENT_3D('',#2861,#2059,#2060);
#1737=AXIS2_PLACEMENT_3D('',#2865,#2062,#2063);
#1738=AXIS2_PLACEMENT_3D('',#2866,#2064,#2065);
#1739=AXIS2_PLACEMENT_3D('',#2867,#2066,#2067);
#1740=AXIS2_PLACEMENT_3D('',#2871,#2069,#2070);
#1741=AXIS2_PLACEMENT_3D('',#2875,#2072,#2073);
#1742=AXIS2_PLACEMENT_3D('',#2879,#2075,#2076);
#1743=AXIS2_PLACEMENT_3D('',#2880,#2077,#2078);
#1744=AXIS2_PLACEMENT_3D('',#2881,#2079,#2080);
#1745=AXIS2_PLACEMENT_3D('',#2885,#2082,#2083);
#1746=AXIS2_PLACEMENT_3D('',#2889,#2085,#2086);
#1747=AXIS2_PLACEMENT_3D('',#2893,#2088,#2089);
#1748=AXIS2_PLACEMENT_3D('',#2897,#2091,#2092);
#1749=AXIS2_PLACEMENT_3D('',#2901,#2094,#2095);
#1750=AXIS2_PLACEMENT_3D('',#2905,#2097,#2098);
#1751=AXIS2_PLACEMENT_3D('',#2906,#2099,#2100);
#1752=AXIS2_PLACEMENT_3D('',#2907,#2101,#2102);
#1753=AXIS2_PLACEMENT_3D('',#2908,#2103,#2104);
#1754=AXIS2_PLACEMENT_3D('',#2909,#2105,#2106);
#1755=AXIS2_PLACEMENT_3D('',#2910,#2107,#2108);
#1756=AXIS2_PLACEMENT_3D('',#2911,#2109,#2110);
#1757=AXIS2_PLACEMENT_3D('',#2912,#2111,#2112);
#1758=AXIS2_PLACEMENT_3D('',#2913,#2113,#2114);
#1759=AXIS2_PLACEMENT_3D('',#2914,#2115,#2116);
#1760=AXIS2_PLACEMENT_3D('',#2915,#2117,#2118);
#1761=AXIS2_PLACEMENT_3D('',#2916,#2119,#2120);
#1762=AXIS2_PLACEMENT_3D('',#2917,#2121,#2122);
#1763=AXIS2_PLACEMENT_3D('',#2918,#2123,#2124);
#1764=AXIS2_PLACEMENT_3D('',#2919,#2125,#2126);
#1765=AXIS2_PLACEMENT_3D('',#2920,#2127,#2128);
#1766=AXIS2_PLACEMENT_3D('',#2921,#2129,#2130);
#1767=AXIS2_PLACEMENT_3D('',#2922,#2131,#2132);
#1768=AXIS2_PLACEMENT_3D('',#2923,#2133,#2134);
#1769=AXIS2_PLACEMENT_3D('',#2929,#2138,#2139);
#1770=AXIS2_PLACEMENT_3D('',#2935,#2143,#2144);
#1771=AXIS2_PLACEMENT_3D('',#2941,#2148,#2149);
#1772=AXIS2_PLACEMENT_3D('',#2947,#2153,#2154);
#1773=AXIS2_PLACEMENT_3D('',#2953,#2158,#2159);
#1774=AXIS2_PLACEMENT_3D('',#2959,#2163,#2164);
#1775=AXIS2_PLACEMENT_3D('',#2965,#2168,#2169);
#1776=AXIS2_PLACEMENT_3D('',#2971,#2173,#2174);
#1777=AXIS2_PLACEMENT_3D('',#2977,#2178,#2179);
#1778=AXIS2_PLACEMENT_3D('',#2983,#2183,#2184);
#1779=AXIS2_PLACEMENT_3D('',#2989,#2188,#2189);
#1780=AXIS2_PLACEMENT_3D('',#2990,#2190,#2191);
#1781=AXIS2_PLACEMENT_3D('',#2991,#2192,#2193);
#1782=AXIS2_PLACEMENT_3D('',#2992,#2194,#2195);
#1783=AXIS2_PLACEMENT_3D('',#2993,#2196,#2197);
#1784=AXIS2_PLACEMENT_3D('',#2994,#2198,#2199);
#1785=AXIS2_PLACEMENT_3D('',#2995,#2200,#2201);
#1786=AXIS2_PLACEMENT_3D('',#3011,#2202,#2203);
#1787=AXIS2_PLACEMENT_3D('',#3012,#2204,#2205);
#1788=AXIS2_PLACEMENT_3D('',#3013,#2206,#2207);
#1789=AXIS2_PLACEMENT_3D('',#3014,#2208,#2209);
#1790=AXIS2_PLACEMENT_3D('',#3015,#2210,#2211);
#1791=AXIS2_PLACEMENT_3D('',#3016,#2212,#2213);
#1792=AXIS2_PLACEMENT_3D('',#3017,#2214,#2215);
#1793=AXIS2_PLACEMENT_3D('',#3018,#2216,#2217);
#1794=AXIS2_PLACEMENT_3D('',#3019,#2218,#2219);
#1795=AXIS2_PLACEMENT_3D('',#3020,#2220,#2221);
#1796=AXIS2_PLACEMENT_3D('',#3021,#2222,#2223);
#1797=AXIS2_PLACEMENT_3D('',#3037,#2224,#2225);
#1798=AXIS2_PLACEMENT_3D('',#3053,#2226,#2227);
#1799=AXIS2_PLACEMENT_3D('',#3054,#2228,#2229);
#1800=AXIS2_PLACEMENT_3D('',#3055,#2230,#2231);
#1801=AXIS2_PLACEMENT_3D('',#3056,#2232,#2233);
#1802=AXIS2_PLACEMENT_3D('',#3057,#2234,#2235);
#1803=AXIS2_PLACEMENT_3D('',#3058,#2236,#2237);
#1804=AXIS2_PLACEMENT_3D('',#3059,#2238,#2239);
#1805=AXIS2_PLACEMENT_3D('',#3060,#2240,#2241);
#1806=AXIS2_PLACEMENT_3D('',#3061,#2242,#2243);
#1807=AXIS2_PLACEMENT_3D('',#3077,#2244,#2245);
#1808=AXIS2_PLACEMENT_3D('',#3093,#2246,#2247);
#1809=AXIS2_PLACEMENT_3D('',#3094,#2248,#2249);
#1810=AXIS2_PLACEMENT_3D('',#3095,#2250,#2251);
#1811=AXIS2_PLACEMENT_3D('',#3096,#2252,#2253);
#1812=AXIS2_PLACEMENT_3D('',#3097,#2254,#2255);
#1813=AXIS2_PLACEMENT_3D('',#3098,#2256,#2257);
#1814=AXIS2_PLACEMENT_3D('',#3099,#2258,#2259);
#1815=AXIS2_PLACEMENT_3D('',#3100,#2260,#2261);
#1816=AXIS2_PLACEMENT_3D('',#3101,#2262,#2263);
#1817=AXIS2_PLACEMENT_3D('',#3102,#2264,#2265);
#1818=AXIS2_PLACEMENT_3D('',#3103,#2266,#2267);
#1819=AXIS2_PLACEMENT_3D('',#3119,#2268,#2269);
#1820=AXIS2_PLACEMENT_3D('',#3120,#2270,#2271);
#1821=AXIS2_PLACEMENT_3D('',#3121,#2272,#2273);
#1822=AXIS2_PLACEMENT_3D('',#3122,#2274,#2275);
#1823=AXIS2_PLACEMENT_3D('',#3123,#2276,#2277);
#1824=AXIS2_PLACEMENT_3D('',#3124,#2278,#2279);
#1825=AXIS2_PLACEMENT_3D('',#3125,#2280,#2281);
#1826=AXIS2_PLACEMENT_3D('',#3126,#2282,#2283);
#1827=AXIS2_PLACEMENT_3D('',#3127,#2284,#2285);
#1828=AXIS2_PLACEMENT_3D('',#3128,#2286,#2287);
#1829=AXIS2_PLACEMENT_3D('',#3129,#2288,#2289);
#1830=AXIS2_PLACEMENT_3D('',#3145,#2290,#2291);
#1831=AXIS2_PLACEMENT_3D('',#3146,#2292,#2293);
#1832=AXIS2_PLACEMENT_3D('',#3147,#2294,#2295);
#1833=AXIS2_PLACEMENT_3D('',#3148,#2296,#2297);
#1834=AXIS2_PLACEMENT_3D('',#3164,#2298,#2299);
#1835=AXIS2_PLACEMENT_3D('',#3165,#2300,#2301);
#1836=AXIS2_PLACEMENT_3D('',#3166,#2302,#2303);
#1837=AXIS2_PLACEMENT_3D('',#3167,#2304,#2305);
#1838=AXIS2_PLACEMENT_3D('',#3168,#2306,#2307);
#1839=AXIS2_PLACEMENT_3D('',#3169,#2308,#2309);
#1840=AXIS2_PLACEMENT_3D('',#3170,#2310,#2311);
#1841=AXIS2_PLACEMENT_3D('',#3171,#2312,#2313);
#1842=AXIS2_PLACEMENT_3D('',#3172,#2314,#2315);
#1843=AXIS2_PLACEMENT_3D('',#3173,#2316,#2317);
#1844=AXIS2_PLACEMENT_3D('',#3174,#2318,#2319);
#1845=AXIS2_PLACEMENT_3D('',#3175,#2320,#2321);
#1846=AXIS2_PLACEMENT_3D('',#3191,#2322,#2323);
#1847=AXIS2_PLACEMENT_3D('',#3192,#2324,#2325);
#1848=AXIS2_PLACEMENT_3D('',#3193,#2326,#2327);
#1849=AXIS2_PLACEMENT_3D('',#3194,#2328,#2329);
#1850=AXIS2_PLACEMENT_3D('',#3195,#2330,#2331);
#1851=AXIS2_PLACEMENT_3D('',#3196,#2332,#2333);
#1852=AXIS2_PLACEMENT_3D('',#3197,#2334,#2335);
#1853=AXIS2_PLACEMENT_3D('',#3198,#2336,#2337);
#1854=AXIS2_PLACEMENT_3D('',#3199,#2338,#2339);
#1855=AXIS2_PLACEMENT_3D('',#3215,#2340,#2341);
#1856=AXIS2_PLACEMENT_3D('',#3231,#2342,#2343);
#1857=AXIS2_PLACEMENT_3D('',#3232,#2344,#2345);
#1858=AXIS2_PLACEMENT_3D('',#3233,#2346,#2347);
#1859=AXIS2_PLACEMENT_3D('',#3234,#2348,#2349);
#1860=AXIS2_PLACEMENT_3D('',#3235,#2350,#2351);
#1861=AXIS2_PLACEMENT_3D('',#3236,#2352,#2353);
#1862=AXIS2_PLACEMENT_3D('',#3237,#2354,#2355);
#1863=AXIS2_PLACEMENT_3D('',#3238,#2356,#2357);
#1864=AXIS2_PLACEMENT_3D('',#3239,#2358,#2359);
#1865=AXIS2_PLACEMENT_3D('',#3240,#2360,#2361);
#1866=AXIS2_PLACEMENT_3D('',#3241,#2362,#2363);
#1867=AXIS2_PLACEMENT_3D('',#3257,#2364,#2365);
#1868=AXIS2_PLACEMENT_3D('',#3258,#2366,#2367);
#1869=AXIS2_PLACEMENT_3D('',#3259,#2368,#2369);
#1870=AXIS2_PLACEMENT_3D('',#3260,#2370,#2371);
#1871=AXIS2_PLACEMENT_3D('',#3261,#2372,#2373);
#1872=AXIS2_PLACEMENT_3D('',#3277,#2374,#2375);
#1873=AXIS2_PLACEMENT_3D('',#3278,#2376,#2377);
#1874=AXIS2_PLACEMENT_3D('',#3279,#2378,#2379);
#1875=AXIS2_PLACEMENT_3D('',#3280,#2380,#2381);
#1876=AXIS2_PLACEMENT_3D('',#3281,#2382,#2383);
#1877=AXIS2_PLACEMENT_3D('',#3282,#2384,#2385);
#1878=AXIS2_PLACEMENT_3D('',#3283,#2386,#2387);
#1879=AXIS2_PLACEMENT_3D('',#3284,#2388,#2389);
#1880=AXIS2_PLACEMENT_3D('',#3285,#2390,#2391);
#1881=AXIS2_PLACEMENT_3D('',#3286,#2392,#2393);
#1882=AXIS2_PLACEMENT_3D('',#3287,#2394,#2395);
#1883=AXIS2_PLACEMENT_3D('',#3288,#2396,#2397);
#1884=AXIS2_PLACEMENT_3D('',#3289,#2398,#2399);
#1885=AXIS2_PLACEMENT_3D('',#3290,#2400,#2401);
#1886=AXIS2_PLACEMENT_3D('',#3291,#2402,#2403);
#1887=AXIS2_PLACEMENT_3D('',#3292,#2404,#2405);
#1888=AXIS2_PLACEMENT_3D('',#3293,#2406,#2407);
#1889=AXIS2_PLACEMENT_3D('',#3294,#2408,#2409);
#1890=AXIS2_PLACEMENT_3D('',#3295,#2410,#2411);
#1891=AXIS2_PLACEMENT_3D('',#3296,#2412,#2413);
#1892=AXIS2_PLACEMENT_3D('',#3297,#2414,#2415);
#1893=AXIS2_PLACEMENT_3D('',#3298,#2416,#2417);
#1894=AXIS2_PLACEMENT_3D('',#3299,#2418,#2419);
#1895=AXIS2_PLACEMENT_3D('',#3300,#2420,#2421);
#1896=AXIS2_PLACEMENT_3D('',#3301,#2422,#2423);
#1897=AXIS2_PLACEMENT_3D('',#3302,#2424,#2425);
#1898=DIRECTION('',(0.,0.,1.));
#1899=DIRECTION('',(1.,0.,0.));
#1900=DIRECTION('',(0.,0.,1.));
#1901=DIRECTION('',(1.,0.,0.));
#1902=DIRECTION('',(0.,1.,0.));
#1903=DIRECTION('',(-1.,0.,0.));
#1904=DIRECTION('',(4.46769828823001E-16,-1.,0.));
#1905=DIRECTION('',(1.,1.49666085821671E-16,0.));
#1906=DIRECTION('',(-1.,0.,0.));
#1907=DIRECTION('',(0.,-1.,0.));
#1908=DIRECTION('',(0.,0.,1.));
#1909=DIRECTION('',(-1.15803460211723E-12,-1.,0.));
#1910=DIRECTION('',(-1.,0.,0.));
#1911=DIRECTION('',(0.,-1.,0.));
#1912=DIRECTION('',(0.,0.,1.));
#1913=DIRECTION('',(-1.15803460211723E-12,-1.,0.));
#1914=DIRECTION('',(1.,0.,0.));
#1915=DIRECTION('',(0.,0.,1.));
#1916=DIRECTION('',(1.1438172870171E-12,1.,0.));
#1917=DIRECTION('',(0.,-1.,0.));
#1918=DIRECTION('',(0.,0.,1.));
#1919=DIRECTION('',(1.1438172870171E-12,1.,0.));
#1920=DIRECTION('',(-1.,0.,0.));
#1921=DIRECTION('',(0.,0.,1.));
#1922=DIRECTION('',(-1.15803460211723E-12,-1.,0.));
#1923=DIRECTION('',(0.,-1.,0.));
#1924=DIRECTION('',(0.,0.,1.));
#1925=DIRECTION('',(-1.15803460211723E-12,-1.,0.));
#1926=DIRECTION('',(0.,0.,1.));
#1927=DIRECTION('',(-1.14381728701709E-12,-1.,0.));
#1928=DIRECTION('',(0.,1.,0.));
#1929=DIRECTION('',(0.,0.,1.));
#1930=DIRECTION('',(1.1438172870171E-12,1.,0.));
#1931=DIRECTION('',(1.,0.,0.));
#1932=DIRECTION('',(0.,0.,1.));
#1933=DIRECTION('',(1.15803460211723E-12,1.,0.));
#1934=DIRECTION('',(0.,-1.,0.));
#1935=DIRECTION('',(0.,0.,1.));
#1936=DIRECTION('',(-1.15803460211723E-12,-1.,0.));
#1937=DIRECTION('',(-1.,0.,0.));
#1938=DIRECTION('',(0.,-1.,0.));
#1939=DIRECTION('',(0.,0.,1.));
#1940=DIRECTION('',(1.15803460211723E-12,1.,0.));
#1941=DIRECTION('',(-1.,0.,0.));
#1942=DIRECTION('',(0.,0.,1.));
#1943=DIRECTION('',(1.1438172870171E-12,1.,0.));
#1944=DIRECTION('',(0.,1.,0.));
#1945=DIRECTION('',(0.,0.,1.));
#1946=DIRECTION('',(1.14381728701709E-12,1.,0.));
#1947=DIRECTION('',(1.,0.,0.));
#1948=DIRECTION('',(0.,1.,0.));
#1949=DIRECTION('',(1.,0.,0.));
#1950=DIRECTION('',(-1.,0.,1.00071045758972E-13));
#1951=DIRECTION('',(1.00071045758972E-13,0.,1.));
#1952=DIRECTION('',(0.,-1.,0.));
#1953=DIRECTION('',(9.96902452175845E-14,0.0871557427476567,0.996194698091746));
#1954=DIRECTION('',(0.,1.,0.));
#1955=DIRECTION('',(-9.96902452175845E-14,-0.0871557427476565,-0.996194698091746));
#1956=DIRECTION('',(0.,0.996194698091746,-0.0871557427476565));
#1957=DIRECTION('',(0.,0.0871557427476565,0.996194698091746));
#1958=DIRECTION('',(1.,0.,0.));
#1959=DIRECTION('',(1.00929365875014E-13,0.0871557427476565,0.996194698091746));
#1960=DIRECTION('',(1.,0.,0.));
#1961=DIRECTION('',(-9.96902452175845E-14,-0.0871557427476565,-0.996194698091746));
#1962=DIRECTION('',(0.,-0.996194698091746,0.0871557427476565));
#1963=DIRECTION('',(0.,-0.0871557427476565,-0.996194698091746));
#1964=DIRECTION('',(1.,0.,0.));
#1965=DIRECTION('',(1.00929365875014E-13,0.0871557427476565,0.996194698091746));
#1966=DIRECTION('',(-1.,0.,0.));
#1967=DIRECTION('',(-9.96902452175845E-14,-0.0871557427476565,-0.996194698091746));
#1968=DIRECTION('',(0.,0.,-1.));
#1969=DIRECTION('',(1.,0.,0.));
#1970=DIRECTION('',(0.,0.,-1.));
#1971=DIRECTION('',(1.,0.,0.));
#1972=DIRECTION('',(0.,0.,-1.));
#1973=DIRECTION('',(1.,0.,0.));
#1974=DIRECTION('',(0.,0.,-1.));
#1975=DIRECTION('',(1.,0.,0.));
#1976=DIRECTION('',(0.,0.,-1.));
#1977=DIRECTION('',(1.,0.,0.));
#1978=DIRECTION('',(0.,0.,-1.));
#1979=DIRECTION('',(1.,0.,0.));
#1980=DIRECTION('',(0.,0.,1.));
#1981=DIRECTION('',(1.,0.,0.));
#1982=DIRECTION('',(0.,0.,1.));
#1983=DIRECTION('',(1.,0.,0.));
#1984=DIRECTION('',(0.,0.,1.));
#1985=DIRECTION('',(1.,0.,0.));
#1986=DIRECTION('',(0.,0.,1.));
#1987=DIRECTION('',(1.,0.,0.));
#1988=DIRECTION('',(0.,0.,1.));
#1989=DIRECTION('',(1.,0.,0.));
#1990=DIRECTION('',(0.,0.,1.));
#1991=DIRECTION('',(1.,0.,0.));
#1992=DIRECTION('',(0.,0.,1.));
#1993=DIRECTION('',(1.,0.,0.));
#1994=DIRECTION('',(0.,0.,1.));
#1995=DIRECTION('',(1.,0.,0.));
#1996=DIRECTION('',(0.,0.,1.));
#1997=DIRECTION('',(1.,0.,0.));
#1998=DIRECTION('',(0.,0.,1.));
#1999=DIRECTION('',(1.,0.,0.));
#2000=DIRECTION('',(0.,0.,1.));
#2001=DIRECTION('',(1.,0.,0.));
#2002=DIRECTION('',(0.,0.,1.));
#2003=DIRECTION('',(1.,0.,0.));
#2004=DIRECTION('',(0.,0.,-1.));
#2005=DIRECTION('',(1.,0.,0.));
#2006=DIRECTION('',(0.,0.,-1.));
#2007=DIRECTION('',(1.,0.,0.));
#2008=DIRECTION('',(0.,-0.996194698091746,0.0871557427476565));
#2009=DIRECTION('',(0.,-0.0871557427476565,-0.996194698091746));
#2010=DIRECTION('',(-1.,0.,0.));
#2011=DIRECTION('',(-9.96902452175845E-14,-0.0871557427476565,-0.996194698091746));
#2012=DIRECTION('',(-1.,0.,0.));
#2013=DIRECTION('',(-9.96902452175845E-14,-0.0871557427476565,-0.996194698091746));
#2014=DIRECTION('',(1.,4.46769828823001E-16,-1.00110133054199E-13));
#2015=DIRECTION('',(-1.00110133054199E-13,0.,-1.));
#2016=DIRECTION('',(4.46769828823001E-16,-1.,0.));
#2017=DIRECTION('',(-9.96902452175844E-14,-0.0871557427476565,-0.996194698091746));
#2018=DIRECTION('',(4.46769828823001E-16,-1.,0.));
#2019=DIRECTION('',(-9.96902452175844E-14,-0.0871557427476565,-0.996194698091746));
#2020=DIRECTION('',(-1.49096561179693E-16,0.996194698091746,-0.0871557427476565));
#2021=DIRECTION('',(0.,0.0871557427476565,0.996194698091746));
#2022=DIRECTION('',(1.,1.49666085821671E-16,1.52322181427824E-33));
#2023=DIRECTION('',(-9.96902452175845E-14,-0.0871557427476565,-0.996194698091746));
#2024=DIRECTION('',(-1.,-1.49666085821671E-16,0.));
#2025=DIRECTION('',(-9.96902452175845E-14,-0.0871557427476565,-0.996194698091746));
#2026=DIRECTION('',(-1.,0.,1.00071045758972E-13));
#2027=DIRECTION('',(1.00071045758972E-13,0.,1.));
#2028=DIRECTION('',(0.,1.,0.));
#2029=DIRECTION('',(9.96902452175845E-14,0.0871557427476567,0.996194698091746));
#2030=DIRECTION('',(0.,-1.,0.));
#2031=DIRECTION('',(-9.96902452175845E-14,-0.0871557427476565,-0.996194698091746));
#2032=DIRECTION('',(0.,0.996194698091746,-0.0871557427476565));
#2033=DIRECTION('',(0.,0.0871557427476565,0.996194698091746));
#2034=DIRECTION('',(1.,0.,0.));
#2035=DIRECTION('',(1.00929365875014E-13,0.0871557427476565,0.996194698091746));
#2036=DIRECTION('',(1.,0.,0.));
#2037=DIRECTION('',(-9.96902452175845E-14,-0.0871557427476565,-0.996194698091746));
#2038=DIRECTION('',(1.,0.,-1.00071045758972E-13));
#2039=DIRECTION('',(-1.00071045758972E-13,0.,-1.));
#2040=DIRECTION('',(0.,-1.,0.));
#2041=DIRECTION('',(-9.96902452175845E-14,-0.0871557427476565,-0.996194698091746));
#2042=DIRECTION('',(0.,-1.,0.));
#2043=DIRECTION('',(-9.96902452175845E-14,-0.0871557427476565,-0.996194698091746));
#2044=DIRECTION('',(-1.,0.,1.00071045758972E-13));
#2045=DIRECTION('',(1.00071045758972E-13,0.,1.));
#2046=DIRECTION('',(0.,1.,0.));
#2047=DIRECTION('',(-9.96902452175845E-14,-0.0871557427476565,-0.996194698091746));
#2048=DIRECTION('',(0.,-1.,0.));
#2049=DIRECTION('',(-9.96902452175845E-14,-0.0871557427476565,-0.996194698091746));
#2050=DIRECTION('',(0.,-0.996194698091746,0.0871557427476565));
#2051=DIRECTION('',(0.,-0.0871557427476565,-0.996194698091746));
#2052=DIRECTION('',(-1.,0.,0.));
#2053=DIRECTION('',(1.00929365875014E-13,0.0871557427476565,0.996194698091746));
#2054=DIRECTION('',(1.,0.,0.));
#2055=DIRECTION('',(-9.96902452175845E-14,-0.0871557427476565,-0.996194698091746));
#2056=DIRECTION('',(0.,0.,1.));
#2057=DIRECTION('',(1.,0.,0.));
#2058=DIRECTION('',(0.,1.,0.));
#2059=DIRECTION('',(0.,0.,1.));
#2060=DIRECTION('',(1.15803460211723E-12,1.,0.));
#2061=DIRECTION('',(1.,0.,0.));
#2062=DIRECTION('',(0.,0.,1.));
#2063=DIRECTION('',(1.14381728701709E-12,1.,0.));
#2064=DIRECTION('',(0.,0.,1.));
#2065=DIRECTION('',(1.1438172870171E-12,1.,0.));
#2066=DIRECTION('',(0.,0.,1.));
#2067=DIRECTION('',(1.15803460211723E-12,1.,0.));
#2068=DIRECTION('',(0.,-1.,0.));
#2069=DIRECTION('',(0.,0.,1.));
#2070=DIRECTION('',(1.15803460211723E-12,1.,0.));
#2071=DIRECTION('',(-1.,0.,0.));
#2072=DIRECTION('',(0.,0.,1.));
#2073=DIRECTION('',(-1.15803460211723E-12,-1.,0.));
#2074=DIRECTION('',(0.,-1.,0.));
#2075=DIRECTION('',(0.,0.,1.));
#2076=DIRECTION('',(1.15803460211723E-12,1.,0.));
#2077=DIRECTION('',(0.,0.,1.));
#2078=DIRECTION('',(1.1438172870171E-12,1.,0.));
#2079=DIRECTION('',(0.,0.,1.));
#2080=DIRECTION('',(-1.14381728701709E-12,-1.,0.));
#2081=DIRECTION('',(1.,0.,0.));
#2082=DIRECTION('',(0.,0.,1.));
#2083=DIRECTION('',(-1.15803460211723E-12,-1.,0.));
#2084=DIRECTION('',(0.,-1.,0.));
#2085=DIRECTION('',(0.,0.,1.));
#2086=DIRECTION('',(1.15803460211723E-12,1.,0.));
#2087=DIRECTION('',(-1.,0.,0.));
#2088=DIRECTION('',(0.,0.,1.));
#2089=DIRECTION('',(-1.15803460211723E-12,-1.,0.));
#2090=DIRECTION('',(0.,-1.,0.));
#2091=DIRECTION('',(0.,0.,1.));
#2092=DIRECTION('',(1.15803460211723E-12,1.,0.));
#2093=DIRECTION('',(-1.,0.,0.));
#2094=DIRECTION('',(0.,0.,1.));
#2095=DIRECTION('',(-1.15803460211723E-12,-1.,0.));
#2096=DIRECTION('',(0.,-1.,0.));
#2097=DIRECTION('',(0.,0.,1.));
#2098=DIRECTION('',(-1.15803460211723E-12,-1.,0.));
#2099=DIRECTION('',(0.,0.,1.));
#2100=DIRECTION('',(1.1438172870171E-12,1.,0.));
#2101=DIRECTION('',(0.,0.,1.));
#2102=DIRECTION('',(1.1438172870171E-12,1.,0.));
#2103=DIRECTION('',(0.,0.,1.));
#2104=DIRECTION('',(-1.15803460211723E-12,-1.,0.));
#2105=DIRECTION('',(0.,0.,1.));
#2106=DIRECTION('',(-1.1438172870171E-12,-1.,0.));
#2107=DIRECTION('',(0.,0.,1.));
#2108=DIRECTION('',(-1.1438172870171E-12,-1.,0.));
#2109=DIRECTION('',(0.,0.,1.));
#2110=DIRECTION('',(-1.1438172870171E-12,-1.,0.));
#2111=DIRECTION('',(0.,0.,1.));
#2112=DIRECTION('',(-1.1438172870171E-12,-1.,0.));
#2113=DIRECTION('',(0.,0.,1.));
#2114=DIRECTION('',(1.,0.,0.));
#2115=DIRECTION('',(0.,0.,1.));
#2116=DIRECTION('',(1.,0.,0.));
#2117=DIRECTION('',(0.,0.,1.));
#2118=DIRECTION('',(1.,0.,0.));
#2119=DIRECTION('',(0.,0.,1.));
#2120=DIRECTION('',(1.,0.,0.));
#2121=DIRECTION('',(0.,0.,1.));
#2122=DIRECTION('',(1.,0.,0.));
#2123=DIRECTION('',(0.,0.,1.));
#2124=DIRECTION('',(1.,0.,0.));
#2125=DIRECTION('',(0.,0.,1.));
#2126=DIRECTION('',(1.,0.,0.));
#2127=DIRECTION('',(0.,0.,1.));
#2128=DIRECTION('',(1.,0.,0.));
#2129=DIRECTION('',(0.,0.,1.));
#2130=DIRECTION('',(1.,0.,0.));
#2131=DIRECTION('',(0.,0.,1.));
#2132=DIRECTION('',(1.,0.,0.));
#2133=DIRECTION('',(-1.,0.,1.0131489965601E-13));
#2134=DIRECTION('',(1.0131489965601E-13,0.,1.));
#2135=DIRECTION('',(1.00929365875014E-13,0.0871557427476565,0.996194698091746));
#2136=DIRECTION('',(0.,-1.,0.));
#2137=DIRECTION('',(1.00929365875014E-13,0.0871557427476567,0.996194698091746));
#2138=DIRECTION('',(-1.,0.,1.0131489965601E-13));
#2139=DIRECTION('',(1.0131489965601E-13,0.,1.));
#2140=DIRECTION('',(1.00929365875014E-13,0.0871557427476567,0.996194698091746));
#2141=DIRECTION('',(0.,-1.,0.));
#2142=DIRECTION('',(1.00929365875014E-13,0.0871557427476565,0.996194698091746));
#2143=DIRECTION('',(0.,0.996194698091746,-0.0871557427476567));
#2144=DIRECTION('',(0.,0.0871557427476567,0.996194698091746));
#2145=DIRECTION('',(1.00929365875014E-13,0.0871557427476567,0.996194698091746));
#2146=DIRECTION('',(-1.,0.,0.));
#2147=DIRECTION('',(1.00929365875014E-13,0.0871557427476567,0.996194698091746));
#2148=DIRECTION('',(-1.,0.,1.0131489965601E-13));
#2149=DIRECTION('',(1.0131489965601E-13,0.,1.));
#2150=DIRECTION('',(1.00929365875014E-13,0.0871557427476567,0.996194698091746));
#2151=DIRECTION('',(0.,-1.,0.));
#2152=DIRECTION('',(1.00929365875014E-13,0.0871557427476567,0.996194698091746));
#2153=DIRECTION('',(0.,0.996194698091746,-0.0871557427476567));
#2154=DIRECTION('',(0.,0.0871557427476567,0.996194698091746));
#2155=DIRECTION('',(1.00929365875014E-13,0.0871557427476567,0.996194698091746));
#2156=DIRECTION('',(-1.,0.,0.));
#2157=DIRECTION('',(1.00929365875014E-13,0.0871557427476567,0.996194698091746));
#2158=DIRECTION('',(-1.,0.,1.0131489965601E-13));
#2159=DIRECTION('',(1.0131489965601E-13,0.,1.));
#2160=DIRECTION('',(1.00929365875014E-13,0.0871557427476565,0.996194698091746));
#2161=DIRECTION('',(0.,-1.,0.));
#2162=DIRECTION('',(1.00929365875014E-13,0.0871557427476567,0.996194698091746));
#2163=DIRECTION('',(-1.,0.,1.0131489965601E-13));
#2164=DIRECTION('',(1.0131489965601E-13,0.,1.));
#2165=DIRECTION('',(0.,-1.,0.));
#2166=DIRECTION('',(1.00929365875014E-13,0.0871557427476565,0.996194698091746));
#2167=DIRECTION('',(1.00929365875014E-13,0.0871557427476567,0.996194698091746));
#2168=DIRECTION('',(0.,0.996194698091746,-0.0871557427476567));
#2169=DIRECTION('',(0.,0.0871557427476567,0.996194698091746));
#2170=DIRECTION('',(-1.,0.,0.));
#2171=DIRECTION('',(1.00929365875014E-13,0.0871557427476567,0.996194698091746));
#2172=DIRECTION('',(1.00929365875014E-13,0.0871557427476567,0.996194698091746));
#2173=DIRECTION('',(1.,0.,-1.0131489965601E-13));
#2174=DIRECTION('',(-1.0131489965601E-13,0.,-1.));
#2175=DIRECTION('',(0.,1.,0.));
#2176=DIRECTION('',(1.00929365875014E-13,0.0871557427476567,0.996194698091746));
#2177=DIRECTION('',(1.00929365875014E-13,0.0871557427476567,0.996194698091746));
#2178=DIRECTION('',(0.,-0.996194698091746,0.0871557427476567));
#2179=DIRECTION('',(0.,-0.0871557427476567,-0.996194698091746));
#2180=DIRECTION('',(9.96902452175845E-14,0.0871557427476567,0.996194698091746));
#2181=DIRECTION('',(1.,0.,0.));
#2182=DIRECTION('',(1.00929365875014E-13,0.0871557427476567,0.996194698091746));
#2183=DIRECTION('',(0.,-0.996194698091746,0.0871557427476567));
#2184=DIRECTION('',(0.,-0.0871557427476567,-0.996194698091746));
#2185=DIRECTION('',(1.,0.,0.));
#2186=DIRECTION('',(9.96902452175845E-14,0.0871557427476567,0.996194698091746));
#2187=DIRECTION('',(1.00929365875014E-13,0.0871557427476567,0.996194698091746));
#2188=DIRECTION('',(1.00929365875014E-13,0.0871557427476565,0.996194698091746));
#2189=DIRECTION('',(0.,-0.996194698091746,0.0871557427476565));
#2190=DIRECTION('',(9.94188831427003E-14,0.0858513924894238,-0.996307953600506));
#2191=DIRECTION('',(1.15512314851425E-12,0.996307953600506,0.0858513924894238));
#2192=DIRECTION('',(0.,1.,0.));
#2193=DIRECTION('',(0.,0.,1.));
#2194=DIRECTION('',(0.,-1.,0.));
#2195=DIRECTION('',(0.,0.,-1.));
#2196=DIRECTION('',(0.,1.,0.));
#2197=DIRECTION('',(0.,0.,1.));
#2198=DIRECTION('',(1.00929365875014E-13,0.0871557427476567,0.996194698091746));
#2199=DIRECTION('',(0.,-0.996194698091746,0.0871557427476567));
#2200=DIRECTION('',(1.01095156271266E-13,0.0871557427476565,0.996194698091746));
#2201=DIRECTION('',(0.,-0.996194698091746,0.0871557427476565));
#2202=DIRECTION('',(-1.,0.,0.));
#2203=DIRECTION('',(0.,0.,1.));
#2204=DIRECTION('',(1.,0.,-1.01481323344643E-13));
#2205=DIRECTION('',(-1.01481323344643E-13,0.,-1.));
#2206=DIRECTION('',(1.,-1.39307987027013E-14,0.));
#2207=DIRECTION('',(1.39307987027013E-14,1.,0.));
#2208=DIRECTION('',(9.96902452175845E-14,0.0871557427476565,0.996194698091746));
#2209=DIRECTION('',(0.,-0.996194698091746,0.0871557427476565));
#2210=DIRECTION('',(9.81983068438926E-14,0.0858513924894237,-0.996307953600506));
#2211=DIRECTION('',(1.14145305208213E-12,0.996307953600506,0.0858513924894237));
#2212=DIRECTION('',(-1.,0.,0.));
#2213=DIRECTION('',(0.,0.,1.));
#2214=DIRECTION('',(1.,0.,0.));
#2215=DIRECTION('',(0.,0.,-1.));
#2216=DIRECTION('',(1.,0.,0.));
#2217=DIRECTION('',(0.,0.,-1.));
#2218=DIRECTION('',(-1.,0.,0.));
#2219=DIRECTION('',(0.,0.,1.));
#2220=DIRECTION('',(-1.00929365875014E-13,-0.0871557427476567,-0.996194698091746));
#2221=DIRECTION('',(0.,0.996194698091746,-0.0871557427476567));
#2222=DIRECTION('',(9.94188831427005E-14,0.0858513924894242,-0.996307953600505));
#2223=DIRECTION('',(-1.15170562440622E-12,-0.996307953600505,-0.0858513924894242));
#2224=DIRECTION('',(0.,1.,0.));
#2225=DIRECTION('',(0.,0.,1.));
#2226=DIRECTION('',(0.,1.,0.));
#2227=DIRECTION('',(0.,0.,1.));
#2228=DIRECTION('',(9.96902452175845E-14,0.0871557427476567,0.996194698091746));
#2229=DIRECTION('',(0.,-0.996194698091746,0.0871557427476567));
#2230=DIRECTION('',(9.81983068438927E-14,0.085851392489424,-0.996307953600505));
#2231=DIRECTION('',(1.13461800386607E-12,0.996307953600505,0.085851392489424));
#2232=DIRECTION('',(0.,1.,0.));
#2233=DIRECTION('',(0.,0.,1.));
#2234=DIRECTION('',(0.,-1.,0.));
#2235=DIRECTION('',(0.,0.,-1.));
#2236=DIRECTION('',(0.,1.,0.));
#2237=DIRECTION('',(0.,0.,1.));
#2238=DIRECTION('',(0.,-1.,0.));
#2239=DIRECTION('',(0.,0.,-1.));
#2240=DIRECTION('',(1.00929365875014E-13,0.0871557427476565,0.996194698091746));
#2241=DIRECTION('',(0.,-0.996194698091746,0.0871557427476565));
#2242=DIRECTION('',(9.94188831427004E-14,0.0858513924894239,-0.996307953600506));
#2243=DIRECTION('',(1.15512314851425E-12,0.996307953600506,0.0858513924894239));
#2244=DIRECTION('',(1.,0.,0.));
#2245=DIRECTION('',(0.,0.,-1.));
#2246=DIRECTION('',(-1.,0.,0.));
#2247=DIRECTION('',(0.,0.,1.));
#2248=DIRECTION('',(1.00929365875014E-13,0.0871557427476567,0.996194698091746));
#2249=DIRECTION('',(0.,-0.996194698091746,0.0871557427476567));
#2250=DIRECTION('',(1.01095156271268E-13,0.0871557427476566,0.996194698091746));
#2251=DIRECTION('',(0.,-0.996194698091746,0.0871557427476566));
#2252=DIRECTION('',(-1.,0.,0.));
#2253=DIRECTION('',(0.,0.,1.));
#2254=DIRECTION('',(-1.,0.,0.));
#2255=DIRECTION('',(0.,0.,1.));
#2256=DIRECTION('',(1.,0.,0.));
#2257=DIRECTION('',(0.,0.,-1.));
#2258=DIRECTION('',(1.,0.,0.));
#2259=DIRECTION('',(0.,0.,-1.));
#2260=DIRECTION('',(9.96902452175845E-14,0.0871557427476565,0.996194698091746));
#2261=DIRECTION('',(0.,-0.996194698091746,0.0871557427476565));
#2262=DIRECTION('',(9.81983068438926E-14,0.0858513924894237,-0.996307953600506));
#2263=DIRECTION('',(1.14145305208213E-12,0.996307953600506,0.0858513924894237));
#2264=DIRECTION('',(-1.,0.,1.01481323344643E-13));
#2265=DIRECTION('',(1.01481323344643E-13,0.,1.));
#2266=DIRECTION('',(0.,1.,0.));
#2267=DIRECTION('',(0.,0.,1.));
#2268=DIRECTION('',(0.,-1.,0.));
#2269=DIRECTION('',(0.,0.,-1.));
#2270=DIRECTION('',(-1.00929365875014E-13,-0.0871557427476567,-0.996194698091746));
#2271=DIRECTION('',(0.,0.996194698091746,-0.0871557427476567));
#2272=DIRECTION('',(1.01095156271268E-13,0.0871557427476569,0.996194698091746));
#2273=DIRECTION('',(0.,-0.996194698091746,0.0871557427476569));
#2274=DIRECTION('',(0.,-1.,0.));
#2275=DIRECTION('',(0.,0.,-1.));
#2276=DIRECTION('',(1.73472347597681E-15,-1.,0.));
#2277=DIRECTION('',(1.,1.73472347597681E-15,0.));
#2278=DIRECTION('',(0.,1.,0.));
#2279=DIRECTION('',(0.,0.,1.));
#2280=DIRECTION('',(0.,1.,0.));
#2281=DIRECTION('',(0.,0.,1.));
#2282=DIRECTION('',(-9.96902452175845E-14,-0.0871557427476567,-0.996194698091746));
#2283=DIRECTION('',(0.,0.996194698091746,-0.0871557427476567));
#2284=DIRECTION('',(9.8198306843893E-14,0.0858513924894242,-0.996307953600505));
#2285=DIRECTION('',(-1.13461800386607E-12,-0.996307953600505,-0.0858513924894242));
#2286=DIRECTION('',(-1.,0.,1.01481323344643E-13));
#2287=DIRECTION('',(1.01481323344643E-13,0.,1.));
#2288=DIRECTION('',(-1.,1.21414910800203E-15,1.38777878078145E-14));
#2289=DIRECTION('',(1.38777878078145E-14,0.,1.));
#2290=DIRECTION('',(1.,0.,0.));
#2291=DIRECTION('',(0.,0.,-1.));
#2292=DIRECTION('',(1.,0.,0.));
#2293=DIRECTION('',(0.,0.,-1.));
#2294=DIRECTION('',(-1.00929365875014E-13,-0.0871557427476567,-0.996194698091746));
#2295=DIRECTION('',(0.,0.996194698091746,-0.0871557427476567));
#2296=DIRECTION('',(9.94188831427005E-14,0.0858513924894242,-0.996307953600505));
#2297=DIRECTION('',(-1.15170562440622E-12,-0.996307953600505,-0.0858513924894242));
#2298=DIRECTION('',(0.,-1.,0.));
#2299=DIRECTION('',(0.,0.,-1.));
#2300=DIRECTION('',(1.,0.,0.));
#2301=DIRECTION('',(0.,0.,-1.));
#2302=DIRECTION('',(1.00929365875014E-13,0.0871557427476567,0.996194698091746));
#2303=DIRECTION('',(0.,-0.996194698091746,0.0871557427476567));
#2304=DIRECTION('',(1.01095156271268E-13,0.0871557427476566,0.996194698091746));
#2305=DIRECTION('',(0.,-0.996194698091746,0.0871557427476566));
#2306=DIRECTION('',(-1.,0.,0.));
#2307=DIRECTION('',(0.,0.,1.));
#2308=DIRECTION('',(-1.,0.,0.));
#2309=DIRECTION('',(0.,0.,1.));
#2310=DIRECTION('',(0.,-1.,0.));
#2311=DIRECTION('',(0.,0.,-1.));
#2312=DIRECTION('',(0.,1.,0.));
#2313=DIRECTION('',(0.,0.,1.));
#2314=DIRECTION('',(-1.00929365875014E-13,-0.0871557427476565,-0.996194698091746));
#2315=DIRECTION('',(0.,0.996194698091746,-0.0871557427476565));
#2316=DIRECTION('',(9.94188831427003E-14,0.0858513924894238,-0.996307953600506));
#2317=DIRECTION('',(-1.15512314851425E-12,-0.996307953600506,-0.0858513924894238));
#2318=DIRECTION('',(-1.,0.,1.01481323344643E-13));
#2319=DIRECTION('',(1.01481323344643E-13,0.,1.));
#2320=DIRECTION('',(8.80210169895728E-29,1.,8.67361737988403E-16));
#2321=DIRECTION('',(0.,-8.67361737988403E-16,1.));
#2322=DIRECTION('',(1.,0.,0.));
#2323=DIRECTION('',(0.,0.,-1.));
#2324=DIRECTION('',(-1.00929365875014E-13,-0.0871557427476567,-0.996194698091746));
#2325=DIRECTION('',(0.,0.996194698091746,-0.0871557427476567));
#2326=DIRECTION('',(9.94188831427005E-14,0.0858513924894242,-0.996307953600505));
#2327=DIRECTION('',(-1.15170562440622E-12,-0.996307953600505,-0.0858513924894242));
#2328=DIRECTION('',(0.,-1.,0.));
#2329=DIRECTION('',(0.,0.,-1.));
#2330=DIRECTION('',(0.,-1.,0.));
#2331=DIRECTION('',(0.,0.,-1.));
#2332=DIRECTION('',(-1.,0.,0.));
#2333=DIRECTION('',(0.,0.,1.));
#2334=DIRECTION('',(-1.,0.,0.));
#2335=DIRECTION('',(0.,0.,1.));
#2336=DIRECTION('',(9.96902452175845E-14,0.0871557427476565,0.996194698091746));
#2337=DIRECTION('',(0.,-0.996194698091746,0.0871557427476565));
#2338=DIRECTION('',(9.81983068438928E-14,0.0858513924894239,-0.996307953600506));
#2339=DIRECTION('',(1.13461800386607E-12,0.996307953600506,0.0858513924894239));
#2340=DIRECTION('',(1.,0.,0.));
#2341=DIRECTION('',(0.,0.,-1.));
#2342=DIRECTION('',(0.,1.,0.));
#2343=DIRECTION('',(0.,0.,1.));
#2344=DIRECTION('',(1.00929365875014E-13,0.0871557427476567,0.996194698091746));
#2345=DIRECTION('',(0.,-0.996194698091746,0.0871557427476567));
#2346=DIRECTION('',(1.01095156271268E-13,0.0871557427476565,0.996194698091746));
#2347=DIRECTION('',(0.,-0.996194698091746,0.0871557427476565));
#2348=DIRECTION('',(-1.,0.,0.));
#2349=DIRECTION('',(0.,0.,1.));
#2350=DIRECTION('',(-1.,0.,0.));
#2351=DIRECTION('',(0.,0.,1.));
#2352=DIRECTION('',(0.,-1.,0.));
#2353=DIRECTION('',(0.,0.,-1.));
#2354=DIRECTION('',(0.,-1.,0.));
#2355=DIRECTION('',(0.,0.,-1.));
#2356=DIRECTION('',(9.96902452175845E-14,0.0871557427476565,0.996194698091746));
#2357=DIRECTION('',(0.,-0.996194698091746,0.0871557427476565));
#2358=DIRECTION('',(9.81983068438928E-14,0.0858513924894238,-0.996307953600506));
#2359=DIRECTION('',(1.13461800386607E-12,0.996307953600506,0.0858513924894238));
#2360=DIRECTION('',(-1.,-1.73472347597681E-15,1.01481323344643E-13));
#2361=DIRECTION('',(1.01481323344643E-13,0.,1.));
#2362=DIRECTION('',(0.,1.,0.));
#2363=DIRECTION('',(0.,0.,1.));
#2364=DIRECTION('',(-1.,0.,0.));
#2365=DIRECTION('',(0.,0.,1.));
#2366=DIRECTION('',(0.,-1.,0.));
#2367=DIRECTION('',(0.,0.,-1.));
#2368=DIRECTION('',(0.,-1.,0.));
#2369=DIRECTION('',(0.,0.,-1.));
#2370=DIRECTION('',(1.,0.,0.));
#2371=DIRECTION('',(0.,0.,-1.));
#2372=DIRECTION('',(1.,0.,0.));
#2373=DIRECTION('',(0.,0.,-1.));
#2374=DIRECTION('',(9.94188831427004E-14,0.0858513924894239,-0.996307953600506));
#2375=DIRECTION('',(-1.15512314851425E-12,-0.996307953600506,-0.0858513924894239));
#2376=DIRECTION('',(-1.00929365875014E-13,-0.0871557427476565,-0.996194698091746));
#2377=DIRECTION('',(0.,0.996194698091746,-0.0871557427476565));
#2378=DIRECTION('',(-9.96902452175845E-14,-0.0871557427476565,-0.996194698091746));
#2379=DIRECTION('',(0.,0.996194698091746,-0.0871557427476565));
#2380=DIRECTION('',(9.99287128805348E-14,0.0871557427476565,0.996194698091746));
#2381=DIRECTION('',(0.,-0.996194698091746,0.0871557427476565));
#2382=DIRECTION('',(-1.,-1.49666085821671E-16,0.));
#2383=DIRECTION('',(1.49666085821671E-16,-1.,0.));
#2384=DIRECTION('',(-1.,1.21414910800203E-15,1.38777878078145E-14));
#2385=DIRECTION('',(1.38777878078145E-14,0.,1.));
#2386=DIRECTION('',(1.,0.,0.));
#2387=DIRECTION('',(0.,0.,-1.));
#2388=DIRECTION('',(-9.96902452175844E-14,-0.0871557427476565,-0.996194698091746));
#2389=DIRECTION('',(0.,0.996194698091746,-0.0871557427476565));
#2390=DIRECTION('',(9.97990645242001E-14,0.0871557427476566,0.996194698091746));
#2391=DIRECTION('',(0.,-0.996194698091746,0.0871557427476566));
#2392=DIRECTION('',(1.,3.46944695195361E-15,-1.0018028073766E-13));
#2393=DIRECTION('',(-1.0018028073766E-13,0.,-1.));
#2394=DIRECTION('',(0.,-1.,0.));
#2395=DIRECTION('',(0.,0.,-1.));
#2396=DIRECTION('',(-1.,3.46944695195361E-15,1.0018028073766E-13));
#2397=DIRECTION('',(1.0018028073766E-13,0.,1.));
#2398=DIRECTION('',(0.,-1.,0.));
#2399=DIRECTION('',(0.,0.,-1.));
#2400=DIRECTION('',(-9.96902452175845E-14,-0.0871557427476565,-0.996194698091746));
#2401=DIRECTION('',(0.,0.996194698091746,-0.0871557427476565));
#2402=DIRECTION('',(9.97990645242E-14,0.0871557427476565,0.996194698091746));
#2403=DIRECTION('',(0.,-0.996194698091746,0.0871557427476565));
#2404=DIRECTION('',(0.,-1.,0.));
#2405=DIRECTION('',(0.,0.,-1.));
#2406=DIRECTION('',(3.46944695195361E-15,1.,0.));
#2407=DIRECTION('',(-1.,3.46944695195361E-15,0.));
#2408=DIRECTION('',(-4.46769828823001E-16,1.,0.));
#2409=DIRECTION('',(-1.,-4.46769828823001E-16,0.));
#2410=DIRECTION('',(-3.47570169651133E-28,1.,-3.46944695195361E-15));
#2411=DIRECTION('',(0.,3.46944695195361E-15,1.));
#2412=DIRECTION('',(-9.96902452175844E-14,-0.0871557427476565,-0.996194698091746));
#2413=DIRECTION('',(0.,0.996194698091746,-0.0871557427476565));
#2414=DIRECTION('',(9.97990645242014E-14,0.0871557427476565,0.996194698091746));
#2415=DIRECTION('',(0.,-0.996194698091746,0.0871557427476565));
#2416=DIRECTION('',(1.,0.,-1.0018028073766E-13));
#2417=DIRECTION('',(-1.0018028073766E-13,0.,-1.));
#2418=DIRECTION('',(1.,0.,0.));
#2419=DIRECTION('',(0.,0.,-1.));
#2420=DIRECTION('',(-1.,0.,1.0018028073766E-13));
#2421=DIRECTION('',(1.0018028073766E-13,0.,1.));
#2422=DIRECTION('',(-1.,-1.39307987027014E-14,0.));
#2423=DIRECTION('',(1.39307987027014E-14,-1.,0.));
#2424=DIRECTION('',(1.,0.,0.));
#2425=DIRECTION('',(0.,0.,-1.));
#2426=CARTESIAN_POINT('',(0.,0.,0.));
#2427=CARTESIAN_POINT('',(0.00476250000000055,-2.06434148879732E-05,0.0069790708395046));
#2428=CARTESIAN_POINT('',(0.1882125,0.0621043565851121,0.0069790708395046));
#2429=CARTESIAN_POINT('',(0.1882125,-0.0603129810668531,0.0069790708395046));
#2430=CARTESIAN_POINT('',(0.1882125,0.0599217395829735,0.0069790708395046));
#2431=CARTESIAN_POINT('',(-0.1806875,0.0599217395829735,0.0069790708395046));
#2432=CARTESIAN_POINT('',(-0.1786875,0.0599217395829735,0.0069790708395046));
#2433=CARTESIAN_POINT('',(-0.1786875,-0.062145643414888,0.0069790708395046));
#2434=CARTESIAN_POINT('',(-0.1786875,-0.0603129810668532,0.0069790708395046));
#2435=CARTESIAN_POINT('',(0.1902125,-0.0603129810668531,0.0069790708395046));
#2436=CARTESIAN_POINT('',(0.00476250000000055,-0.0121826170021385,0.0069790708395046));
#2437=CARTESIAN_POINT('',(0.1176125,-0.0121826170021385,0.0069790708395046));
#2438=CARTESIAN_POINT('',(0.10256875,-0.0121826170021385,0.0069790708395046));
#2439=CARTESIAN_POINT('',(0.10256875,-2.06434148879732E-05,0.0069790708395046));
#2440=CARTESIAN_POINT('',(0.10256875,-0.0272173376519651,0.0069790708395046));
#2441=CARTESIAN_POINT('',(0.09856875,-0.0272173376519651,0.0069790708395046));
#2442=CARTESIAN_POINT('',(0.09856875,-0.0312326170021386,0.0069790708395046));
#2443=CARTESIAN_POINT('',(0.00476250000000055,-0.0312326170021386,0.0069790708395046));
#2444=CARTESIAN_POINT('',(0.0978187449999998,-0.0312326170021386,0.0069790708395046));
#2445=CARTESIAN_POINT('',(0.0978187449999998,-2.06434148879732E-05,0.0069790708395046));
#2446=CARTESIAN_POINT('',(0.0978187449999998,-0.0466129810668531,0.0069790708395046));
#2447=CARTESIAN_POINT('',(0.0938187449999998,-0.0466129810668531,0.0069790708395046));
#2448=CARTESIAN_POINT('',(0.0938187449999998,-0.0506282604170265,0.0069790708395046));
#2449=CARTESIAN_POINT('',(0.00476250000000055,-0.0506282604170265,0.0069790708395046));
#2450=CARTESIAN_POINT('',(-0.1649875,-0.0506282604170265,0.0069790708395046));
#2451=CARTESIAN_POINT('',(-0.1649875,-0.0466129810668531,0.0069790708395046));
#2452=CARTESIAN_POINT('',(-0.1689875,-0.0466129810668532,0.0069790708395046));
#2453=CARTESIAN_POINT('',(-0.1689875,-2.06434148879732E-05,0.0069790708395046));
#2454=CARTESIAN_POINT('',(-0.1689875,0.0462217395829735,0.0069790708395046));
#2455=CARTESIAN_POINT('',(-0.1649875,0.0462217395829735,0.0069790708395046));
#2456=CARTESIAN_POINT('',(-0.1649875,0.0502370189331469,0.0069790708395046));
#2457=CARTESIAN_POINT('',(0.00476250000000055,0.0502370189331469,0.0069790708395046));
#2458=CARTESIAN_POINT('',(0.1176125,0.0502370189331469,0.0069790708395046));
#2459=CARTESIAN_POINT('',(0.1176125,0.0462217395829735,0.0069790708395046));
#2460=CARTESIAN_POINT('',(0.1216125,0.0462217395829736,0.0069790708395046));
#2461=CARTESIAN_POINT('',(0.1216125,-2.06434148879732E-05,0.0069790708395046));
#2462=CARTESIAN_POINT('',(0.1216125,-0.00816733765196511,0.0069790708395046));
#2463=CARTESIAN_POINT('',(0.1176125,-0.00816733765196515,0.0069790708395046));
#2464=CARTESIAN_POINT('',(0.1745125,-0.0302826170021386,0.0069790708395046));
#2465=CARTESIAN_POINT('',(0.1785125,-0.0302826170021385,0.0069790708395046));
#2466=CARTESIAN_POINT('',(0.1745125,-0.0262673376519652,0.0069790708395046));
#2467=CARTESIAN_POINT('',(0.1785125,-2.06434148879732E-05,0.0069790708395046));
#2468=CARTESIAN_POINT('',(0.1785125,-0.0466129810668531,0.0069790708395046));
#2469=CARTESIAN_POINT('',(0.1745125,-0.0466129810668531,0.0069790708395046));
#2470=CARTESIAN_POINT('',(0.1745125,-0.0506282604170265,0.0069790708395046));
#2471=CARTESIAN_POINT('',(0.00476250000000055,-0.0506282604170265,0.0069790708395046));
#2472=CARTESIAN_POINT('',(0.1205875,-0.0506282604170265,0.0069790708395046));
#2473=CARTESIAN_POINT('',(0.1205875,-0.0466129810668531,0.0069790708395046));
#2474=CARTESIAN_POINT('',(0.1165875,-0.0466129810668532,0.0069790708395046));
#2475=CARTESIAN_POINT('',(0.1165875,-0.0281,0.0069790708395046));
#2476=CARTESIAN_POINT('',(0.1165875,-0.0302826170021386,0.0069790708395046));
#2477=CARTESIAN_POINT('',(0.1205875,-0.0302826170021386,0.0069790708395046));
#2478=CARTESIAN_POINT('',(0.1205875,-0.0262673376519652,0.0069790708395046));
#2479=CARTESIAN_POINT('',(0.1376375,-0.0262673376519652,0.0069790708395046));
#2480=CARTESIAN_POINT('',(0.1356375,-0.0262673376519652,0.0069790708395046));
#2481=CARTESIAN_POINT('',(0.1356375,0.0484043565851121,0.0069790708395046));
#2482=CARTESIAN_POINT('',(0.1356375,0.0462217395829735,0.0069790708395046));
#2483=CARTESIAN_POINT('',(0.1396375,0.0462217395829735,0.0069790708395046));
#2484=CARTESIAN_POINT('',(0.1396375,0.0502370189331469,0.0069790708395046));
#2485=CARTESIAN_POINT('',(0.00476250000000055,0.0502370189331469,0.0069790708395046));
#2486=CARTESIAN_POINT('',(0.1745125,0.0502370189331469,0.0069790708395046));
#2487=CARTESIAN_POINT('',(0.1745125,0.0462217395829735,0.0069790708395046));
#2488=CARTESIAN_POINT('',(0.1785125,0.0462217395829735,0.0069790708395046));
#2489=CARTESIAN_POINT('',(0.1785125,-2.06434148879732E-05,0.0069790708395046));
#2490=CARTESIAN_POINT('',(0.1785125,-0.00816733765196512,0.0069790708395046));
#2491=CARTESIAN_POINT('',(0.1745125,-0.00816733765196515,0.0069790708395046));
#2492=CARTESIAN_POINT('',(0.1745125,-0.0121826170021385,0.0069790708395046));
#2493=CARTESIAN_POINT('',(0.1576375,-0.0121826170021385,0.0069790708395046));
#2494=CARTESIAN_POINT('',(0.1596375,-0.0121826170021385,0.0069790708395046));
#2495=CARTESIAN_POINT('',(0.1596375,-0.0281,0.0069790708395046));
#2496=CARTESIAN_POINT('',(0.1596375,-0.0262673376519652,0.0069790708395046));
#2497=CARTESIAN_POINT('',(0.00476250000000055,-0.0262673376519652,0.0069790708395046));
#2498=CARTESIAN_POINT('',(0.1765125,-2.06434148879593E-05,0.0069790708395046));
#2499=CARTESIAN_POINT('',(0.1765125,-0.00050000000000007,0.0015));
#2500=CARTESIAN_POINT('',(0.1765125,-0.0084717169100254,0.0015));
#2501=CARTESIAN_POINT('',(0.1765125,0.0459173603249133,0.0015));
#2502=CARTESIAN_POINT('',(0.1765125,-0.00793180617880636,0.00767120789665586));
#2503=CARTESIAN_POINT('',(0.1765125,-0.00816733765196512,0.0049790708395048));
#2504=CARTESIAN_POINT('',(0.1765125,-2.06434148879593E-05,0.0049790708395048));
#2505=CARTESIAN_POINT('',(0.1765125,0.0462217395829735,0.0049790708395048));
#2506=CARTESIAN_POINT('',(0.1765125,0.0459326106038165,0.00167431148549531));
#2507=CARTESIAN_POINT('',(0.00476250000000058,-0.048445643414888,0.0069790708395046));
#2508=CARTESIAN_POINT('',(0.0047625,-0.048925,0.0015));
#2509=CARTESIAN_POINT('',(0.1205875,-0.048925,0.0015));
#2510=CARTESIAN_POINT('',(0.1745125,-0.048925,0.0015));
#2511=CARTESIAN_POINT('',(0.1205875,-0.048445643414889,0.00697907083949295));
#2512=CARTESIAN_POINT('',(0.1205875,-0.048635871020843,0.00480475935400929));
#2513=CARTESIAN_POINT('',(0.00476250000000058,-0.048635871020843,0.00480475935400929));
#2514=CARTESIAN_POINT('',(0.1745125,-0.048635871020843,0.00480475935400929));
#2515=CARTESIAN_POINT('',(0.1745125,-0.048925,0.0015000000000002));
#2516=CARTESIAN_POINT('',(0.00476250000000058,0.0484043565851121,0.0069790708395046));
#2517=CARTESIAN_POINT('',(0.0047625,0.047925,0.0015));
#2518=CARTESIAN_POINT('',(0.1176125,0.047925,0.0015));
#2519=CARTESIAN_POINT('',(-0.1649875,0.047925,0.0015));
#2520=CARTESIAN_POINT('',(0.1176125,0.0484043565851121,0.0069790708395048));
#2521=CARTESIAN_POINT('',(0.1176125,0.0482446295369634,0.00515338232499991));
#2522=CARTESIAN_POINT('',(0.00476250000000058,0.0482446295369634,0.00515338232499991));
#2523=CARTESIAN_POINT('',(-0.1649875,0.0482446295369634,0.00515338232499991));
#2524=CARTESIAN_POINT('',(-0.1649875,0.047925,0.00149999999999979));
#2525=CARTESIAN_POINT('',(-0.167890762219104,-0.0496495929464711,0.00354219913108808));
#2526=CARTESIAN_POINT('',(-0.167890762219104,-0.0498282622191038,0.00150000000000002));
#2527=CARTESIAN_POINT('',(-0.166835868890449,-0.0521963307273676,0.00354219913108808));
#2528=CARTESIAN_POINT('',(-0.166835868890449,-0.0523750000000003,0.00150000000000002));
#2529=CARTESIAN_POINT('',(-0.167890762219104,-0.0547430685082641,0.00354219913108808));
#2530=CARTESIAN_POINT('',(-0.167890762219104,-0.0549217377808968,0.00150000000000002));
#2531=CARTESIAN_POINT('',(-0.1704375,-0.0557979618369194,0.00354219913108808));
#2532=CARTESIAN_POINT('',(-0.170437500000001,-0.0559766311095521,0.00150000000000002));
#2533=CARTESIAN_POINT('',(-0.172984237780897,-0.0547430685082641,0.00354219913108808));
#2534=CARTESIAN_POINT('',(-0.172984237780897,-0.0549217377808968,0.00150000000000002));
#2535=CARTESIAN_POINT('',(-0.174039131109552,-0.0521963307273676,0.00354219913108808));
#2536=CARTESIAN_POINT('',(-0.174039131109552,-0.0523750000000003,0.00150000000000002));
#2537=CARTESIAN_POINT('',(-0.172984237780897,-0.0496495929464711,0.00354219913108808));
#2538=CARTESIAN_POINT('',(-0.172984237780897,-0.0498282622191038,0.00150000000000002));
#2539=CARTESIAN_POINT('',(-0.1704375,-0.0485946996178158,0.00354219913108808));
#2540=CARTESIAN_POINT('',(-0.170437500000001,-0.0487733688904485,0.00150000000000002));
#2541=CARTESIAN_POINT('',(-0.167890762219104,-0.0496495929464711,0.00354219913108808));
#2542=CARTESIAN_POINT('',(-0.167890762219104,-0.0498282622191038,0.00150000000000002));
#2543=CARTESIAN_POINT('',(-0.166835868890449,-0.0521963307273676,0.00354219913108808));
#2544=CARTESIAN_POINT('',(-0.166835868890449,-0.0523750000000003,0.00150000000000002));
#2545=CARTESIAN_POINT('',(-0.167890762219104,-0.0547430685082641,0.00354219913108808));
#2546=CARTESIAN_POINT('',(-0.167890762219104,-0.0549217377808968,0.00150000000000002));
#2547=CARTESIAN_POINT('',(-0.1704375,-0.052375,0.0015));
#2548=CARTESIAN_POINT('',(-0.1671875,-0.052375,0.0015));
#2549=CARTESIAN_POINT('',(-0.1704375,-0.0521963307273676,0.00354219913108808));
#2550=CARTESIAN_POINT('',(-0.1671875,-0.0521963307273676,0.00354219913108808));
#2551=CARTESIAN_POINT('',(-0.167890762219104,0.0541004070535291,0.00354219913108808));
#2552=CARTESIAN_POINT('',(-0.167890762219104,0.0539217377808964,0.0015));
#2553=CARTESIAN_POINT('',(-0.166835868890449,0.0515536692726326,0.00354219913108808));
#2554=CARTESIAN_POINT('',(-0.166835868890449,0.0513749999999999,0.0015));
#2555=CARTESIAN_POINT('',(-0.167890762219104,0.0490069314917361,0.00354219913108808));
#2556=CARTESIAN_POINT('',(-0.167890762219104,0.0488282622191034,0.0015));
#2557=CARTESIAN_POINT('',(-0.1704375,0.0479520381630808,0.00354219913108808));
#2558=CARTESIAN_POINT('',(-0.170437500000001,0.0477733688904481,0.0015));
#2559=CARTESIAN_POINT('',(-0.172984237780897,0.0490069314917361,0.00354219913108808));
#2560=CARTESIAN_POINT('',(-0.172984237780897,0.0488282622191034,0.0015));
#2561=CARTESIAN_POINT('',(-0.174039131109552,0.0515536692726326,0.00354219913108808));
#2562=CARTESIAN_POINT('',(-0.174039131109552,0.0513749999999999,0.0015));
#2563=CARTESIAN_POINT('',(-0.172984237780897,0.0541004070535291,0.00354219913108808));
#2564=CARTESIAN_POINT('',(-0.172984237780897,0.0539217377808964,0.0015));
#2565=CARTESIAN_POINT('',(-0.1704375,0.0551553003821844,0.00354219913108808));
#2566=CARTESIAN_POINT('',(-0.170437500000001,0.0549766311095517,0.0015));
#2567=CARTESIAN_POINT('',(-0.167890762219104,0.0541004070535291,0.00354219913108808));
#2568=CARTESIAN_POINT('',(-0.167890762219104,0.0539217377808964,0.0015));
#2569=CARTESIAN_POINT('',(-0.166835868890449,0.0515536692726326,0.00354219913108808));
#2570=CARTESIAN_POINT('',(-0.166835868890449,0.0513749999999999,0.0015));
#2571=CARTESIAN_POINT('',(-0.167890762219104,0.0490069314917361,0.00354219913108808));
#2572=CARTESIAN_POINT('',(-0.167890762219104,0.0488282622191034,0.0015));
#2573=CARTESIAN_POINT('',(-0.1704375,0.051375,0.0015));
#2574=CARTESIAN_POINT('',(-0.1671875,0.051375,0.0015));
#2575=CARTESIAN_POINT('',(-0.1704375,0.0515536692726326,0.00354219913108808));
#2576=CARTESIAN_POINT('',(-0.1671875,0.0515536692726326,0.00354219913108808));
#2577=CARTESIAN_POINT('',(-0.0763699636722153,0.0546274556004178,0.00354219913108808));
#2578=CARTESIAN_POINT('',(-0.0763699636722155,0.0544487863277851,0.00149999999999999));
#2579=CARTESIAN_POINT('',(-0.0753556431638929,0.0521786692726327,0.00354219913108808));
#2580=CARTESIAN_POINT('',(-0.0753556431638931,0.052,0.00149999999999999));
#2581=CARTESIAN_POINT('',(-0.0763699636722153,0.0497298829448476,0.00354219913108808));
#2582=CARTESIAN_POINT('',(-0.0763699636722155,0.0495512136722149,0.00149999999999999));
#2583=CARTESIAN_POINT('',(-0.0788187500000004,0.0487155624365252,0.00354219913108808));
#2584=CARTESIAN_POINT('',(-0.0788187500000006,0.0485368931638925,0.00149999999999999));
#2585=CARTESIAN_POINT('',(-0.0812675363277854,0.0497298829448476,0.00354219913108808));
#2586=CARTESIAN_POINT('',(-0.0812675363277856,0.0495512136722149,0.00149999999999999));
#2587=CARTESIAN_POINT('',(-0.0822818568361078,0.0521786692726327,0.00354219913108808));
#2588=CARTESIAN_POINT('',(-0.082281856836108,0.052,0.00149999999999999));
#2589=CARTESIAN_POINT('',(-0.0812675363277854,0.0546274556004178,0.00354219913108808));
#2590=CARTESIAN_POINT('',(-0.0812675363277856,0.0544487863277851,0.00149999999999999));
#2591=CARTESIAN_POINT('',(-0.0788187500000004,0.0556417761087401,0.00354219913108808));
#2592=CARTESIAN_POINT('',(-0.0788187500000006,0.0554631068361075,0.00149999999999999));
#2593=CARTESIAN_POINT('',(-0.0763699636722153,0.0546274556004178,0.00354219913108808));
#2594=CARTESIAN_POINT('',(-0.0763699636722155,0.0544487863277851,0.00149999999999999));
#2595=CARTESIAN_POINT('',(-0.0753556431638929,0.0521786692726327,0.00354219913108808));
#2596=CARTESIAN_POINT('',(-0.0753556431638931,0.052,0.00149999999999999));
#2597=CARTESIAN_POINT('',(-0.0763699636722153,0.0497298829448476,0.00354219913108808));
#2598=CARTESIAN_POINT('',(-0.0763699636722155,0.0495512136722149,0.00149999999999999));
#2599=CARTESIAN_POINT('',(-0.07881875,0.052,0.0015));
#2600=CARTESIAN_POINT('',(-0.07569375,0.052,0.0015));
#2601=CARTESIAN_POINT('',(-0.07881875,0.0521786692726327,0.00354219913108808));
#2602=CARTESIAN_POINT('',(-0.07569375,0.0521786692726327,0.00354219913108808));
#2603=CARTESIAN_POINT('',(0.00721128632778529,0.0497298829448477,0.00354219913108807));
#2604=CARTESIAN_POINT('',(0.00721128632778508,0.049551213672215,0.00149999999999999));
#2605=CARTESIAN_POINT('',(0.00822560683610769,0.0521786692726328,0.00354219913108807));
#2606=CARTESIAN_POINT('',(0.00822560683610749,0.0520000000000001,0.00149999999999999));
#2607=CARTESIAN_POINT('',(0.0072112863277853,0.0546274556004179,0.00354219913108807));
#2608=CARTESIAN_POINT('',(0.0072112863277851,0.0544487863277852,0.00149999999999999));
#2609=CARTESIAN_POINT('',(0.00476250000000023,0.0556417761087402,0.00354219913108807));
#2610=CARTESIAN_POINT('',(0.00476250000000002,0.0554631068361075,0.00149999999999999));
#2611=CARTESIAN_POINT('',(0.00231371367221515,0.0546274556004179,0.00354219913108807));
#2612=CARTESIAN_POINT('',(0.00231371367221494,0.0544487863277852,0.00149999999999999));
#2613=CARTESIAN_POINT('',(0.00129939316389276,0.0521786692726328,0.00354219913108807));
#2614=CARTESIAN_POINT('',(0.00129939316389256,0.0520000000000001,0.00149999999999999));
#2615=CARTESIAN_POINT('',(0.00231371367221515,0.0497298829448477,0.00354219913108807));
#2616=CARTESIAN_POINT('',(0.00231371367221494,0.049551213672215,0.00149999999999999));
#2617=CARTESIAN_POINT('',(0.00476250000000024,0.0487155624365253,0.00354219913108807));
#2618=CARTESIAN_POINT('',(0.00476250000000003,0.0485368931638926,0.00149999999999999));
#2619=CARTESIAN_POINT('',(0.00721128632778529,0.0497298829448477,0.00354219913108807));
#2620=CARTESIAN_POINT('',(0.00721128632778508,0.049551213672215,0.00149999999999999));
#2621=CARTESIAN_POINT('',(0.00822560683610769,0.0521786692726328,0.00354219913108807));
#2622=CARTESIAN_POINT('',(0.00822560683610749,0.0520000000000001,0.00149999999999999));
#2623=CARTESIAN_POINT('',(0.0072112863277853,0.0546274556004179,0.00354219913108807));
#2624=CARTESIAN_POINT('',(0.0072112863277851,0.0544487863277852,0.00149999999999999));
#2625=CARTESIAN_POINT('',(0.0047625,0.052,0.0015));
#2626=CARTESIAN_POINT('',(0.0078875,0.052,0.0015));
#2627=CARTESIAN_POINT('',(0.00476250000000022,0.0521786692726327,0.00354219913108808));
#2628=CARTESIAN_POINT('',(0.00788750000000022,0.0521786692726327,0.00354219913108808));
#2629=CARTESIAN_POINT('',(0.0907925363277847,0.0497298829448476,0.00354219913108808));
#2630=CARTESIAN_POINT('',(0.0907925363277845,0.0495512136722149,0.00149999999999999));
#2631=CARTESIAN_POINT('',(0.0918068568361071,0.0521786692726327,0.00354219913108808));
#2632=CARTESIAN_POINT('',(0.0918068568361069,0.052,0.00149999999999999));
#2633=CARTESIAN_POINT('',(0.0907925363277847,0.0546274556004178,0.00354219913108808));
#2634=CARTESIAN_POINT('',(0.0907925363277845,0.0544487863277851,0.00149999999999999));
#2635=CARTESIAN_POINT('',(0.0883437499999997,0.0556417761087402,0.00354219913108808));
#2636=CARTESIAN_POINT('',(0.0883437499999994,0.0554631068361075,0.00149999999999999));
#2637=CARTESIAN_POINT('',(0.0858949636722146,0.0546274556004177,0.00354219913108808));
#2638=CARTESIAN_POINT('',(0.0858949636722144,0.0544487863277851,0.00149999999999999));
#2639=CARTESIAN_POINT('',(0.0848806431638922,0.0521786692726327,0.00354219913108808));
#2640=CARTESIAN_POINT('',(0.084880643163892,0.052,0.00149999999999999));
#2641=CARTESIAN_POINT('',(0.0858949636722146,0.0497298829448476,0.00354219913108808));
#2642=CARTESIAN_POINT('',(0.0858949636722144,0.0495512136722149,0.00149999999999999));
#2643=CARTESIAN_POINT('',(0.0883437499999997,0.0487155624365252,0.00354219913108808));
#2644=CARTESIAN_POINT('',(0.0883437499999994,0.0485368931638925,0.00149999999999999));
#2645=CARTESIAN_POINT('',(0.0907925363277847,0.0497298829448476,0.00354219913108808));
#2646=CARTESIAN_POINT('',(0.0907925363277845,0.0495512136722149,0.00149999999999999));
#2647=CARTESIAN_POINT('',(0.0918068568361071,0.0521786692726327,0.00354219913108808));
#2648=CARTESIAN_POINT('',(0.0918068568361069,0.052,0.00149999999999999));
#2649=CARTESIAN_POINT('',(0.0907925363277847,0.0546274556004178,0.00354219913108808));
#2650=CARTESIAN_POINT('',(0.0907925363277845,0.0544487863277851,0.00149999999999999));
#2651=CARTESIAN_POINT('',(0.08834375,0.052,0.0015));
#2652=CARTESIAN_POINT('',(0.09146875,0.052,0.0015));
#2653=CARTESIAN_POINT('',(0.08834375,0.0521786692726327,0.00354219913108808));
#2654=CARTESIAN_POINT('',(0.09146875,0.0521786692726327,0.00354219913108808));
#2655=CARTESIAN_POINT('',(0.182509237780896,0.0490069314917362,0.00354219913108808));
#2656=CARTESIAN_POINT('',(0.182509237780896,0.0488282622191035,0.00149999999999999));
#2657=CARTESIAN_POINT('',(0.183564131109551,0.0515536692726327,0.00354219913108808));
#2658=CARTESIAN_POINT('',(0.183564131109551,0.051375,0.00149999999999999));
#2659=CARTESIAN_POINT('',(0.182509237780896,0.0541004070535292,0.00354219913108808));
#2660=CARTESIAN_POINT('',(0.182509237780896,0.0539217377808965,0.00149999999999999));
#2661=CARTESIAN_POINT('',(0.1799625,0.0551553003821844,0.00354219913108808));
#2662=CARTESIAN_POINT('',(0.179962499999999,0.0549766311095518,0.00149999999999999));
#2663=CARTESIAN_POINT('',(0.177415762219103,0.0541004070535292,0.00354219913108808));
#2664=CARTESIAN_POINT('',(0.177415762219103,0.0539217377808965,0.00149999999999999));
#2665=CARTESIAN_POINT('',(0.176360868890448,0.0515536692726327,0.00354219913108808));
#2666=CARTESIAN_POINT('',(0.176360868890448,0.051375,0.00149999999999999));
#2667=CARTESIAN_POINT('',(0.177415762219103,0.0490069314917362,0.00354219913108808));
#2668=CARTESIAN_POINT('',(0.177415762219103,0.0488282622191035,0.00149999999999999));
#2669=CARTESIAN_POINT('',(0.1799625,0.0479520381630809,0.00354219913108808));
#2670=CARTESIAN_POINT('',(0.179962499999999,0.0477733688904482,0.00149999999999999));
#2671=CARTESIAN_POINT('',(0.182509237780896,0.0490069314917362,0.00354219913108808));
#2672=CARTESIAN_POINT('',(0.182509237780896,0.0488282622191035,0.00149999999999999));
#2673=CARTESIAN_POINT('',(0.183564131109551,0.0515536692726327,0.00354219913108808));
#2674=CARTESIAN_POINT('',(0.183564131109551,0.051375,0.00149999999999999));
#2675=CARTESIAN_POINT('',(0.182509237780896,0.0541004070535292,0.00354219913108808));
#2676=CARTESIAN_POINT('',(0.182509237780896,0.0539217377808965,0.00149999999999999));
#2677=CARTESIAN_POINT('',(0.1799625,0.051375,0.0015));
#2678=CARTESIAN_POINT('',(0.1832125,0.051375,0.0015));
#2679=CARTESIAN_POINT('',(0.1799625,0.0515536692726327,0.00354219913108808));
#2680=CARTESIAN_POINT('',(0.1832125,0.0515536692726327,0.00354219913108808));
#2681=CARTESIAN_POINT('',(0.182509237780896,-0.054743068508264,0.00354219913108808));
#2682=CARTESIAN_POINT('',(0.182509237780896,-0.0549217377808967,0.00150000000000001));
#2683=CARTESIAN_POINT('',(0.183564131109551,-0.0521963307273675,0.00354219913108808));
#2684=CARTESIAN_POINT('',(0.183564131109551,-0.0523750000000002,0.00150000000000001));
#2685=CARTESIAN_POINT('',(0.182509237780896,-0.049649592946471,0.00354219913108808));
#2686=CARTESIAN_POINT('',(0.182509237780896,-0.0498282622191037,0.00150000000000001));
#2687=CARTESIAN_POINT('',(0.1799625,-0.0485946996178157,0.00354219913108808));
#2688=CARTESIAN_POINT('',(0.179962499999999,-0.0487733688904484,0.00150000000000001));
#2689=CARTESIAN_POINT('',(0.177415762219103,-0.049649592946471,0.00354219913108808));
#2690=CARTESIAN_POINT('',(0.177415762219103,-0.0498282622191037,0.00150000000000001));
#2691=CARTESIAN_POINT('',(0.176360868890448,-0.0521963307273675,0.00354219913108808));
#2692=CARTESIAN_POINT('',(0.176360868890448,-0.0523750000000002,0.00150000000000001));
#2693=CARTESIAN_POINT('',(0.177415762219103,-0.054743068508264,0.00354219913108808));
#2694=CARTESIAN_POINT('',(0.177415762219103,-0.0549217377808967,0.00150000000000001));
#2695=CARTESIAN_POINT('',(0.1799625,-0.0557979618369193,0.00354219913108808));
#2696=CARTESIAN_POINT('',(0.179962499999999,-0.055976631109552,0.00150000000000001));
#2697=CARTESIAN_POINT('',(0.182509237780896,-0.054743068508264,0.00354219913108808));
#2698=CARTESIAN_POINT('',(0.182509237780896,-0.0549217377808967,0.00150000000000001));
#2699=CARTESIAN_POINT('',(0.183564131109551,-0.0521963307273675,0.00354219913108808));
#2700=CARTESIAN_POINT('',(0.183564131109551,-0.0523750000000002,0.00150000000000001));
#2701=CARTESIAN_POINT('',(0.182509237780896,-0.049649592946471,0.00354219913108808));
#2702=CARTESIAN_POINT('',(0.182509237780896,-0.0498282622191037,0.00150000000000001));
#2703=CARTESIAN_POINT('',(0.1799625,-0.052375,0.0015));
#2704=CARTESIAN_POINT('',(0.1832125,-0.052375,0.0015));
#2705=CARTESIAN_POINT('',(0.1799625,-0.0521963307273675,0.00354219913108808));
#2706=CARTESIAN_POINT('',(0.1832125,-0.0521963307273675,0.00354219913108808));
#2707=CARTESIAN_POINT('',(0.0907925363277847,-0.0552701170551525,0.00354219913108807));
#2708=CARTESIAN_POINT('',(0.0907925363277845,-0.0554487863277852,0.0015));
#2709=CARTESIAN_POINT('',(0.0918068568361071,-0.0528213307273674,0.00354219913108807));
#2710=CARTESIAN_POINT('',(0.0918068568361069,-0.0530000000000001,0.0015));
#2711=CARTESIAN_POINT('',(0.0907925363277847,-0.0503725443995823,0.00354219913108807));
#2712=CARTESIAN_POINT('',(0.0907925363277845,-0.050551213672215,0.0015));
#2713=CARTESIAN_POINT('',(0.0883437499999997,-0.04935822389126,0.00354219913108807));
#2714=CARTESIAN_POINT('',(0.0883437499999994,-0.0495368931638926,0.0015));
#2715=CARTESIAN_POINT('',(0.0858949636722146,-0.0503725443995824,0.00354219913108807));
#2716=CARTESIAN_POINT('',(0.0858949636722144,-0.050551213672215,0.0015));
#2717=CARTESIAN_POINT('',(0.0848806431638922,-0.0528213307273674,0.00354219913108807));
#2718=CARTESIAN_POINT('',(0.084880643163892,-0.0530000000000001,0.0015));
#2719=CARTESIAN_POINT('',(0.0858949636722146,-0.0552701170551525,0.00354219913108807));
#2720=CARTESIAN_POINT('',(0.0858949636722144,-0.0554487863277852,0.0015));
#2721=CARTESIAN_POINT('',(0.0883437499999997,-0.0562844375634749,0.00354219913108807));
#2722=CARTESIAN_POINT('',(0.0883437499999994,-0.0564631068361076,0.0015));
#2723=CARTESIAN_POINT('',(0.0907925363277847,-0.0552701170551525,0.00354219913108807));
#2724=CARTESIAN_POINT('',(0.0907925363277845,-0.0554487863277852,0.0015));
#2725=CARTESIAN_POINT('',(0.0918068568361071,-0.0528213307273674,0.00354219913108807));
#2726=CARTESIAN_POINT('',(0.0918068568361069,-0.0530000000000001,0.0015));
#2727=CARTESIAN_POINT('',(0.0907925363277847,-0.0503725443995823,0.00354219913108807));
#2728=CARTESIAN_POINT('',(0.0907925363277845,-0.050551213672215,0.0015));
#2729=CARTESIAN_POINT('',(0.08834375,-0.053,0.0015));
#2730=CARTESIAN_POINT('',(0.09146875,-0.053,0.0015));
#2731=CARTESIAN_POINT('',(0.08834375,-0.0528213307273675,0.00354219913108808));
#2732=CARTESIAN_POINT('',(0.09146875,-0.0528213307273675,0.00354219913108808));
#2733=CARTESIAN_POINT('',(0.0072112863277853,-0.0552701170551525,0.00354219913108808));
#2734=CARTESIAN_POINT('',(0.00721128632778509,-0.0554487863277852,0.0015));
#2735=CARTESIAN_POINT('',(0.0082256068361077,-0.0528213307273674,0.00354219913108808));
#2736=CARTESIAN_POINT('',(0.0082256068361075,-0.0530000000000001,0.0015));
#2737=CARTESIAN_POINT('',(0.00721128632778531,-0.0503725443995823,0.00354219913108808));
#2738=CARTESIAN_POINT('',(0.00721128632778511,-0.050551213672215,0.0015));
#2739=CARTESIAN_POINT('',(0.00476250000000024,-0.04935822389126,0.00354219913108808));
#2740=CARTESIAN_POINT('',(0.00476250000000003,-0.0495368931638926,0.0015));
#2741=CARTESIAN_POINT('',(0.00231371367221516,-0.0503725443995824,0.00354219913108808));
#2742=CARTESIAN_POINT('',(0.00231371367221495,-0.050551213672215,0.0015));
#2743=CARTESIAN_POINT('',(0.00129939316389278,-0.0528213307273674,0.00354219913108808));
#2744=CARTESIAN_POINT('',(0.00129939316389257,-0.0530000000000001,0.0015));
#2745=CARTESIAN_POINT('',(0.00231371367221516,-0.0552701170551525,0.00354219913108808));
#2746=CARTESIAN_POINT('',(0.00231371367221495,-0.0554487863277852,0.0015));
#2747=CARTESIAN_POINT('',(0.00476250000000025,-0.0562844375634749,0.00354219913108808));
#2748=CARTESIAN_POINT('',(0.00476250000000004,-0.0564631068361076,0.0015));
#2749=CARTESIAN_POINT('',(0.0072112863277853,-0.0552701170551525,0.00354219913108808));
#2750=CARTESIAN_POINT('',(0.00721128632778509,-0.0554487863277852,0.0015));
#2751=CARTESIAN_POINT('',(0.0082256068361077,-0.0528213307273674,0.00354219913108808));
#2752=CARTESIAN_POINT('',(0.0082256068361075,-0.0530000000000001,0.0015));
#2753=CARTESIAN_POINT('',(0.00721128632778531,-0.0503725443995823,0.00354219913108808));
#2754=CARTESIAN_POINT('',(0.00721128632778511,-0.050551213672215,0.0015));
#2755=CARTESIAN_POINT('',(0.0047625,-0.053,0.0015));
#2756=CARTESIAN_POINT('',(0.0078875,-0.053,0.0015));
#2757=CARTESIAN_POINT('',(0.00476250000000024,-0.0528213307273674,0.00354219913108808));
#2758=CARTESIAN_POINT('',(0.00788750000000024,-0.0528213307273674,0.00354219913108808));
#2759=CARTESIAN_POINT('',(-0.0763699636722153,-0.0503725443995824,0.00354219913108808));
#2760=CARTESIAN_POINT('',(-0.0763699636722155,-0.0505512136722151,0.00150000000000001));
#2761=CARTESIAN_POINT('',(-0.0753556431638929,-0.0528213307273675,0.00354219913108808));
#2762=CARTESIAN_POINT('',(-0.0753556431638931,-0.0530000000000002,0.00150000000000001));
#2763=CARTESIAN_POINT('',(-0.0763699636722153,-0.0552701170551526,0.00354219913108808));
#2764=CARTESIAN_POINT('',(-0.0763699636722155,-0.0554487863277853,0.00150000000000001));
#2765=CARTESIAN_POINT('',(-0.0788187500000004,-0.056284437563475,0.00354219913108808));
#2766=CARTESIAN_POINT('',(-0.0788187500000006,-0.0564631068361077,0.00150000000000001));
#2767=CARTESIAN_POINT('',(-0.0812675363277854,-0.0552701170551526,0.00354219913108808));
#2768=CARTESIAN_POINT('',(-0.0812675363277856,-0.0554487863277853,0.00150000000000001));
#2769=CARTESIAN_POINT('',(-0.0822818568361078,-0.0528213307273675,0.00354219913108808));
#2770=CARTESIAN_POINT('',(-0.082281856836108,-0.0530000000000002,0.00150000000000001));
#2771=CARTESIAN_POINT('',(-0.0812675363277854,-0.0503725443995824,0.00354219913108808));
#2772=CARTESIAN_POINT('',(-0.0812675363277856,-0.0505512136722151,0.00150000000000001));
#2773=CARTESIAN_POINT('',(-0.0788187500000004,-0.0493582238912601,0.00354219913108808));
#2774=CARTESIAN_POINT('',(-0.0788187500000006,-0.0495368931638928,0.00150000000000001));
#2775=CARTESIAN_POINT('',(-0.0763699636722153,-0.0503725443995824,0.00354219913108808));
#2776=CARTESIAN_POINT('',(-0.0763699636722155,-0.0505512136722151,0.00150000000000001));
#2777=CARTESIAN_POINT('',(-0.0753556431638929,-0.0528213307273675,0.00354219913108808));
#2778=CARTESIAN_POINT('',(-0.0753556431638931,-0.0530000000000002,0.00150000000000001));
#2779=CARTESIAN_POINT('',(-0.0763699636722153,-0.0552701170551526,0.00354219913108808));
#2780=CARTESIAN_POINT('',(-0.0763699636722155,-0.0554487863277853,0.00150000000000001));
#2781=CARTESIAN_POINT('',(-0.07881875,-0.053,0.0015));
#2782=CARTESIAN_POINT('',(-0.07569375,-0.053,0.0015));
#2783=CARTESIAN_POINT('',(-0.07881875,-0.0528213307273675,0.00354219913108808));
#2784=CARTESIAN_POINT('',(-0.07569375,-0.0528213307273675,0.00354219913108808));
#2785=CARTESIAN_POINT('',(0.00476250000000052,0.0621043565851121,0.0069790708395046));
#2786=CARTESIAN_POINT('',(0.0047625,0.061625,0.0015));
#2787=CARTESIAN_POINT('',(0.1882125,0.061625,0.0015));
#2788=CARTESIAN_POINT('',(-0.1786875,0.061625,0.0015));
#2789=CARTESIAN_POINT('',(-0.1786875,0.0621043565851136,0.00697907083952282));
#2790=CARTESIAN_POINT('',(-0.1786875,0.061914128979157,0.00480475935400929));
#2791=CARTESIAN_POINT('',(0.1902125,0.061914128979157,0.00480475935400929));
#2792=CARTESIAN_POINT('',(0.1882125,0.061914128979157,0.00480475935400929));
#2793=CARTESIAN_POINT('',(0.1882125,0.0621043565851105,0.00697907083948638));
#2794=CARTESIAN_POINT('',(-0.1806875,-2.06434148880044E-05,0.0069790708395046));
#2795=CARTESIAN_POINT('',(-0.1806875,-0.000500000000000115,0.0015));
#2796=CARTESIAN_POINT('',(-0.1806875,0.0596173603249132,0.0015));
#2797=CARTESIAN_POINT('',(-0.1806875,-0.0606173603249134,0.0015));
#2798=CARTESIAN_POINT('',(-0.1806875,-0.0596813448466463,0.0121987058727882));
#2799=CARTESIAN_POINT('',(-0.1806875,-0.0603129810668532,0.0049790708395048));
#2800=CARTESIAN_POINT('',(-0.1806875,0.062104356585112,0.0049790708395048));
#2801=CARTESIAN_POINT('',(-0.1806875,0.0599217395829735,0.0049790708395048));
#2802=CARTESIAN_POINT('',(-0.1806875,0.0596400580168703,0.00175943580622099));
#2803=CARTESIAN_POINT('',(0.00476250000000058,-0.062145643414888,0.0069790708395046));
#2804=CARTESIAN_POINT('',(-0.1806875,-0.0623053704630367,0.00515338232499991));
#2805=CARTESIAN_POINT('',(0.1882125,-0.0623053704630366,0.00515338232499991));
#2806=CARTESIAN_POINT('',(-0.1786875,-0.0623053704630367,0.00515338232499991));
#2807=CARTESIAN_POINT('',(-0.1786875,-0.0621456434148864,0.00697907083952282));
#2808=CARTESIAN_POINT('',(-0.1786875,-0.062625,0.0015));
#2809=CARTESIAN_POINT('',(0.0047625,-0.062625,0.0015));
#2810=CARTESIAN_POINT('',(0.1882125,-0.062625,0.0015));
#2811=CARTESIAN_POINT('',(0.1882125,-0.0621456434148896,0.00697907083948638));
#2812=CARTESIAN_POINT('',(0.1765125,-2.06434148879593E-05,0.0069790708395046));
#2813=CARTESIAN_POINT('',(0.1765125,-2.06434148879593E-05,0.0049790708395048));
#2814=CARTESIAN_POINT('',(0.1765125,-0.0466129810668531,0.0049790708395048));
#2815=CARTESIAN_POINT('',(0.1765125,-0.0302826170021385,0.0049790708395048));
#2816=CARTESIAN_POINT('',(0.1765125,-0.0305717459812956,0.00167431148549531));
#2817=CARTESIAN_POINT('',(0.1765125,-0.0305869962601988,0.0015));
#2818=CARTESIAN_POINT('',(0.1765125,-0.00050000000000007,0.0015));
#2819=CARTESIAN_POINT('',(0.1765125,-0.0469173603249134,0.0015));
#2820=CARTESIAN_POINT('',(0.1765125,-0.0464532540187045,0.00680475935400929));
#2821=CARTESIAN_POINT('',(0.00476250000000058,-0.048445643414888,0.0069790708395046));
#2822=CARTESIAN_POINT('',(0.00476250000000058,-0.048635871020843,0.00480475935400929));
#2823=CARTESIAN_POINT('',(-0.1649875,-0.048635871020843,0.00480475935400929));
#2824=CARTESIAN_POINT('',(0.0938187449999998,-0.048635871020843,0.00480475935400929));
#2825=CARTESIAN_POINT('',(0.0938187449999994,-0.048925,0.0015000000000002));
#2826=CARTESIAN_POINT('',(0.0938187449999994,-0.048925,0.0015));
#2827=CARTESIAN_POINT('',(0.0047625,-0.048925,0.0015));
#2828=CARTESIAN_POINT('',(-0.1649875,-0.048925,0.0015));
#2829=CARTESIAN_POINT('',(-0.1649875,-0.048445643414888,0.00697907083950439));
#2830=CARTESIAN_POINT('',(-0.1669875,-2.06434148879593E-05,0.0069790708395046));
#2831=CARTESIAN_POINT('',(-0.1669875,-2.06434148879593E-05,0.0049790708395044));
#2832=CARTESIAN_POINT('',(-0.1669875,0.0462217395829735,0.0049790708395044));
#2833=CARTESIAN_POINT('',(-0.1669875,-0.0466129810668532,0.0049790708395044));
#2834=CARTESIAN_POINT('',(-0.1669875,-0.0469326106038166,0.00132568851450468));
#2835=CARTESIAN_POINT('',(-0.1669875,-0.0469173603249134,0.0015));
#2836=CARTESIAN_POINT('',(-0.1669875,-0.00050000000000007,0.0015));
#2837=CARTESIAN_POINT('',(-0.1669875,0.0459173603249132,0.0015));
#2838=CARTESIAN_POINT('',(-0.1669875,0.0464119671889285,0.00715338232499991));
#2839=CARTESIAN_POINT('',(0.1902125,-2.06434148879558E-05,0.0069790708395046));
#2840=CARTESIAN_POINT('',(0.1902125,-0.062145643414888,0.0049790708395044));
#2841=CARTESIAN_POINT('',(0.1902125,0.0599217395829735,0.0049790708395044));
#2842=CARTESIAN_POINT('',(0.1902125,-0.0603129810668531,0.0049790708395044));
#2843=CARTESIAN_POINT('',(0.1902125,-0.0596813448466462,0.0121987058727882));
#2844=CARTESIAN_POINT('',(0.1902125,-0.0606173603249134,0.0015));
#2845=CARTESIAN_POINT('',(0.1902125,-0.000500000000000066,0.0015));
#2846=CARTESIAN_POINT('',(0.1902125,0.0596173603249133,0.0015));
#2847=CARTESIAN_POINT('',(0.1902125,0.0596400580168703,0.001759435806221));
#2848=CARTESIAN_POINT('',(0.00476250000000058,0.0484043565851121,0.0069790708395046));
#2849=CARTESIAN_POINT('',(0.00476250000000058,0.0482446295369634,0.00515338232499991));
#2850=CARTESIAN_POINT('',(0.1745125,0.0482446295369634,0.00515338232499991));
#2851=CARTESIAN_POINT('',(0.1396375,0.0482446295369634,0.00515338232499991));
#2852=CARTESIAN_POINT('',(0.1396375,0.0484043565851109,0.00697907083949104));
#2853=CARTESIAN_POINT('',(0.1396375,0.047925,0.0015));
#2854=CARTESIAN_POINT('',(0.0047625,0.047925,0.0015));
#2855=CARTESIAN_POINT('',(0.1745125,0.047925,0.0015));
#2856=CARTESIAN_POINT('',(0.1745125,0.0484043565851121,0.0069790708395048));
#2857=CARTESIAN_POINT('',(0.0047625,-0.000500000000000084,0.0015));
#2858=CARTESIAN_POINT('',(0.1576375,-0.0195293565851121,0.0015));
#2859=CARTESIAN_POINT('',(0.1576375,-0.0265717169100254,0.0015));
#2860=CARTESIAN_POINT('',(0.1576375,-0.0124869962601988,0.0015));
#2861=CARTESIAN_POINT('',(0.1596375,-0.0124869962601988,0.0015));
#2862=CARTESIAN_POINT('',(0.1596375,-0.0104793565851121,0.0015));
#2863=CARTESIAN_POINT('',(0.167075,-0.0104793565851121,0.0015));
#2864=CARTESIAN_POINT('',(0.1745125,-0.0104793565851121,0.0015));
#2865=CARTESIAN_POINT('',(0.1745125,-0.00847171691002542,0.0015));
#2866=CARTESIAN_POINT('',(0.1745125,0.0459173603249132,0.0015));
#2867=CARTESIAN_POINT('',(0.1396375,0.0459173603249133,0.0015));
#2868=CARTESIAN_POINT('',(0.1376375,0.0459173603249132,0.0015));
#2869=CARTESIAN_POINT('',(0.1376375,0.00967282170744392,0.0015));
#2870=CARTESIAN_POINT('',(0.1376375,-0.0265717169100254,0.0015));
#2871=CARTESIAN_POINT('',(0.1356375,-0.0265717169100254,0.0015));
#2872=CARTESIAN_POINT('',(0.1356375,-0.0285793565851121,0.0015));
#2873=CARTESIAN_POINT('',(0.1281125,-0.0285793565851121,0.0015));
#2874=CARTESIAN_POINT('',(0.1205875,-0.0285793565851121,0.0015));
#2875=CARTESIAN_POINT('',(0.1205875,-0.0305869962601988,0.0015));
#2876=CARTESIAN_POINT('',(0.1185875,-0.0305869962601988,0.0015));
#2877=CARTESIAN_POINT('',(0.1185875,-0.0389918565851122,0.0015));
#2878=CARTESIAN_POINT('',(0.1185875,-0.0469173603249134,0.0015));
#2879=CARTESIAN_POINT('',(0.1205875,-0.0469173603249134,0.0015));
#2880=CARTESIAN_POINT('',(0.1745125,-0.0469173603249134,0.0015));
#2881=CARTESIAN_POINT('',(0.1745125,-0.0305869962601988,0.0015));
#2882=CARTESIAN_POINT('',(0.1745125,-0.0285793565851121,0.0015));
#2883=CARTESIAN_POINT('',(0.167075,-0.0285793565851121,0.0015));
#2884=CARTESIAN_POINT('',(0.1596375,-0.0285793565851121,0.0015));
#2885=CARTESIAN_POINT('',(0.1596375,-0.0265717169100254,0.0015));
#2886=CARTESIAN_POINT('',(0.0958187449999994,-0.0394668565851122,0.0015));
#2887=CARTESIAN_POINT('',(0.0958187449999994,-0.0315369962601988,0.0015));
#2888=CARTESIAN_POINT('',(0.0958187449999994,-0.0469173603249134,0.0015));
#2889=CARTESIAN_POINT('',(0.0978187449999994,-0.0315369962601988,0.0015));
#2890=CARTESIAN_POINT('',(0.0978187449999995,-0.0295293565851121,0.0015));
#2891=CARTESIAN_POINT('',(0.0981937474999994,-0.0295293565851121,0.0015));
#2892=CARTESIAN_POINT('',(0.09856875,-0.0295293565851121,0.0015));
#2893=CARTESIAN_POINT('',(0.09856875,-0.0275217169100254,0.0015));
#2894=CARTESIAN_POINT('',(0.100568749999999,-0.0275217169100254,0.0015));
#2895=CARTESIAN_POINT('',(0.100568749999999,-0.0200043565851121,0.0015));
#2896=CARTESIAN_POINT('',(0.100568749999999,-0.0124869962601988,0.0015));
#2897=CARTESIAN_POINT('',(0.102568749999999,-0.0124869962601988,0.0015));
#2898=CARTESIAN_POINT('',(0.102568749999999,-0.0104793565851121,0.0015));
#2899=CARTESIAN_POINT('',(0.110090624999999,-0.0104793565851121,0.0015));
#2900=CARTESIAN_POINT('',(0.1176125,-0.0104793565851121,0.0015));
#2901=CARTESIAN_POINT('',(0.1176125,-0.00847171691002542,0.0015));
#2902=CARTESIAN_POINT('',(0.1196125,-0.0084717169100254,0.0015));
#2903=CARTESIAN_POINT('',(0.1196125,0.0187228217074439,0.0015));
#2904=CARTESIAN_POINT('',(0.1196125,0.0459173603249133,0.0015));
#2905=CARTESIAN_POINT('',(0.1176125,0.0459173603249133,0.0015));
#2906=CARTESIAN_POINT('',(-0.1649875,0.0459173603249133,0.0015));
#2907=CARTESIAN_POINT('',(-0.1649875,-0.0469173603249134,0.0015));
#2908=CARTESIAN_POINT('',(0.0938187449999994,-0.0469173603249134,0.0015));
#2909=CARTESIAN_POINT('',(-0.1786875,-0.0606173603249134,0.0015));
#2910=CARTESIAN_POINT('',(-0.1786875,0.0596173603249132,0.0015));
#2911=CARTESIAN_POINT('',(0.1882125,0.0596173603249132,0.0015));
#2912=CARTESIAN_POINT('',(0.1882125,-0.0606173603249134,0.0015));
#2913=CARTESIAN_POINT('',(0.00476250000000021,-0.000321330727367388,0.00354219913108808));
#2914=CARTESIAN_POINT('',(0.00476250000000021,-0.000321330727367388,0.00354219913108808));
#2915=CARTESIAN_POINT('',(0.00476250000000021,-0.000321330727367388,0.00354219913108808));
#2916=CARTESIAN_POINT('',(0.00476250000000021,-0.000321330727367388,0.00354219913108808));
#2917=CARTESIAN_POINT('',(0.00476250000000021,-0.000321330727367388,0.00354219913108808));
#2918=CARTESIAN_POINT('',(0.00476250000000021,-0.000321330727367388,0.00354219913108808));
#2919=CARTESIAN_POINT('',(0.00476250000000021,-0.000321330727367388,0.00354219913108808));
#2920=CARTESIAN_POINT('',(0.00476250000000021,-0.000321330727367388,0.00354219913108808));
#2921=CARTESIAN_POINT('',(0.00476250000000021,-0.000321330727367388,0.00354219913108808));
#2922=CARTESIAN_POINT('',(0.00476250000000021,-0.000321330727367388,0.00354219913108808));
#2923=CARTESIAN_POINT('',(0.1376375,0.00967282170744392,0.0015));
#2924=CARTESIAN_POINT('',(0.1376375,0.0456420423335957,-0.00164689904065105));
#2925=CARTESIAN_POINT('',(0.1376375,0.0462217395829735,0.0049790708395044));
#2926=CARTESIAN_POINT('',(0.1376375,-0.0281,0.0049790708395044));
#2927=CARTESIAN_POINT('',(0.1376375,-0.0262673376519652,0.0049790708395044));
#2928=CARTESIAN_POINT('',(0.1376375,-0.0262963989187079,0.00464689904065106));
#2929=CARTESIAN_POINT('',(0.1196125,0.0187228217074439,0.0015));
#2930=CARTESIAN_POINT('',(0.1196125,-0.00800761060381649,0.00680475935400928));
#2931=CARTESIAN_POINT('',(0.1196125,-0.00816733765196511,0.0049790708395048));
#2932=CARTESIAN_POINT('',(0.1196125,0.0187228217074439,0.0049790708395048));
#2933=CARTESIAN_POINT('',(0.1196125,0.0462217395829736,0.0049790708395048));
#2934=CARTESIAN_POINT('',(0.1196125,0.0459326106038165,0.00167431148549531));
#2935=CARTESIAN_POINT('',(0.110090624999999,-0.0104793565851121,0.0015));
#2936=CARTESIAN_POINT('',(0.102568749999999,-0.010479356585112,0.00150000000000076));
#2937=CARTESIAN_POINT('',(0.10256875,-0.010190227605955,0.00480475935400929));
#2938=CARTESIAN_POINT('',(0.110090624999999,-0.010190227605955,0.00480475935400929));
#2939=CARTESIAN_POINT('',(0.1176125,-0.010190227605955,0.00480475935400929));
#2940=CARTESIAN_POINT('',(0.1176125,-0.0104793565851121,0.0015000000000002));
#2941=CARTESIAN_POINT('',(0.100568749999999,-0.0200043565851121,0.0015));
#2942=CARTESIAN_POINT('',(0.10056875,-0.0270576106038165,0.00680475935400929));
#2943=CARTESIAN_POINT('',(0.10056875,-0.0272173376519651,0.0049790708395048));
#2944=CARTESIAN_POINT('',(0.10056875,-0.0200043565851121,0.0049790708395048));
#2945=CARTESIAN_POINT('',(0.10056875,-0.0121826170021385,0.0049790708395048));
#2946=CARTESIAN_POINT('',(0.100568749999999,-0.012544099057575,0.000847312039356574));
#2947=CARTESIAN_POINT('',(0.0981937474999994,-0.0295293565851121,0.0015));
#2948=CARTESIAN_POINT('',(0.0978187449999995,-0.0295293565851121,0.00150000000000003));
#2949=CARTESIAN_POINT('',(0.0978187449999998,-0.0292402276059551,0.00480475935400929));
#2950=CARTESIAN_POINT('',(0.0981937474999994,-0.0292402276059551,0.00480475935400929));
#2951=CARTESIAN_POINT('',(0.09856875,-0.0292402276059551,0.00480475935400929));
#2952=CARTESIAN_POINT('',(0.09856875,-0.0295293565851121,0.0015000000000002));
#2953=CARTESIAN_POINT('',(0.0958187449999994,-0.0394668565851122,0.0015));
#2954=CARTESIAN_POINT('',(0.095818745,-0.0464532540187045,0.00680475935400929));
#2955=CARTESIAN_POINT('',(0.0958187449999998,-0.0466129810668531,0.0049790708395048));
#2956=CARTESIAN_POINT('',(0.0958187449999998,-0.0394668565851122,0.0049790708395048));
#2957=CARTESIAN_POINT('',(0.0958187449999998,-0.0312326170021386,0.0049790708395048));
#2958=CARTESIAN_POINT('',(0.0958187449999994,-0.0315972324585162,0.000811497102712766));
#2959=CARTESIAN_POINT('',(0.1185875,-0.0389918565851122,0.0015));
#2960=CARTESIAN_POINT('',(0.1185875,-0.048445643414888,0.0049790708395044));
#2961=CARTESIAN_POINT('',(0.1185875,-0.0302826170021386,0.0049790708395044));
#2962=CARTESIAN_POINT('',(0.1185875,-0.0466129810668532,0.0049790708395044));
#2963=CARTESIAN_POINT('',(0.1185875,-0.0468571572197545,0.00218812464075445));
#2964=CARTESIAN_POINT('',(0.1185875,-0.0300923893961835,0.00715338232499992));
#2965=CARTESIAN_POINT('',(0.1281125,-0.0285793565851121,0.0015));
#2966=CARTESIAN_POINT('',(0.1185875,-0.0282597270481487,0.00515338232499991));
#2967=CARTESIAN_POINT('',(0.1356375,-0.0282597270481487,0.00515338232499991));
#2968=CARTESIAN_POINT('',(0.1205875,-0.0282597270481487,0.00515338232499991));
#2969=CARTESIAN_POINT('',(0.1205875,-0.0285793565851121,0.0014999999999998));
#2970=CARTESIAN_POINT('',(0.1356375,-0.0285793565851121,0.00149999999999924));
#2971=CARTESIAN_POINT('',(0.1576375,-0.0195293565851121,0.0015));
#2972=CARTESIAN_POINT('',(0.1576375,-0.01,0.0049790708395048));
#2973=CARTESIAN_POINT('',(0.1576375,-0.0262673376519652,0.0049790708395048));
#2974=CARTESIAN_POINT('',(0.1576375,-0.0121826170021385,0.0049790708395048));
#2975=CARTESIAN_POINT('',(0.1576375,-0.0125404908989154,0.000888553481552469));
#2976=CARTESIAN_POINT('',(0.1576375,-0.0261076106038165,0.00680475935400929));
#2977=CARTESIAN_POINT('',(0.167075,-0.0285793565851121,0.0015));
#2978=CARTESIAN_POINT('',(0.1745125,-0.0281,0.0069790708395048));
#2979=CARTESIAN_POINT('',(0.1745125,-0.0282597270481487,0.00515338232499991));
#2980=CARTESIAN_POINT('',(0.167075,-0.0282597270481487,0.00515338232499991));
#2981=CARTESIAN_POINT('',(0.1596375,-0.0282597270481487,0.00515338232499991));
#2982=CARTESIAN_POINT('',(0.1596375,-0.0285793565851121,0.0014999999999998));
#2983=CARTESIAN_POINT('',(0.167075,-0.0104793565851121,0.0015));
#2984=CARTESIAN_POINT('',(0.1765125,-0.010190227605955,0.00480475935400929));
#2985=CARTESIAN_POINT('',(0.1596375,-0.010190227605955,0.00480475935400929));
#2986=CARTESIAN_POINT('',(0.1745125,-0.010190227605955,0.00480475935400929));
#2987=CARTESIAN_POINT('',(0.1745125,-0.0104793565851122,0.00149999999999926));
#2988=CARTESIAN_POINT('',(0.1596375,-0.010479356585112,0.00150000000000075));
#2989=CARTESIAN_POINT('',(0.1396375,0.0456420423335957,-0.00164689904065125));
#2990=CARTESIAN_POINT('',(0.1396375,0.0462217395829735,0.0049790708395046));
#2991=CARTESIAN_POINT('',(0.1356375,0.00967282170744392,0.0049790708395046));
#2992=CARTESIAN_POINT('',(0.1356375,-0.0262673376519652,0.0049790708395046));
#2993=CARTESIAN_POINT('',(0.1356375,0.0462217395829735,0.0049790708395046));
#2994=CARTESIAN_POINT('',(0.1356375,-0.0265869671889287,0.00132568851450393));
#2995=CARTESIAN_POINT('',(0.1356375,-0.0262673376519652,0.0049790708395046));
#2996=CARTESIAN_POINT('',(0.139637500000005,0.0502370189331469,0.0069790708395046));
#2997=CARTESIAN_POINT('',(0.139637500000003,0.048404356585112,0.0069790708395046));
#2998=CARTESIAN_POINT('',(0.139637500000003,0.0482446295369634,0.00515338232499992));
#2999=CARTESIAN_POINT('',(0.138590302426964,0.0502370189331469,0.0069790708395046));
#3000=CARTESIAN_POINT('',(0.139071925033318,0.0484043565850963,0.00697907083949115));
#3001=CARTESIAN_POINT('',(0.13911390121349,0.0482446295369639,0.00515338232499987));
#3002=CARTESIAN_POINT('',(0.136504244537025,0.0493669635728971,0.0069790708395046));
#3003=CARTESIAN_POINT('',(0.137940267089974,0.0478794257156877,0.00697907083951166));
#3004=CARTESIAN_POINT('',(0.138070872268512,0.0478062973328591,0.00511561144305592));
#3005=CARTESIAN_POINT('',(0.135637500000015,0.0472729372804297,0.0069790708395046));
#3006=CARTESIAN_POINT('',(0.137592380112134,0.0467453571705819,0.00697907083950404));
#3007=CARTESIAN_POINT('',(0.137637500000001,0.0467513309454608,0.00502470548063639));
#3008=CARTESIAN_POINT('',(0.1356375,0.0462217395829781,0.0069790708395046));
#3009=CARTESIAN_POINT('',(0.1376375,0.0462217395829759,0.0069790708395046));
#3010=CARTESIAN_POINT('',(0.1376375,0.0462217395829759,0.0049790708395046));
#3011=CARTESIAN_POINT('',(0.1396375,0.0502370189331469,0.0049790708395046));
#3012=CARTESIAN_POINT('',(0.1356375,-0.0262673376519652,0.0049790708395046));
#3013=CARTESIAN_POINT('',(0.1356375,-0.0262673376519652,0.0049790708395046));
#3014=CARTESIAN_POINT('',(0.1745125,0.0460441249087367,0.00294892582323964));
#3015=CARTESIAN_POINT('',(0.1745125,0.0462217395829735,0.0049790708395046));
#3016=CARTESIAN_POINT('',(0.00476250000000058,0.0502370189331469,0.0049790708395046));
#3017=CARTESIAN_POINT('',(0.1745125,0.0502370189331469,0.0049790708395046));
#3018=CARTESIAN_POINT('',(0.1281125,-0.0262673376519652,0.0049790708395046));
#3019=CARTESIAN_POINT('',(0.1205875,-0.0262673376519652,0.0049790708395046));
#3020=CARTESIAN_POINT('',(0.1205875,-0.0306508406171758,0.000770255660516667));
#3021=CARTESIAN_POINT('',(0.1205875,-0.0302826170021386,0.0049790708395046));
#3022=CARTESIAN_POINT('',(0.1785125,0.0462217395829689,0.0069790708395046));
#3023=CARTESIAN_POINT('',(0.1765125,0.0462217395829712,0.0069790708395046));
#3024=CARTESIAN_POINT('',(0.1765125,0.0462217395829712,0.0049790708395046));
#3025=CARTESIAN_POINT('',(0.178512499999985,0.0472729372804159,0.0069790708395046));
#3026=CARTESIAN_POINT('',(0.176557619887863,0.0467453571705838,0.00697907083948761));
#3027=CARTESIAN_POINT('',(0.176512500000001,0.0467513309454557,0.00502470548063726));
#3028=CARTESIAN_POINT('',(0.177645755462992,0.0493669635728892,0.0069790708395046));
#3029=CARTESIAN_POINT('',(0.176209732909993,0.0478794257156759,0.00697907083951902));
#3030=CARTESIAN_POINT('',(0.176079127731492,0.0478062973328553,0.00511561144305621));
#3031=CARTESIAN_POINT('',(0.175559697573029,0.0502370189331505,0.0069790708395046));
#3032=CARTESIAN_POINT('',(0.175078074966763,0.0484043565851082,0.00697907083949254));
#3033=CARTESIAN_POINT('',(0.175036098786515,0.0482446295369627,0.00515338232499848));
#3034=CARTESIAN_POINT('',(0.174512500000005,0.0502370189331469,0.0069790708395046));
#3035=CARTESIAN_POINT('',(0.174512500000003,0.048404356585112,0.0069790708395046));
#3036=CARTESIAN_POINT('',(0.174512500000002,0.0482446295369634,0.00515338232499991));
#3037=CARTESIAN_POINT('',(0.1785125,0.0462217395829735,0.0049790708395046));
#3038=CARTESIAN_POINT('',(0.120587500000005,-0.0262673376519652,0.0069790708395046));
#3039=CARTESIAN_POINT('',(0.120587500000003,-0.0281,0.0069790708395046));
#3040=CARTESIAN_POINT('',(0.120587500000003,-0.0282597270481487,0.00515338232499992));
#3041=CARTESIAN_POINT('',(0.119540302427,-0.0262673376519706,0.0069790708395046));
#3042=CARTESIAN_POINT('',(0.120021925033379,-0.0281000000000138,0.00697907083950557));
#3043=CARTESIAN_POINT('',(0.120063901213511,-0.0282597270481482,0.00515338232499892));
#3044=CARTESIAN_POINT('',(0.117454244537003,-0.0271373930122136,0.0069790708395046));
#3045=CARTESIAN_POINT('',(0.118890267089959,-0.0286249308694339,0.00697907083950428));
#3046=CARTESIAN_POINT('',(0.119020872268501,-0.0286980592522556,0.00511561144305574));
#3047=CARTESIAN_POINT('',(0.116587500000022,-0.0292314193046797,0.0069790708395046));
#3048=CARTESIAN_POINT('',(0.118542380112106,-0.0297589994145108,0.00697907083950425));
#3049=CARTESIAN_POINT('',(0.118587500000001,-0.0297530256396463,0.00502470548063771));
#3050=CARTESIAN_POINT('',(0.1165875,-0.0302826170021339,0.0069790708395046));
#3051=CARTESIAN_POINT('',(0.1185875,-0.0302826170021362,0.0069790708395046));
#3052=CARTESIAN_POINT('',(0.1185875,-0.0302826170021362,0.0049790708395046));
#3053=CARTESIAN_POINT('',(0.1165875,-0.0302826170021386,0.0049790708395046));
#3054=CARTESIAN_POINT('',(0.1745125,-0.00793180617880636,0.00767120789665607));
#3055=CARTESIAN_POINT('',(0.1745125,-0.00816733765196515,0.0049790708395046));
#3056=CARTESIAN_POINT('',(0.1785125,-2.06434148879593E-05,0.0049790708395046));
#3057=CARTESIAN_POINT('',(0.1785125,-0.00816733765196512,0.0049790708395046));
#3058=CARTESIAN_POINT('',(0.1165875,-0.0389918565851122,0.0049790708395046));
#3059=CARTESIAN_POINT('',(0.1165875,-0.0466129810668532,0.0049790708395046));
#3060=CARTESIAN_POINT('',(0.1205875,-0.0464532540187055,0.00680475935399764));
#3061=CARTESIAN_POINT('',(0.1205875,-0.0466129810668531,0.0049790708395046));
#3062=CARTESIAN_POINT('',(0.174512499999995,-0.0121826170021385,0.0069790708395046));
#3063=CARTESIAN_POINT('',(0.174512499999998,-0.01,0.0069790708395046));
#3064=CARTESIAN_POINT('',(0.174512499999998,-0.010190227605955,0.00480475935400929));
#3065=CARTESIAN_POINT('',(0.175559697573036,-0.0121826170021358,0.0069790708395046));
#3066=CARTESIAN_POINT('',(0.174986107076343,-0.00999999999999836,0.00697907083950378));
#3067=CARTESIAN_POINT('',(0.175036098786511,-0.0101902276059556,0.00480475935400949));
#3068=CARTESIAN_POINT('',(0.177645755462975,-0.0113125616418901,0.0069790708395046));
#3069=CARTESIAN_POINT('',(0.175929471436699,-0.00967109416250306,0.0069790708395126));
#3070=CARTESIAN_POINT('',(0.176079127731488,-0.00975189540184845,0.00484253023595385));
#3071=CARTESIAN_POINT('',(0.178512499999985,-0.00921853534942127,0.0069790708395046));
#3072=CARTESIAN_POINT('',(0.176466338716207,-0.00870304066848508,0.00697907083948976));
#3073=CARTESIAN_POINT('',(0.176512499999999,-0.00869692901445645,0.00493343619837148));
#3074=CARTESIAN_POINT('',(0.1785125,-0.00816733765196973,0.0069790708395046));
#3075=CARTESIAN_POINT('',(0.1765125,-0.00816733765196744,0.0069790708395046));
#3076=CARTESIAN_POINT('',(0.1765125,-0.00816733765196744,0.0049790708395046));
#3077=CARTESIAN_POINT('',(0.1745125,-0.0121826170021385,0.0049790708395046));
#3078=CARTESIAN_POINT('',(0.1165875,-0.0466129810668485,0.0069790708395046));
#3079=CARTESIAN_POINT('',(0.1185875,-0.0466129810668508,0.0069790708395046));
#3080=CARTESIAN_POINT('',(0.1185875,-0.0466129810668508,0.0049790708395046));
#3081=CARTESIAN_POINT('',(0.116587500000022,-0.0476641787643,0.0069790708395046));
#3082=CARTESIAN_POINT('',(0.11863366128378,-0.047148684083369,0.00697907083950469));
#3083=CARTESIAN_POINT('',(0.118587499999999,-0.0471425724293357,0.00493343619837145));
#3084=CARTESIAN_POINT('',(0.117454244536995,-0.0497582050567719,0.0069790708395046));
#3085=CARTESIAN_POINT('',(0.119170528563279,-0.0481167375773846,0.00697907083951019));
#3086=CARTESIAN_POINT('',(0.119020872268509,-0.0481975388167346,0.00484253023595366));
#3087=CARTESIAN_POINT('',(0.119540302426991,-0.0506282604170192,0.0069790708395046));
#3088=CARTESIAN_POINT('',(0.120113892923699,-0.0484456434148855,0.00697907083949321));
#3089=CARTESIAN_POINT('',(0.120063901213484,-0.0486358710208424,0.00480475935400987));
#3090=CARTESIAN_POINT('',(0.120587499999995,-0.0506282604170265,0.0069790708395046));
#3091=CARTESIAN_POINT('',(0.120587499999998,-0.0484456434148879,0.00697907083950461));
#3092=CARTESIAN_POINT('',(0.120587499999998,-0.048635871020843,0.00480475935400929));
#3093=CARTESIAN_POINT('',(0.1205875,-0.0506282604170265,0.0049790708395046));
#3094=CARTESIAN_POINT('',(0.1596375,-0.0124717459812955,0.00167431148549606));
#3095=CARTESIAN_POINT('',(0.1596375,-0.0121826170021385,0.0049790708395046));
#3096=CARTESIAN_POINT('',(0.167075,-0.0121826170021385,0.0049790708395046));
#3097=CARTESIAN_POINT('',(0.1596375,-0.0121826170021385,0.0049790708395046));
#3098=CARTESIAN_POINT('',(0.00476250000000058,-0.0506282604170265,0.0049790708395046));
#3099=CARTESIAN_POINT('',(0.1745125,-0.0506282604170265,0.0049790708395046));
#3100=CARTESIAN_POINT('',(0.1745125,-0.046453254018706,0.00680475935399243));
#3101=CARTESIAN_POINT('',(0.1745125,-0.0466129810668531,0.0049790708395046));
#3102=CARTESIAN_POINT('',(0.1596375,-0.0121826170021385,0.0049790708395046));
#3103=CARTESIAN_POINT('',(0.1596375,-0.0121826170021385,0.0049790708395046));
#3104=CARTESIAN_POINT('',(0.174512499999995,-0.0506282604170265,0.0069790708395046));
#3105=CARTESIAN_POINT('',(0.174512499999998,-0.0484456434148879,0.00697907083950461));
#3106=CARTESIAN_POINT('',(0.174512499999998,-0.048635871020843,0.00480475935400929));
#3107=CARTESIAN_POINT('',(0.175559697573036,-0.0506282604170156,0.0069790708395046));
#3108=CARTESIAN_POINT('',(0.174986107076339,-0.0484456434148807,0.00697907083949293));
#3109=CARTESIAN_POINT('',(0.175036098786525,-0.0486358710208435,0.00480475935401028));
#3110=CARTESIAN_POINT('',(0.177645755462975,-0.0497582050567771,0.0069790708395046));
#3111=CARTESIAN_POINT('',(0.175929471436679,-0.0481167375773956,0.00697907083951809));
#3112=CARTESIAN_POINT('',(0.17607912773148,-0.0481975388167387,0.00484253023595345));
#3113=CARTESIAN_POINT('',(0.178512499999985,-0.0476641787643192,0.0069790708395046));
#3114=CARTESIAN_POINT('',(0.176466338716251,-0.0471486840833682,0.00697907083948956));
#3115=CARTESIAN_POINT('',(0.176512499999999,-0.0471425724293399,0.00493343619837149));
#3116=CARTESIAN_POINT('',(0.1785125,-0.0466129810668577,0.0069790708395046));
#3117=CARTESIAN_POINT('',(0.1765125,-0.0466129810668554,0.0069790708395046));
#3118=CARTESIAN_POINT('',(0.1765125,-0.0466129810668554,0.0049790708395046));
#3119=CARTESIAN_POINT('',(0.1785125,-0.0466129810668531,0.0049790708395046));
#3120=CARTESIAN_POINT('',(0.1596375,-0.0265182222713089,0.00211144651844733));
#3121=CARTESIAN_POINT('',(0.1596375,-0.0262673376519652,0.0049790708395046));
#3122=CARTESIAN_POINT('',(0.1596375,-0.0195293565851121,0.0049790708395046));
#3123=CARTESIAN_POINT('',(0.1596375,-0.0262673376519652,0.0049790708395046));
#3124=CARTESIAN_POINT('',(0.1785125,-2.06434148879593E-05,0.0049790708395046));
#3125=CARTESIAN_POINT('',(0.1785125,-0.0302826170021385,0.0049790708395046));
#3126=CARTESIAN_POINT('',(0.1745125,-0.0305717459812956,0.00167431148549458));
#3127=CARTESIAN_POINT('',(0.1745125,-0.0302826170021386,0.0049790708395046));
#3128=CARTESIAN_POINT('',(0.1596375,-0.0262673376519652,0.0049790708395046));
#3129=CARTESIAN_POINT('',(0.1596375,-0.0262673376519652,0.0049790708395046));
#3130=CARTESIAN_POINT('',(0.1785125,-0.0302826170021431,0.0069790708395046));
#3131=CARTESIAN_POINT('',(0.1765125,-0.0302826170021408,0.0069790708395046));
#3132=CARTESIAN_POINT('',(0.1765125,-0.0302826170021408,0.0049790708395046));
#3133=CARTESIAN_POINT('',(0.178512499999985,-0.0292314193046934,0.0069790708395046));
#3134=CARTESIAN_POINT('',(0.176557619887872,-0.0297589994145254,0.00697907083949003));
#3135=CARTESIAN_POINT('',(0.176512500000001,-0.0297530256396577,0.00502470548063776));
#3136=CARTESIAN_POINT('',(0.177645755462991,-0.0271373930122206,0.0069790708395046));
#3137=CARTESIAN_POINT('',(0.176209732910003,-0.0286249308694365,0.00697907083951114));
#3138=CARTESIAN_POINT('',(0.176079127731491,-0.0286980592522562,0.00511561144305531));
#3139=CARTESIAN_POINT('',(0.175559697573031,-0.0262673376519688,0.0069790708395046));
#3140=CARTESIAN_POINT('',(0.175078074966733,-0.0281000000000049,0.00697907083950583));
#3141=CARTESIAN_POINT('',(0.175036098786516,-0.0282597270481492,0.0051533823249998));
#3142=CARTESIAN_POINT('',(0.174512500000005,-0.0262673376519652,0.0069790708395046));
#3143=CARTESIAN_POINT('',(0.174512500000003,-0.0281,0.0069790708395046));
#3144=CARTESIAN_POINT('',(0.174512500000002,-0.0282597270481487,0.00515338232499991));
#3145=CARTESIAN_POINT('',(0.1745125,-0.0262673376519652,0.0049790708395046));
#3146=CARTESIAN_POINT('',(0.00476250000000055,-0.0262673376519652,0.0049790708395046));
#3147=CARTESIAN_POINT('',(0.1176125,-0.00826514383632759,0.00386114103670842));
#3148=CARTESIAN_POINT('',(0.1176125,-0.00816733765196515,0.0049790708395046));
#3149=CARTESIAN_POINT('',(0.117612499999995,-0.0121826170021385,0.0069790708395046));
#3150=CARTESIAN_POINT('',(0.117612499999998,-0.01,0.0069790708395046));
#3151=CARTESIAN_POINT('',(0.117612499999998,-0.010190227605955,0.00480475935400929));
#3152=CARTESIAN_POINT('',(0.118659697572999,-0.0121826170021358,0.0069790708395046));
#3153=CARTESIAN_POINT('',(0.118086107076346,-0.00999999999999761,0.0069790708395034));
#3154=CARTESIAN_POINT('',(0.118136098786511,-0.0101902276059557,0.0048047593540095));
#3155=CARTESIAN_POINT('',(0.120745755462997,-0.011312561641891,0.0069790708395046));
#3156=CARTESIAN_POINT('',(0.119029471436693,-0.00967109416249937,0.00697907083950126));
#3157=CARTESIAN_POINT('',(0.119179127731488,-0.00975189540184939,0.00484253023595385));
#3158=CARTESIAN_POINT('',(0.121612499999978,-0.00921853534941952,0.0069790708395046));
#3159=CARTESIAN_POINT('',(0.119566338716219,-0.00870304066848688,0.00697907083951229));
#3160=CARTESIAN_POINT('',(0.119612499999999,-0.00869692901445422,0.00493343619837144));
#3161=CARTESIAN_POINT('',(0.1216125,-0.00816733765196978,0.0069790708395046));
#3162=CARTESIAN_POINT('',(0.1196125,-0.00816733765196747,0.0069790708395046));
#3163=CARTESIAN_POINT('',(0.1196125,-0.00816733765196747,0.0049790708395046));
#3164=CARTESIAN_POINT('',(0.1216125,-0.00816733765196511,0.0049790708395046));
#3165=CARTESIAN_POINT('',(0.1176125,-0.0121826170021385,0.0049790708395046));
#3166=CARTESIAN_POINT('',(0.102568749999999,-0.0124717459812955,0.00167431148549607));
#3167=CARTESIAN_POINT('',(0.10256875,-0.0121826170021385,0.0049790708395046));
#3168=CARTESIAN_POINT('',(0.00476250000000055,-0.0121826170021385,0.0049790708395046));
#3169=CARTESIAN_POINT('',(0.10256875,-0.0121826170021385,0.0049790708395046));
#3170=CARTESIAN_POINT('',(0.1216125,-2.06434148879732E-05,0.0049790708395046));
#3171=CARTESIAN_POINT('',(0.1216125,0.0462217395829736,0.0049790708395046));
#3172=CARTESIAN_POINT('',(0.1176125,0.0464119671889276,0.00715338232498857));
#3173=CARTESIAN_POINT('',(0.1176125,0.0462217395829735,0.0049790708395046));
#3174=CARTESIAN_POINT('',(0.10256875,-0.0121826170021385,0.0049790708395046));
#3175=CARTESIAN_POINT('',(0.10256875,-0.0121826170021385,0.0049790708395046));
#3176=CARTESIAN_POINT('',(0.1216125,0.0462217395829689,0.0069790708395046));
#3177=CARTESIAN_POINT('',(0.1196125,0.0462217395829712,0.0069790708395046));
#3178=CARTESIAN_POINT('',(0.1196125,0.0462217395829712,0.0049790708395046));
#3179=CARTESIAN_POINT('',(0.121612499999978,0.0472729372804204,0.0069790708395046));
#3180=CARTESIAN_POINT('',(0.119657619887871,0.0467453571706001,0.00697907083951402));
#3181=CARTESIAN_POINT('',(0.119612500000001,0.0467513309454707,0.00502470548063639));
#3182=CARTESIAN_POINT('',(0.120745755463005,0.0493669635728868,0.0069790708395046));
#3183=CARTESIAN_POINT('',(0.119309732910069,0.0478794257156676,0.00697907083950798));
#3184=CARTESIAN_POINT('',(0.119179127731502,0.0478062973328479,0.00511561144305573));
#3185=CARTESIAN_POINT('',(0.118659697573009,0.0502370189331505,0.0069790708395046));
#3186=CARTESIAN_POINT('',(0.118178074966607,0.0484043565851023,0.00697907083948875));
#3187=CARTESIAN_POINT('',(0.118136098786494,0.0482446295369628,0.00515338232500028));
#3188=CARTESIAN_POINT('',(0.117612500000005,0.0502370189331469,0.0069790708395046));
#3189=CARTESIAN_POINT('',(0.117612500000002,0.048404356585112,0.0069790708395046));
#3190=CARTESIAN_POINT('',(0.117612500000002,0.0482446295369634,0.00515338232499991));
#3191=CARTESIAN_POINT('',(0.1176125,0.0502370189331469,0.0049790708395046));
#3192=CARTESIAN_POINT('',(0.09856875,-0.0274646141126492,0.00215268796064363));
#3193=CARTESIAN_POINT('',(0.09856875,-0.0272173376519651,0.0049790708395046));
#3194=CARTESIAN_POINT('',(0.10256875,-2.06434148879732E-05,0.0049790708395046));
#3195=CARTESIAN_POINT('',(0.10256875,-0.0272173376519651,0.0049790708395046));
#3196=CARTESIAN_POINT('',(0.00476250000000058,0.0502370189331469,0.0049790708395046));
#3197=CARTESIAN_POINT('',(-0.1649875,0.0502370189331469,0.0049790708395046));
#3198=CARTESIAN_POINT('',(-0.1649875,0.04641196718893,0.00715338232501677));
#3199=CARTESIAN_POINT('',(-0.1649875,0.0462217395829735,0.0049790708395046));
#3200=CARTESIAN_POINT('',(0.0985687499999953,-0.0312326170021385,0.0069790708395046));
#3201=CARTESIAN_POINT('',(0.098568749999998,-0.02905,0.0069790708395046));
#3202=CARTESIAN_POINT('',(0.0985687499999978,-0.029240227605955,0.00480475935400929));
#3203=CARTESIAN_POINT('',(0.0996159475729994,-0.0312326170021331,0.0069790708395046));
#3204=CARTESIAN_POINT('',(0.099042357076349,-0.0290499999999939,0.00697907083951642));
#3205=CARTESIAN_POINT('',(0.099092348786489,-0.0292402276059556,0.00480475935400982));
#3206=CARTESIAN_POINT('',(0.101702005462997,-0.0303625616418924,0.0069790708395046));
#3207=CARTESIAN_POINT('',(0.0999857214366896,-0.0287210941625019,0.00697907083949918));
#3208=CARTESIAN_POINT('',(0.100135377731499,-0.0288018954018475,0.00484253023595369));
#3209=CARTESIAN_POINT('',(0.102568749999978,-0.0282685353494195,0.0069790708395046));
#3210=CARTESIAN_POINT('',(0.100522588716219,-0.0277530406684876,0.00697907083950376));
#3211=CARTESIAN_POINT('',(0.100568749999999,-0.0277469290144579,0.00493343619837145));
#3212=CARTESIAN_POINT('',(0.10256875,-0.0272173376519698,0.0069790708395046));
#3213=CARTESIAN_POINT('',(0.10056875,-0.0272173376519675,0.0069790708395046));
#3214=CARTESIAN_POINT('',(0.10056875,-0.0272173376519675,0.0049790708395046));
#3215=CARTESIAN_POINT('',(0.09856875,-0.0312326170021386,0.0049790708395046));
#3216=CARTESIAN_POINT('',(-0.164987499999995,0.0502370189331469,0.0069790708395046));
#3217=CARTESIAN_POINT('',(-0.164987499999998,0.048404356585112,0.0069790708395046));
#3218=CARTESIAN_POINT('',(-0.164987499999998,0.0482446295369634,0.00515338232499991));
#3219=CARTESIAN_POINT('',(-0.166034697573021,0.0502370189331469,0.0069790708395046));
#3220=CARTESIAN_POINT('',(-0.165553074966649,0.0484043565850974,0.00697907083948875));
#3221=CARTESIAN_POINT('',(-0.165511098786511,0.048244629536964,0.00515338232499986));
#3222=CARTESIAN_POINT('',(-0.168120755462982,0.049366963572897,0.0069790708395046));
#3223=CARTESIAN_POINT('',(-0.166684732910016,0.0478794257156885,0.00697907083953356));
#3224=CARTESIAN_POINT('',(-0.166554127731488,0.0478062973328585,0.00511561144305527));
#3225=CARTESIAN_POINT('',(-0.168987499999985,0.0472729372804296,0.0069790708395046));
#3226=CARTESIAN_POINT('',(-0.167032619887918,0.046745357170591,0.00697907083946182));
#3227=CARTESIAN_POINT('',(-0.166987499999999,0.0467513309454607,0.00502470548063776));
#3228=CARTESIAN_POINT('',(-0.1689875,0.0462217395829781,0.0069790708395046));
#3229=CARTESIAN_POINT('',(-0.1669875,0.0462217395829758,0.00697907083950463));
#3230=CARTESIAN_POINT('',(-0.1669875,0.0462217395829758,0.0049790708395046));
#3231=CARTESIAN_POINT('',(-0.1689875,0.0462217395829735,0.0049790708395046));
#3232=CARTESIAN_POINT('',(0.0978187449999995,-0.0315217459812956,0.00167431148549535));
#3233=CARTESIAN_POINT('',(0.0978187449999998,-0.0312326170021386,0.0049790708395046));
#3234=CARTESIAN_POINT('',(0.00476250000000055,-0.0312326170021386,0.0049790708395046));
#3235=CARTESIAN_POINT('',(0.0978187449999998,-0.0312326170021386,0.0049790708395046));
#3236=CARTESIAN_POINT('',(-0.1689875,-2.06434148879593E-05,0.0049790708395046));
#3237=CARTESIAN_POINT('',(-0.1689875,-0.0466129810668532,0.0049790708395046));
#3238=CARTESIAN_POINT('',(-0.1649875,-0.0460854117385126,0.0110092158557696));
#3239=CARTESIAN_POINT('',(-0.1649875,-0.0466129810668531,0.0049790708395046));
#3240=CARTESIAN_POINT('',(0.0978187449999998,-0.0312326170021386,0.0049790708395046));
#3241=CARTESIAN_POINT('',(0.0978187449999998,-0.0312326170021386,0.0049790708395046));
#3242=CARTESIAN_POINT('',(-0.1689875,-0.0466129810668485,0.0069790708395046));
#3243=CARTESIAN_POINT('',(-0.1669875,-0.0466129810668508,0.00697907083950463));
#3244=CARTESIAN_POINT('',(-0.1669875,-0.0466129810668508,0.0049790708395046));
#3245=CARTESIAN_POINT('',(-0.168987499999985,-0.0476641787643001,0.0069790708395046));
#3246=CARTESIAN_POINT('',(-0.166941338716186,-0.0471486840833371,0.00697907083946177));
#3247=CARTESIAN_POINT('',(-0.166987500000001,-0.0471425724293358,0.00493343619837281));
#3248=CARTESIAN_POINT('',(-0.168120755462991,-0.0497582050567719,0.0069790708395046));
#3249=CARTESIAN_POINT('',(-0.166404471436734,-0.0481167375774039,0.00697907083953249));
#3250=CARTESIAN_POINT('',(-0.166554127731492,-0.0481975388167344,0.00484253023595296));
#3251=CARTESIAN_POINT('',(-0.166034697573031,-0.0506282604170192,0.0069790708395046));
#3252=CARTESIAN_POINT('',(-0.165461107076304,-0.0484456434148909,0.00697907083949254));
#3253=CARTESIAN_POINT('',(-0.165511098786516,-0.0486358710208424,0.00480475935400987));
#3254=CARTESIAN_POINT('',(-0.164987500000005,-0.0506282604170265,0.0069790708395046));
#3255=CARTESIAN_POINT('',(-0.164987500000002,-0.0484456434148879,0.00697907083950461));
#3256=CARTESIAN_POINT('',(-0.164987500000003,-0.048635871020843,0.00480475935400928));
#3257=CARTESIAN_POINT('',(-0.1649875,-0.0506282604170265,0.0049790708395046));
#3258=CARTESIAN_POINT('',(0.0978187449999998,-2.06434148879732E-05,0.0049790708395046));
#3259=CARTESIAN_POINT('',(0.0978187449999998,-0.0466129810668531,0.0049790708395046));
#3260=CARTESIAN_POINT('',(0.00476250000000058,-0.0506282604170265,0.0049790708395046));
#3261=CARTESIAN_POINT('',(0.0938187449999998,-0.0506282604170265,0.0049790708395046));
#3262=CARTESIAN_POINT('',(0.0938187449999952,-0.0506282604170265,0.0069790708395046));
#3263=CARTESIAN_POINT('',(0.0938187449999977,-0.0484456434148879,0.00697907083950461));
#3264=CARTESIAN_POINT('',(0.0938187449999975,-0.048635871020843,0.00480475935400929));
#3265=CARTESIAN_POINT('',(0.0948659425729992,-0.0506282604170156,0.0069790708395046));
#3266=CARTESIAN_POINT('',(0.0942923520763159,-0.0484456434148903,0.00697907083949418));
#3267=CARTESIAN_POINT('',(0.0943423437864886,-0.0486358710208434,0.00480475935401209));
#3268=CARTESIAN_POINT('',(0.0969520004629968,-0.049758205056784,0.0069790708395046));
#3269=CARTESIAN_POINT('',(0.0952357164367121,-0.0481167375773774,0.00697907083951343));
#3270=CARTESIAN_POINT('',(0.0953853727314986,-0.048197538816733,0.00484253023595165));
#3271=CARTESIAN_POINT('',(0.0978187449999779,-0.0476641787643056,0.0069790708395046));
#3272=CARTESIAN_POINT('',(0.0957725837162102,-0.0471486840833926,0.00697907083949743));
#3273=CARTESIAN_POINT('',(0.0958187449999992,-0.0471425724293513,0.00493343619837327));
#3274=CARTESIAN_POINT('',(0.0978187449999998,-0.0466129810668577,0.0069790708395046));
#3275=CARTESIAN_POINT('',(0.0958187449999998,-0.0466129810668554,0.0069790708395046));
#3276=CARTESIAN_POINT('',(0.0958187449999998,-0.0466129810668554,0.0049790708395046));
#3277=CARTESIAN_POINT('',(0.0938187449999998,-0.0466129810668531,0.0049790708395046));
#3278=CARTESIAN_POINT('',(0.0938187449999995,-0.0468607653784141,0.00214688319855875));
#3279=CARTESIAN_POINT('',(0.1882125,-0.0596813448466462,0.0121987058727884));
#3280=CARTESIAN_POINT('',(0.1882125,-0.0603129810668531,0.0049790708395046));
#3281=CARTESIAN_POINT('',(0.00476250000000056,-0.0603129810668531,0.0049790708395046));
#3282=CARTESIAN_POINT('',(-0.1786875,-0.0603129810668532,0.0049790708395046));
#3283=CARTESIAN_POINT('',(0.1882125,-0.0603129810668531,0.0049790708395046));
#3284=CARTESIAN_POINT('',(-0.1786875,-0.0601532540187029,0.00680475935402751));
#3285=CARTESIAN_POINT('',(-0.1786875,-0.0603129810668532,0.0049790708395046));
#3286=CARTESIAN_POINT('',(0.1882125,-0.0603129810668531,0.0049790708395046));
#3287=CARTESIAN_POINT('',(0.1882125,-0.0603129810668531,0.0049790708395046));
#3288=CARTESIAN_POINT('',(-0.1786875,-0.0603129810668532,0.0049790708395046));
#3289=CARTESIAN_POINT('',(-0.1786875,-0.0603129810668532,0.0049790708395046));
#3290=CARTESIAN_POINT('',(0.1882125,0.060111967188927,0.00715338232498169));
#3291=CARTESIAN_POINT('',(0.1882125,0.0599217395829735,0.0049790708395046));
#3292=CARTESIAN_POINT('',(0.1882125,-2.06434148879732E-05,0.0049790708395046));
#3293=CARTESIAN_POINT('',(0.1882125,0.0599217395829735,0.0049790708395046));
#3294=CARTESIAN_POINT('',(-0.1786875,-2.06434148880552E-05,0.0049790708395046));
#3295=CARTESIAN_POINT('',(-0.1786875,0.0599217395829735,0.0049790708395046));
#3296=CARTESIAN_POINT('',(-0.1786875,0.0596400580168703,0.00175943580622079));
#3297=CARTESIAN_POINT('',(-0.1786875,0.0599217395829735,0.0049790708395046));
#3298=CARTESIAN_POINT('',(0.1882125,0.0599217395829735,0.0049790708395046));
#3299=CARTESIAN_POINT('',(0.1882125,0.0599217395829735,0.0049790708395046));
#3300=CARTESIAN_POINT('',(-0.1786875,0.0599217395829735,0.0049790708395046));
#3301=CARTESIAN_POINT('',(-0.1786875,0.0599217395829735,0.0049790708395046));
#3302=CARTESIAN_POINT('',(0.00476250000000055,0.0599217395829735,0.0049790708395046));
#3303=MECHANICAL_DESIGN_GEOMETRIC_PRESENTATION_REPRESENTATION('',(#1678),#3304);
#3304=(
GEOMETRIC_REPRESENTATION_CONTEXT(3)
GLOBAL_UNCERTAINTY_ASSIGNED_CONTEXT((#3305))
GLOBAL_UNIT_ASSIGNED_CONTEXT((#3308,#3307,#3306))
REPRESENTATION_CONTEXT('Top Case','TOP_LEVEL_ASSEMBLY_PART')
);
#3305=UNCERTAINTY_MEASURE_WITH_UNIT(LENGTH_MEASURE(2.E-05),#3308,'DISTANCE_ACCURACY_VALUE','Maximum Tolerance applied to model');
#3306=(
NAMED_UNIT(*)
SI_UNIT($,.STERADIAN.)
SOLID_ANGLE_UNIT()
);
#3307=(
NAMED_UNIT(*)
PLANE_ANGLE_UNIT()
SI_UNIT($,.RADIAN.)
);
#3308=(
LENGTH_UNIT()
NAMED_UNIT(*)
SI_UNIT($,.METRE.)
);
#3309=PRODUCT_DEFINITION_SHAPE('','',#3310);
#3310=PRODUCT_DEFINITION('','',#3312,#3311);
#3311=PRODUCT_DEFINITION_CONTEXT('',#3318,'design');
#3312=PRODUCT_DEFINITION_FORMATION_WITH_SPECIFIED_SOURCE('','',#3314,.NOT_KNOWN.);
#3313=PRODUCT_RELATED_PRODUCT_CATEGORY('','',(#3314));
#3314=PRODUCT('Top Case','Top Case','Top Case',(#3316));
#3315=PRODUCT_CATEGORY('','');
#3316=PRODUCT_CONTEXT('',#3318,'mechanical');
#3317=APPLICATION_PROTOCOL_DEFINITION('international standard','ap242_managed_model_based_3d_engineering',2020,#3318);
#3318=APPLICATION_CONTEXT('managed model based 3d engineering');
ENDSEC;
END-ISO-10303-21;
